lead_day,n_samples,mae_m3s,rmse_m3s,bias_m3s,nse,kge,correlation
1,2557,4.07099445338585,6.663402174310321,0.11965036486920086,0.9414515271415993,0.9605667591937774,0.9703022448435157
2,2556,6.747234503313975,10.901861367471971,0.2320276831417725,0.8433376914548105,0.9042716233362804,0.9188875735811096
3,2555,8.677074526452818,13.581617523844354,0.33606328408035163,0.7569490933702958,0.8514454653764928,0.8717803822453524
