scope,lead_day,forecast_metric,n_samples,mae_mm,rmse_mm,bias_mm,mean_observed_mm,mean_forecast_mm,event_accuracy_ge_1mm,pod_ge_1mm,far_ge_1mm,csi_ge_1mm,hit_ge_1mm,miss_ge_1mm,false_alarm_ge_1mm,correct_negative_ge_1mm,event_accuracy_ge_10mm,pod_ge_10mm,far_ge_10mm,csi_ge_10mm,hit_ge_10mm,miss_ge_10mm,false_alarm_ge_10mm,correct_negative_ge_10mm
overall,,rain_forecast_mean,59,10.146610169491526,14.850518357290632,9.556214689265538,7.220338983050849,16.776553672316382,0.9322033898305084,1.0,0.06779661016949153,0.9322033898305084,55,0,4,0,0.5084745762711864,0.9444444444444444,0.6222222222222222,0.3695652173913043,17,1,28,13
overall,,rain_forecast_p90,59,28.147457627118648,42.60407794597976,28.147457627118648,7.220338983050849,35.367796610169485,0.9322033898305084,1.0,0.06779661016949153,0.9322033898305084,55,0,4,0,0.3728813559322034,1.0,0.6727272727272727,0.32727272727272727,18,0,37,4
overall,,rain_forecast_max,59,47.427118644067804,78.13611114207553,47.427118644067804,7.220338983050849,54.64745762711864,0.9322033898305084,1.0,0.06779661016949153,0.9322033898305084,55,0,4,0,0.3559322033898305,1.0,0.6785714285714286,0.32142857142857145,18,0,38,3
lead_day,1.0,rain_forecast_mean,34,9.056372549019608,12.207687026993261,8.583823529411765,6.538235294117648,15.12205882352941,0.8823529411764706,1.0,0.11764705882352941,0.8823529411764706,30,0,4,0,0.5,1.0,0.6538461538461539,0.34615384615384615,9,0,17,8
lead_day,1.0,rain_forecast_p90,34,24.291176470588233,33.916413257231284,24.291176470588233,6.538235294117648,30.829411764705885,0.8823529411764706,1.0,0.11764705882352941,0.8823529411764706,30,0,4,0,0.35294117647058826,1.0,0.7096774193548387,0.2903225806451613,9,0,22,3
lead_day,1.0,rain_forecast_max,34,39.9470588235294,60.955403176999724,39.9470588235294,6.538235294117648,46.48529411764705,0.8823529411764706,1.0,0.11764705882352941,0.8823529411764706,30,0,4,0,0.35294117647058826,1.0,0.7096774193548387,0.2903225806451613,9,0,22,3
lead_day,2.0,rain_forecast_mean,25,11.629333333333337,17.826717776042422,10.878666666666668,8.148000000000001,19.026666666666667,1.0,1.0,0.0,1.0,25,0,0,0,0.52,0.8888888888888888,0.5789473684210527,0.4,8,1,11,5
lead_day,2.0,rain_forecast_p90,25,33.392,52.14608518383715,33.392,8.148000000000001,41.540000000000006,1.0,1.0,0.0,1.0,25,0,0,0,0.4,1.0,0.625,0.375,9,0,15,1
lead_day,2.0,rain_forecast_max,25,57.6,96.72244413785253,57.6,8.148000000000001,65.748,1.0,1.0,0.0,1.0,25,0,0,0,0.36,1.0,0.64,0.36,9,0,16,0
