{
  "type": "FeatureCollection",
  "features": [
    {
      "type": "Feature",
      "geometry": {
        "type": "Point",
        "coordinates": [
          96.877105410688,
          4.81572033808049
        ]
      },
      "properties": {
        "location_name": "GPM1",
        "slug": "gpm1",
        "date": "Minggu, 23 Agustus 2026",
        "date_iso": "2026-08-23",
        "relative": "Hari ini",
        "hour": "00:00",
        "rain_probability": 0,
        "risk_score": 27,
        "risk_class": "watch",
        "risk_label": "Perlu diperhatikan",
        "condition": "Berawan",
        "temp_c": 12.7,
        "humidity_pct": 98.0,
        "heat_index_c": 12.7,
        "wind_kmh": 2.7,
        "wind_dir": 0.0,
        "cloud_pct": 75.0
      }
    },
    {
      "type": "Feature",
      "geometry": {
        "type": "Point",
        "coordinates": [
          96.877105410688,
          4.81572033808049
        ]
      },
      "properties": {
        "location_name": "GPM1",
        "slug": "gpm1",
        "date": "Minggu, 23 Agustus 2026",
        "date_iso": "2026-08-23",
        "relative": "Hari ini",
        "hour": "01:00",
        "rain_probability": 16.7,
        "risk_score": 30,
        "risk_class": "watch",
        "risk_label": "Perlu diperhatikan",
        "condition": "Berawan",
        "temp_c": 12.1,
        "humidity_pct": 98.0,
        "heat_index_c": 12.1,
        "wind_kmh": 2.5,
        "wind_dir": 0.0,
        "cloud_pct": 75.0
      }
    },
    {
      "type": "Feature",
      "geometry": {
        "type": "Point",
        "coordinates": [
          96.877105410688,
          4.81572033808049
        ]
      },
      "properties": {
        "location_name": "GPM1",
        "slug": "gpm1",
        "date": "Minggu, 23 Agustus 2026",
        "date_iso": "2026-08-23",
        "relative": "Hari ini",
        "hour": "02:00",
        "rain_probability": 16.7,
        "risk_score": 29,
        "risk_class": "watch",
        "risk_label": "Perlu diperhatikan",
        "condition": "Berawan",
        "temp_c": 11.8,
        "humidity_pct": 97.0,
        "heat_index_c": 11.8,
        "wind_kmh": 2.9,
        "wind_dir": 0.0,
        "cloud_pct": 75.0
      }
    },
    {
      "type": "Feature",
      "geometry": {
        "type": "Point",
        "coordinates": [
          96.877105410688,
          4.81572033808049
        ]
      },
      "properties": {
        "location_name": "GPM1",
        "slug": "gpm1",
        "date": "Minggu, 23 Agustus 2026",
        "date_iso": "2026-08-23",
        "relative": "Hari ini",
        "hour": "03:00",
        "rain_probability": 16.7,
        "risk_score": 30,
        "risk_class": "watch",
        "risk_label": "Perlu diperhatikan",
        "condition": "Berawan",
        "temp_c": 11.6,
        "humidity_pct": 97.0,
        "heat_index_c": 11.6,
        "wind_kmh": 3.3,
        "wind_dir": 0.0,
        "cloud_pct": 75.0
      }
    },
    {
      "type": "Feature",
      "geometry": {
        "type": "Point",
        "coordinates": [
          96.877105410688,
          4.81572033808049
        ]
      },
      "properties": {
        "location_name": "GPM1",
        "slug": "gpm1",
        "date": "Minggu, 23 Agustus 2026",
        "date_iso": "2026-08-23",
        "relative": "Hari ini",
        "hour": "04:00",
        "rain_probability": 15.0,
        "risk_score": 29,
        "risk_class": "watch",
        "risk_label": "Perlu diperhatikan",
        "condition": "Berawan",
        "temp_c": 12.1,
        "humidity_pct": 97.0,
        "heat_index_c": 12.1,
        "wind_kmh": 4.0,
        "wind_dir": 0.0,
        "cloud_pct": 75.0
      }
    },
    {
      "type": "Feature",
      "geometry": {
        "type": "Point",
        "coordinates": [
          96.877105410688,
          4.81572033808049
        ]
      },
      "properties": {
        "location_name": "GPM1",
        "slug": "gpm1",
        "date": "Minggu, 23 Agustus 2026",
        "date_iso": "2026-08-23",
        "relative": "Hari ini",
        "hour": "05:00",
        "rain_probability": 0,
        "risk_score": 27,
        "risk_class": "watch",
        "risk_label": "Perlu diperhatikan",
        "condition": "Berawan",
        "temp_c": 12.3,
        "humidity_pct": 97.0,
        "heat_index_c": 12.3,
        "wind_kmh": 3.8,
        "wind_dir": 0.0,
        "cloud_pct": 75.0
      }
    },
    {
      "type": "Feature",
      "geometry": {
        "type": "Point",
        "coordinates": [
          96.877105410688,
          4.81572033808049
        ]
      },
      "properties": {
        "location_name": "GPM1",
        "slug": "gpm1",
        "date": "Minggu, 23 Agustus 2026",
        "date_iso": "2026-08-23",
        "relative": "Hari ini",
        "hour": "06:00",
        "rain_probability": 0,
        "risk_score": 24,
        "risk_class": "safe",
        "risk_label": "Aman",
        "condition": "Cerah Berawan",
        "temp_c": 12.1,
        "humidity_pct": 97.0,
        "heat_index_c": 12.1,
        "wind_kmh": 3.8,
        "wind_dir": 0.0,
        "cloud_pct": 45.0
      }
    },
    {
      "type": "Feature",
      "geometry": {
        "type": "Point",
        "coordinates": [
          96.877105410688,
          4.81572033808049
        ]
      },
      "properties": {
        "location_name": "GPM1",
        "slug": "gpm1",
        "date": "Minggu, 23 Agustus 2026",
        "date_iso": "2026-08-23",
        "relative": "Hari ini",
        "hour": "07:00",
        "rain_probability": 0,
        "risk_score": 24,
        "risk_class": "safe",
        "risk_label": "Aman",
        "condition": "Cerah Berawan",
        "temp_c": 12.4,
        "humidity_pct": 96.0,
        "heat_index_c": 12.4,
        "wind_kmh": 3.8,
        "wind_dir": 0.0,
        "cloud_pct": 45.0
      }
    },
    {
      "type": "Feature",
      "geometry": {
        "type": "Point",
        "coordinates": [
          96.877105410688,
          4.81572033808049
        ]
      },
      "properties": {
        "location_name": "GPM1",
        "slug": "gpm1",
        "date": "Minggu, 23 Agustus 2026",
        "date_iso": "2026-08-23",
        "relative": "Hari ini",
        "hour": "08:00",
        "rain_probability": 14.4,
        "risk_score": 28,
        "risk_class": "watch",
        "risk_label": "Perlu diperhatikan",
        "condition": "Cerah",
        "temp_c": 14.6,
        "humidity_pct": 92.0,
        "heat_index_c": 14.6,
        "wind_kmh": 2.7,
        "wind_dir": 0.0,
        "cloud_pct": 45.0
      }
    },
    {
      "type": "Feature",
      "geometry": {
        "type": "Point",
        "coordinates": [
          96.877105410688,
          4.81572033808049
        ]
      },
      "properties": {
        "location_name": "GPM1",
        "slug": "gpm1",
        "date": "Minggu, 23 Agustus 2026",
        "date_iso": "2026-08-23",
        "relative": "Hari ini",
        "hour": "09:00",
        "rain_probability": 28.8,
        "risk_score": 35,
        "risk_class": "watch",
        "risk_label": "Perlu diperhatikan",
        "condition": "Hujan Ringan",
        "temp_c": 17.2,
        "humidity_pct": 82.0,
        "heat_index_c": 17.2,
        "wind_kmh": 1.6,
        "wind_dir": 0.0,
        "cloud_pct": 75.0
      }
    },
    {
      "type": "Feature",
      "geometry": {
        "type": "Point",
        "coordinates": [
          96.877105410688,
          4.81572033808049
        ]
      },
      "properties": {
        "location_name": "GPM1",
        "slug": "gpm1",
        "date": "Minggu, 23 Agustus 2026",
        "date_iso": "2026-08-23",
        "relative": "Hari ini",
        "hour": "10:00",
        "rain_probability": 13.8,
        "risk_score": 25,
        "risk_class": "safe",
        "risk_label": "Aman",
        "condition": "Cerah",
        "temp_c": 19.0,
        "humidity_pct": 71.0,
        "heat_index_c": 19.0,
        "wind_kmh": 3.1,
        "wind_dir": 0.0,
        "cloud_pct": 45.0
      }
    },
    {
      "type": "Feature",
      "geometry": {
        "type": "Point",
        "coordinates": [
          96.877105410688,
          4.81572033808049
        ]
      },
      "properties": {
        "location_name": "GPM1",
        "slug": "gpm1",
        "date": "Minggu, 23 Agustus 2026",
        "date_iso": "2026-08-23",
        "relative": "Hari ini",
        "hour": "11:00",
        "rain_probability": 28.8,
        "risk_score": 31,
        "risk_class": "watch",
        "risk_label": "Perlu diperhatikan",
        "condition": "Berawan",
        "temp_c": 20.7,
        "humidity_pct": 64.0,
        "heat_index_c": 20.7,
        "wind_kmh": 4.1,
        "wind_dir": 0.0,
        "cloud_pct": 75.0
      }
    },
    {
      "type": "Feature",
      "geometry": {
        "type": "Point",
        "coordinates": [
          96.877105410688,
          4.81572033808049
        ]
      },
      "properties": {
        "location_name": "GPM1",
        "slug": "gpm1",
        "date": "Minggu, 23 Agustus 2026",
        "date_iso": "2026-08-23",
        "relative": "Hari ini",
        "hour": "12:00",
        "rain_probability": 43.2,
        "risk_score": 43,
        "risk_class": "watch",
        "risk_label": "Perlu diperhatikan",
        "condition": "Hujan Ringan",
        "temp_c": 20.9,
        "humidity_pct": 58.0,
        "heat_index_c": 20.9,
        "wind_kmh": 6.5,
        "wind_dir": 0.0,
        "cloud_pct": 75.0
      }
    },
    {
      "type": "Feature",
      "geometry": {
        "type": "Point",
        "coordinates": [
          96.877105410688,
          4.81572033808049
        ]
      },
      "properties": {
        "location_name": "GPM1",
        "slug": "gpm1",
        "date": "Minggu, 23 Agustus 2026",
        "date_iso": "2026-08-23",
        "relative": "Hari ini",
        "hour": "13:00",
        "rain_probability": 55.2,
        "risk_score": 55,
        "risk_class": "rain",
        "risk_label": "Waspada",
        "condition": "Hujan Ringan",
        "temp_c": 21.6,
        "humidity_pct": 64.0,
        "heat_index_c": 21.6,
        "wind_kmh": 6.8,
        "wind_dir": 0.0,
        "cloud_pct": 88.0
      }
    },
    {
      "type": "Feature",
      "geometry": {
        "type": "Point",
        "coordinates": [
          96.877105410688,
          4.81572033808049
        ]
      },
      "properties": {
        "location_name": "GPM1",
        "slug": "gpm1",
        "date": "Minggu, 23 Agustus 2026",
        "date_iso": "2026-08-23",
        "relative": "Hari ini",
        "hour": "14:00",
        "rain_probability": 72.1,
        "risk_score": 76,
        "risk_class": "rain",
        "risk_label": "Waspada",
        "condition": "Hujan Ringan",
        "temp_c": 19.9,
        "humidity_pct": 71.0,
        "heat_index_c": 19.9,
        "wind_kmh": 7.3,
        "wind_dir": 0.0,
        "cloud_pct": 88.0
      }
    },
    {
      "type": "Feature",
      "geometry": {
        "type": "Point",
        "coordinates": [
          96.877105410688,
          4.81572033808049
        ]
      },
      "properties": {
        "location_name": "GPM1",
        "slug": "gpm1",
        "date": "Minggu, 23 Agustus 2026",
        "date_iso": "2026-08-23",
        "relative": "Hari ini",
        "hour": "15:00",
        "rain_probability": 72.1,
        "risk_score": 79,
        "risk_class": "danger",
        "risk_label": "Berpotensi signifikan",
        "condition": "Hujan Ringan",
        "temp_c": 18.2,
        "humidity_pct": 80.0,
        "heat_index_c": 18.2,
        "wind_kmh": 5.5,
        "wind_dir": 0.0,
        "cloud_pct": 88.0
      }
    },
    {
      "type": "Feature",
      "geometry": {
        "type": "Point",
        "coordinates": [
          96.877105410688,
          4.81572033808049
        ]
      },
      "properties": {
        "location_name": "GPM1",
        "slug": "gpm1",
        "date": "Minggu, 23 Agustus 2026",
        "date_iso": "2026-08-23",
        "relative": "Hari ini",
        "hour": "16:00",
        "rain_probability": 82.8,
        "risk_score": 83,
        "risk_class": "danger",
        "risk_label": "Berpotensi signifikan",
        "condition": "Hujan Ringan",
        "temp_c": 17.2,
        "humidity_pct": 89.0,
        "heat_index_c": 17.2,
        "wind_kmh": 4.5,
        "wind_dir": 0.0,
        "cloud_pct": 88.0
      }
    },
    {
      "type": "Feature",
      "geometry": {
        "type": "Point",
        "coordinates": [
          96.877105410688,
          4.81572033808049
        ]
      },
      "properties": {
        "location_name": "GPM1",
        "slug": "gpm1",
        "date": "Minggu, 23 Agustus 2026",
        "date_iso": "2026-08-23",
        "relative": "Hari ini",
        "hour": "17:00",
        "rain_probability": 72.1,
        "risk_score": 72,
        "risk_class": "rain",
        "risk_label": "Waspada",
        "condition": "Hujan Ringan",
        "temp_c": 16.4,
        "humidity_pct": 90.0,
        "heat_index_c": 16.4,
        "wind_kmh": 3.4,
        "wind_dir": 0.0,
        "cloud_pct": 88.0
      }
    },
    {
      "type": "Feature",
      "geometry": {
        "type": "Point",
        "coordinates": [
          96.877105410688,
          4.81572033808049
        ]
      },
      "properties": {
        "location_name": "GPM1",
        "slug": "gpm1",
        "date": "Minggu, 23 Agustus 2026",
        "date_iso": "2026-08-23",
        "relative": "Hari ini",
        "hour": "18:00",
        "rain_probability": 72.1,
        "risk_score": 72,
        "risk_class": "rain",
        "risk_label": "Waspada",
        "condition": "Hujan Ringan",
        "temp_c": 15.7,
        "humidity_pct": 93.0,
        "heat_index_c": 15.7,
        "wind_kmh": 3.2,
        "wind_dir": 0.0,
        "cloud_pct": 88.0
      }
    },
    {
      "type": "Feature",
      "geometry": {
        "type": "Point",
        "coordinates": [
          96.877105410688,
          4.81572033808049
        ]
      },
      "properties": {
        "location_name": "GPM1",
        "slug": "gpm1",
        "date": "Minggu, 23 Agustus 2026",
        "date_iso": "2026-08-23",
        "relative": "Hari ini",
        "hour": "19:00",
        "rain_probability": 69.0,
        "risk_score": 69,
        "risk_class": "rain",
        "risk_label": "Waspada",
        "condition": "Hujan Ringan",
        "temp_c": 15.1,
        "humidity_pct": 96.0,
        "heat_index_c": 15.1,
        "wind_kmh": 1.8,
        "wind_dir": 0.0,
        "cloud_pct": 88.0
      }
    },
    {
      "type": "Feature",
      "geometry": {
        "type": "Point",
        "coordinates": [
          96.877105410688,
          4.81572033808049
        ]
      },
      "properties": {
        "location_name": "GPM1",
        "slug": "gpm1",
        "date": "Minggu, 23 Agustus 2026",
        "date_iso": "2026-08-23",
        "relative": "Hari ini",
        "hour": "20:00",
        "rain_probability": 43.2,
        "risk_score": 46,
        "risk_class": "watch",
        "risk_label": "Perlu diperhatikan",
        "condition": "Berawan",
        "temp_c": 14.4,
        "humidity_pct": 96.0,
        "heat_index_c": 14.4,
        "wind_kmh": 2.6,
        "wind_dir": 0.0,
        "cloud_pct": 75.0
      }
    },
    {
      "type": "Feature",
      "geometry": {
        "type": "Point",
        "coordinates": [
          96.877105410688,
          4.81572033808049
        ]
      },
      "properties": {
        "location_name": "GPM1",
        "slug": "gpm1",
        "date": "Minggu, 23 Agustus 2026",
        "date_iso": "2026-08-23",
        "relative": "Hari ini",
        "hour": "21:00",
        "rain_probability": 43.2,
        "risk_score": 44,
        "risk_class": "watch",
        "risk_label": "Perlu diperhatikan",
        "condition": "Berawan",
        "temp_c": 14.4,
        "humidity_pct": 96.0,
        "heat_index_c": 14.4,
        "wind_kmh": 2.3,
        "wind_dir": 0.0,
        "cloud_pct": 75.0
      }
    },
    {
      "type": "Feature",
      "geometry": {
        "type": "Point",
        "coordinates": [
          96.877105410688,
          4.81572033808049
        ]
      },
      "properties": {
        "location_name": "GPM1",
        "slug": "gpm1",
        "date": "Minggu, 23 Agustus 2026",
        "date_iso": "2026-08-23",
        "relative": "Hari ini",
        "hour": "22:00",
        "rain_probability": 27.6,
        "risk_score": 36,
        "risk_class": "watch",
        "risk_label": "Perlu diperhatikan",
        "condition": "Berawan",
        "temp_c": 13.4,
        "humidity_pct": 96.0,
        "heat_index_c": 13.4,
        "wind_kmh": 3.2,
        "wind_dir": 0.0,
        "cloud_pct": 75.0
      }
    },
    {
      "type": "Feature",
      "geometry": {
        "type": "Point",
        "coordinates": [
          96.877105410688,
          4.81572033808049
        ]
      },
      "properties": {
        "location_name": "GPM1",
        "slug": "gpm1",
        "date": "Minggu, 23 Agustus 2026",
        "date_iso": "2026-08-23",
        "relative": "Hari ini",
        "hour": "23:00",
        "rain_probability": 0,
        "risk_score": 27,
        "risk_class": "watch",
        "risk_label": "Perlu diperhatikan",
        "condition": "Berawan",
        "temp_c": 12.9,
        "humidity_pct": 96.0,
        "heat_index_c": 12.9,
        "wind_kmh": 3.9,
        "wind_dir": 0.0,
        "cloud_pct": 75.0
      }
    },
    {
      "type": "Feature",
      "geometry": {
        "type": "Point",
        "coordinates": [
          96.877105410688,
          4.81572033808049
        ]
      },
      "properties": {
        "location_name": "GPM1",
        "slug": "gpm1",
        "date": "Senin, 24 Agustus 2026",
        "date_iso": "2026-08-24",
        "relative": "Besok",
        "hour": "00:00",
        "rain_probability": 14.4,
        "risk_score": 28,
        "risk_class": "watch",
        "risk_label": "Perlu diperhatikan",
        "condition": "Berawan",
        "temp_c": 12.6,
        "humidity_pct": 98.0,
        "heat_index_c": 12.6,
        "wind_kmh": 4.8,
        "wind_dir": 0.0,
        "cloud_pct": 75.0
      }
    },
    {
      "type": "Feature",
      "geometry": {
        "type": "Point",
        "coordinates": [
          96.877105410688,
          4.81572033808049
        ]
      },
      "properties": {
        "location_name": "GPM1",
        "slug": "gpm1",
        "date": "Senin, 24 Agustus 2026",
        "date_iso": "2026-08-24",
        "relative": "Besok",
        "hour": "01:00",
        "rain_probability": 13.8,
        "risk_score": 28,
        "risk_class": "watch",
        "risk_label": "Perlu diperhatikan",
        "condition": "Berawan",
        "temp_c": 12.5,
        "humidity_pct": 98.0,
        "heat_index_c": 12.5,
        "wind_kmh": 4.5,
        "wind_dir": 0.0,
        "cloud_pct": 75.0
      }
    },
    {
      "type": "Feature",
      "geometry": {
        "type": "Point",
        "coordinates": [
          96.877105410688,
          4.81572033808049
        ]
      },
      "properties": {
        "location_name": "GPM1",
        "slug": "gpm1",
        "date": "Senin, 24 Agustus 2026",
        "date_iso": "2026-08-24",
        "relative": "Besok",
        "hour": "02:00",
        "rain_probability": 14.4,
        "risk_score": 28,
        "risk_class": "watch",
        "risk_label": "Perlu diperhatikan",
        "condition": "Berawan",
        "temp_c": 12.0,
        "humidity_pct": 98.0,
        "heat_index_c": 12.0,
        "wind_kmh": 4.5,
        "wind_dir": 0.0,
        "cloud_pct": 75.0
      }
    },
    {
      "type": "Feature",
      "geometry": {
        "type": "Point",
        "coordinates": [
          96.877105410688,
          4.81572033808049
        ]
      },
      "properties": {
        "location_name": "GPM1",
        "slug": "gpm1",
        "date": "Senin, 24 Agustus 2026",
        "date_iso": "2026-08-24",
        "relative": "Besok",
        "hour": "03:00",
        "rain_probability": 14.4,
        "risk_score": 27,
        "risk_class": "watch",
        "risk_label": "Perlu diperhatikan",
        "condition": "Berawan",
        "temp_c": 11.6,
        "humidity_pct": 98.0,
        "heat_index_c": 11.6,
        "wind_kmh": 4.9,
        "wind_dir": 0.0,
        "cloud_pct": 75.0
      }
    },
    {
      "type": "Feature",
      "geometry": {
        "type": "Point",
        "coordinates": [
          96.877105410688,
          4.81572033808049
        ]
      },
      "properties": {
        "location_name": "GPM1",
        "slug": "gpm1",
        "date": "Senin, 24 Agustus 2026",
        "date_iso": "2026-08-24",
        "relative": "Besok",
        "hour": "04:00",
        "rain_probability": 0,
        "risk_score": 27,
        "risk_class": "watch",
        "risk_label": "Perlu diperhatikan",
        "condition": "Berawan",
        "temp_c": 11.5,
        "humidity_pct": 98.0,
        "heat_index_c": 11.5,
        "wind_kmh": 5.2,
        "wind_dir": 0.0,
        "cloud_pct": 75.0
      }
    },
    {
      "type": "Feature",
      "geometry": {
        "type": "Point",
        "coordinates": [
          96.877105410688,
          4.81572033808049
        ]
      },
      "properties": {
        "location_name": "GPM1",
        "slug": "gpm1",
        "date": "Senin, 24 Agustus 2026",
        "date_iso": "2026-08-24",
        "relative": "Besok",
        "hour": "05:00",
        "rain_probability": 0,
        "risk_score": 27,
        "risk_class": "watch",
        "risk_label": "Perlu diperhatikan",
        "condition": "Berawan",
        "temp_c": 11.4,
        "humidity_pct": 97.0,
        "heat_index_c": 11.4,
        "wind_kmh": 5.2,
        "wind_dir": 0.0,
        "cloud_pct": 75.0
      }
    },
    {
      "type": "Feature",
      "geometry": {
        "type": "Point",
        "coordinates": [
          96.877105410688,
          4.81572033808049
        ]
      },
      "properties": {
        "location_name": "GPM1",
        "slug": "gpm1",
        "date": "Senin, 24 Agustus 2026",
        "date_iso": "2026-08-24",
        "relative": "Besok",
        "hour": "06:00",
        "rain_probability": 0,
        "risk_score": 27,
        "risk_class": "watch",
        "risk_label": "Perlu diperhatikan",
        "condition": "Berawan",
        "temp_c": 11.3,
        "humidity_pct": 97.0,
        "heat_index_c": 11.3,
        "wind_kmh": 5.1,
        "wind_dir": 0.0,
        "cloud_pct": 75.0
      }
    },
    {
      "type": "Feature",
      "geometry": {
        "type": "Point",
        "coordinates": [
          96.877105410688,
          4.81572033808049
        ]
      },
      "properties": {
        "location_name": "GPM1",
        "slug": "gpm1",
        "date": "Senin, 24 Agustus 2026",
        "date_iso": "2026-08-24",
        "relative": "Besok",
        "hour": "07:00",
        "rain_probability": 0,
        "risk_score": 27,
        "risk_class": "watch",
        "risk_label": "Perlu diperhatikan",
        "condition": "Berawan",
        "temp_c": 11.8,
        "humidity_pct": 96.0,
        "heat_index_c": 11.8,
        "wind_kmh": 5.2,
        "wind_dir": 0.0,
        "cloud_pct": 75.0
      }
    },
    {
      "type": "Feature",
      "geometry": {
        "type": "Point",
        "coordinates": [
          96.877105410688,
          4.81572033808049
        ]
      },
      "properties": {
        "location_name": "GPM1",
        "slug": "gpm1",
        "date": "Senin, 24 Agustus 2026",
        "date_iso": "2026-08-24",
        "relative": "Besok",
        "hour": "08:00",
        "rain_probability": 0,
        "risk_score": 26,
        "risk_class": "watch",
        "risk_label": "Perlu diperhatikan",
        "condition": "Berawan",
        "temp_c": 14.0,
        "humidity_pct": 90.0,
        "heat_index_c": 14.0,
        "wind_kmh": 3.6,
        "wind_dir": 0.0,
        "cloud_pct": 75.0
      }
    },
    {
      "type": "Feature",
      "geometry": {
        "type": "Point",
        "coordinates": [
          96.877105410688,
          4.81572033808049
        ]
      },
      "properties": {
        "location_name": "GPM1",
        "slug": "gpm1",
        "date": "Senin, 24 Agustus 2026",
        "date_iso": "2026-08-24",
        "relative": "Besok",
        "hour": "09:00",
        "rain_probability": 14.4,
        "risk_score": 25,
        "risk_class": "watch",
        "risk_label": "Perlu diperhatikan",
        "condition": "Berawan",
        "temp_c": 16.2,
        "humidity_pct": 82.0,
        "heat_index_c": 16.2,
        "wind_kmh": 1.5,
        "wind_dir": 0.0,
        "cloud_pct": 75.0
      }
    },
    {
      "type": "Feature",
      "geometry": {
        "type": "Point",
        "coordinates": [
          96.877105410688,
          4.81572033808049
        ]
      },
      "properties": {
        "location_name": "GPM1",
        "slug": "gpm1",
        "date": "Senin, 24 Agustus 2026",
        "date_iso": "2026-08-24",
        "relative": "Besok",
        "hour": "10:00",
        "rain_probability": 13.8,
        "risk_score": 24,
        "risk_class": "safe",
        "risk_label": "Aman",
        "condition": "Berawan",
        "temp_c": 18.1,
        "humidity_pct": 74.0,
        "heat_index_c": 18.1,
        "wind_kmh": 2.5,
        "wind_dir": 0.0,
        "cloud_pct": 75.0
      }
    },
    {
      "type": "Feature",
      "geometry": {
        "type": "Point",
        "coordinates": [
          96.877105410688,
          4.81572033808049
        ]
      },
      "properties": {
        "location_name": "GPM1",
        "slug": "gpm1",
        "date": "Senin, 24 Agustus 2026",
        "date_iso": "2026-08-24",
        "relative": "Besok",
        "hour": "11:00",
        "rain_probability": 43.3,
        "risk_score": 43,
        "risk_class": "watch",
        "risk_label": "Perlu diperhatikan",
        "condition": "Hujan Ringan",
        "temp_c": 19.3,
        "humidity_pct": 67.0,
        "heat_index_c": 19.3,
        "wind_kmh": 4.3,
        "wind_dir": 0.0,
        "cloud_pct": 75.0
      }
    },
    {
      "type": "Feature",
      "geometry": {
        "type": "Point",
        "coordinates": [
          96.877105410688,
          4.81572033808049
        ]
      },
      "properties": {
        "location_name": "GPM1",
        "slug": "gpm1",
        "date": "Senin, 24 Agustus 2026",
        "date_iso": "2026-08-24",
        "relative": "Besok",
        "hour": "12:00",
        "rain_probability": 85.6,
        "risk_score": 86,
        "risk_class": "danger",
        "risk_label": "Berpotensi signifikan",
        "condition": "Hujan Ringan",
        "temp_c": 18.9,
        "humidity_pct": 73.0,
        "heat_index_c": 18.9,
        "wind_kmh": 5.0,
        "wind_dir": 0.0,
        "cloud_pct": 88.0
      }
    },
    {
      "type": "Feature",
      "geometry": {
        "type": "Point",
        "coordinates": [
          96.877105410688,
          4.81572033808049
        ]
      },
      "properties": {
        "location_name": "GPM1",
        "slug": "gpm1",
        "date": "Senin, 24 Agustus 2026",
        "date_iso": "2026-08-24",
        "relative": "Besok",
        "hour": "13:00",
        "rain_probability": 86.2,
        "risk_score": 86,
        "risk_class": "danger",
        "risk_label": "Berpotensi signifikan",
        "condition": "Hujan Ringan",
        "temp_c": 18.3,
        "humidity_pct": 75.0,
        "heat_index_c": 18.3,
        "wind_kmh": 5.9,
        "wind_dir": 0.0,
        "cloud_pct": 88.0
      }
    },
    {
      "type": "Feature",
      "geometry": {
        "type": "Point",
        "coordinates": [
          96.877105410688,
          4.81572033808049
        ]
      },
      "properties": {
        "location_name": "GPM1",
        "slug": "gpm1",
        "date": "Senin, 24 Agustus 2026",
        "date_iso": "2026-08-24",
        "relative": "Besok",
        "hour": "14:00",
        "rain_probability": 85.6,
        "risk_score": 86,
        "risk_class": "danger",
        "risk_label": "Berpotensi signifikan",
        "condition": "Hujan Ringan",
        "temp_c": 17.7,
        "humidity_pct": 81.0,
        "heat_index_c": 17.7,
        "wind_kmh": 4.8,
        "wind_dir": 0.0,
        "cloud_pct": 88.0
      }
    },
    {
      "type": "Feature",
      "geometry": {
        "type": "Point",
        "coordinates": [
          96.877105410688,
          4.81572033808049
        ]
      },
      "properties": {
        "location_name": "GPM1",
        "slug": "gpm1",
        "date": "Senin, 24 Agustus 2026",
        "date_iso": "2026-08-24",
        "relative": "Besok",
        "hour": "15:00",
        "rain_probability": 72.2,
        "risk_score": 77,
        "risk_class": "rain",
        "risk_label": "Waspada",
        "condition": "Hujan Sedang",
        "temp_c": 17.2,
        "humidity_pct": 92.0,
        "heat_index_c": 17.2,
        "wind_kmh": 5.0,
        "wind_dir": 0.0,
        "cloud_pct": 94.0
      }
    },
    {
      "type": "Feature",
      "geometry": {
        "type": "Point",
        "coordinates": [
          96.877105410688,
          4.81572033808049
        ]
      },
      "properties": {
        "location_name": "GPM1",
        "slug": "gpm1",
        "date": "Senin, 24 Agustus 2026",
        "date_iso": "2026-08-24",
        "relative": "Besok",
        "hour": "16:00",
        "rain_probability": 69.1,
        "risk_score": 77,
        "risk_class": "rain",
        "risk_label": "Waspada",
        "condition": "Berawan",
        "temp_c": 16.3,
        "humidity_pct": 92.0,
        "heat_index_c": 16.3,
        "wind_kmh": 5.5,
        "wind_dir": 0.0,
        "cloud_pct": 94.0
      }
    },
    {
      "type": "Feature",
      "geometry": {
        "type": "Point",
        "coordinates": [
          96.877105410688,
          4.81572033808049
        ]
      },
      "properties": {
        "location_name": "GPM1",
        "slug": "gpm1",
        "date": "Senin, 24 Agustus 2026",
        "date_iso": "2026-08-24",
        "relative": "Besok",
        "hour": "17:00",
        "rain_probability": 72.2,
        "risk_score": 72,
        "risk_class": "rain",
        "risk_label": "Waspada",
        "condition": "Hujan Ringan",
        "temp_c": 15.5,
        "humidity_pct": 95.0,
        "heat_index_c": 15.5,
        "wind_kmh": 3.1,
        "wind_dir": 0.0,
        "cloud_pct": 88.0
      }
    },
    {
      "type": "Feature",
      "geometry": {
        "type": "Point",
        "coordinates": [
          96.877105410688,
          4.81572033808049
        ]
      },
      "properties": {
        "location_name": "GPM1",
        "slug": "gpm1",
        "date": "Senin, 24 Agustus 2026",
        "date_iso": "2026-08-24",
        "relative": "Besok",
        "hour": "18:00",
        "rain_probability": 72.2,
        "risk_score": 72,
        "risk_class": "rain",
        "risk_label": "Waspada",
        "condition": "Hujan Ringan",
        "temp_c": 15.1,
        "humidity_pct": 97.0,
        "heat_index_c": 15.1,
        "wind_kmh": 2.2,
        "wind_dir": 0.0,
        "cloud_pct": 88.0
      }
    },
    {
      "type": "Feature",
      "geometry": {
        "type": "Point",
        "coordinates": [
          96.877105410688,
          4.81572033808049
        ]
      },
      "properties": {
        "location_name": "GPM1",
        "slug": "gpm1",
        "date": "Senin, 24 Agustus 2026",
        "date_iso": "2026-08-24",
        "relative": "Besok",
        "hour": "19:00",
        "rain_probability": 69.1,
        "risk_score": 69,
        "risk_class": "rain",
        "risk_label": "Waspada",
        "condition": "Hujan Ringan",
        "temp_c": 14.4,
        "humidity_pct": 98.0,
        "heat_index_c": 14.4,
        "wind_kmh": 2.2,
        "wind_dir": 0.0,
        "cloud_pct": 88.0
      }
    },
    {
      "type": "Feature",
      "geometry": {
        "type": "Point",
        "coordinates": [
          96.877105410688,
          4.81572033808049
        ]
      },
      "properties": {
        "location_name": "GPM1",
        "slug": "gpm1",
        "date": "Senin, 24 Agustus 2026",
        "date_iso": "2026-08-24",
        "relative": "Besok",
        "hour": "20:00",
        "rain_probability": 28.9,
        "risk_score": 36,
        "risk_class": "watch",
        "risk_label": "Perlu diperhatikan",
        "condition": "Berawan",
        "temp_c": 14.2,
        "humidity_pct": 98.0,
        "heat_index_c": 14.2,
        "wind_kmh": 3.2,
        "wind_dir": 0.0,
        "cloud_pct": 75.0
      }
    },
    {
      "type": "Feature",
      "geometry": {
        "type": "Point",
        "coordinates": [
          96.877105410688,
          4.81572033808049
        ]
      },
      "properties": {
        "location_name": "GPM1",
        "slug": "gpm1",
        "date": "Senin, 24 Agustus 2026",
        "date_iso": "2026-08-24",
        "relative": "Besok",
        "hour": "21:00",
        "rain_probability": 0,
        "risk_score": 27,
        "risk_class": "watch",
        "risk_label": "Perlu diperhatikan",
        "condition": "Berawan",
        "temp_c": 14.0,
        "humidity_pct": 97.0,
        "heat_index_c": 14.0,
        "wind_kmh": 2.2,
        "wind_dir": 0.0,
        "cloud_pct": 75.0
      }
    },
    {
      "type": "Feature",
      "geometry": {
        "type": "Point",
        "coordinates": [
          96.877105410688,
          4.81572033808049
        ]
      },
      "properties": {
        "location_name": "GPM1",
        "slug": "gpm1",
        "date": "Senin, 24 Agustus 2026",
        "date_iso": "2026-08-24",
        "relative": "Besok",
        "hour": "22:00",
        "rain_probability": 0,
        "risk_score": 27,
        "risk_class": "watch",
        "risk_label": "Perlu diperhatikan",
        "condition": "Berawan",
        "temp_c": 13.7,
        "humidity_pct": 96.0,
        "heat_index_c": 13.7,
        "wind_kmh": 3.8,
        "wind_dir": 0.0,
        "cloud_pct": 75.0
      }
    },
    {
      "type": "Feature",
      "geometry": {
        "type": "Point",
        "coordinates": [
          96.877105410688,
          4.81572033808049
        ]
      },
      "properties": {
        "location_name": "GPM1",
        "slug": "gpm1",
        "date": "Senin, 24 Agustus 2026",
        "date_iso": "2026-08-24",
        "relative": "Besok",
        "hour": "23:00",
        "rain_probability": 14.4,
        "risk_score": 28,
        "risk_class": "watch",
        "risk_label": "Perlu diperhatikan",
        "condition": "Berawan",
        "temp_c": 13.1,
        "humidity_pct": 96.0,
        "heat_index_c": 13.1,
        "wind_kmh": 4.3,
        "wind_dir": 0.0,
        "cloud_pct": 75.0
      }
    },
    {
      "type": "Feature",
      "geometry": {
        "type": "Point",
        "coordinates": [
          96.877105410688,
          4.81572033808049
        ]
      },
      "properties": {
        "location_name": "GPM1",
        "slug": "gpm1",
        "date": "Selasa, 25 Agustus 2026",
        "date_iso": "2026-08-25",
        "relative": "Lusa",
        "hour": "00:00",
        "rain_probability": 0,
        "risk_score": 27,
        "risk_class": "watch",
        "risk_label": "Perlu diperhatikan",
        "condition": "Berawan",
        "temp_c": 12.6,
        "humidity_pct": 96.0,
        "heat_index_c": 12.6,
        "wind_kmh": 4.7,
        "wind_dir": 0.0,
        "cloud_pct": 75.0
      }
    },
    {
      "type": "Feature",
      "geometry": {
        "type": "Point",
        "coordinates": [
          96.877105410688,
          4.81572033808049
        ]
      },
      "properties": {
        "location_name": "GPM1",
        "slug": "gpm1",
        "date": "Selasa, 25 Agustus 2026",
        "date_iso": "2026-08-25",
        "relative": "Lusa",
        "hour": "01:00",
        "rain_probability": 0,
        "risk_score": 27,
        "risk_class": "watch",
        "risk_label": "Perlu diperhatikan",
        "condition": "Berawan",
        "temp_c": 12.3,
        "humidity_pct": 97.0,
        "heat_index_c": 12.3,
        "wind_kmh": 5.2,
        "wind_dir": 0.0,
        "cloud_pct": 75.0
      }
    },
    {
      "type": "Feature",
      "geometry": {
        "type": "Point",
        "coordinates": [
          96.877105410688,
          4.81572033808049
        ]
      },
      "properties": {
        "location_name": "GPM1",
        "slug": "gpm1",
        "date": "Selasa, 25 Agustus 2026",
        "date_iso": "2026-08-25",
        "relative": "Lusa",
        "hour": "02:00",
        "rain_probability": 14.4,
        "risk_score": 27,
        "risk_class": "watch",
        "risk_label": "Perlu diperhatikan",
        "condition": "Berawan",
        "temp_c": 12.4,
        "humidity_pct": 97.0,
        "heat_index_c": 12.4,
        "wind_kmh": 5.4,
        "wind_dir": 0.0,
        "cloud_pct": 75.0
      }
    },
    {
      "type": "Feature",
      "geometry": {
        "type": "Point",
        "coordinates": [
          96.877105410688,
          4.81572033808049
        ]
      },
      "properties": {
        "location_name": "GPM1",
        "slug": "gpm1",
        "date": "Selasa, 25 Agustus 2026",
        "date_iso": "2026-08-25",
        "relative": "Lusa",
        "hour": "03:00",
        "rain_probability": 14.4,
        "risk_score": 27,
        "risk_class": "watch",
        "risk_label": "Perlu diperhatikan",
        "condition": "Berawan",
        "temp_c": 12.4,
        "humidity_pct": 97.0,
        "heat_index_c": 12.4,
        "wind_kmh": 6.1,
        "wind_dir": 0.0,
        "cloud_pct": 75.0
      }
    },
    {
      "type": "Feature",
      "geometry": {
        "type": "Point",
        "coordinates": [
          96.877105410688,
          4.81572033808049
        ]
      },
      "properties": {
        "location_name": "GPM1",
        "slug": "gpm1",
        "date": "Selasa, 25 Agustus 2026",
        "date_iso": "2026-08-25",
        "relative": "Lusa",
        "hour": "04:00",
        "rain_probability": 0,
        "risk_score": 27,
        "risk_class": "watch",
        "risk_label": "Perlu diperhatikan",
        "condition": "Berawan",
        "temp_c": 12.3,
        "humidity_pct": 97.0,
        "heat_index_c": 12.3,
        "wind_kmh": 5.9,
        "wind_dir": 0.0,
        "cloud_pct": 75.0
      }
    },
    {
      "type": "Feature",
      "geometry": {
        "type": "Point",
        "coordinates": [
          96.877105410688,
          4.81572033808049
        ]
      },
      "properties": {
        "location_name": "GPM1",
        "slug": "gpm1",
        "date": "Selasa, 25 Agustus 2026",
        "date_iso": "2026-08-25",
        "relative": "Lusa",
        "hour": "05:00",
        "rain_probability": 0,
        "risk_score": 27,
        "risk_class": "watch",
        "risk_label": "Perlu diperhatikan",
        "condition": "Berawan",
        "temp_c": 12.1,
        "humidity_pct": 97.0,
        "heat_index_c": 12.1,
        "wind_kmh": 5.8,
        "wind_dir": 0.0,
        "cloud_pct": 75.0
      }
    },
    {
      "type": "Feature",
      "geometry": {
        "type": "Point",
        "coordinates": [
          96.877105410688,
          4.81572033808049
        ]
      },
      "properties": {
        "location_name": "GPM1",
        "slug": "gpm1",
        "date": "Selasa, 25 Agustus 2026",
        "date_iso": "2026-08-25",
        "relative": "Lusa",
        "hour": "06:00",
        "rain_probability": 0,
        "risk_score": 26,
        "risk_class": "watch",
        "risk_label": "Perlu diperhatikan",
        "condition": "Berawan",
        "temp_c": 12.0,
        "humidity_pct": 94.0,
        "heat_index_c": 12.0,
        "wind_kmh": 5.4,
        "wind_dir": 0.0,
        "cloud_pct": 75.0
      }
    },
    {
      "type": "Feature",
      "geometry": {
        "type": "Point",
        "coordinates": [
          96.877105410688,
          4.81572033808049
        ]
      },
      "properties": {
        "location_name": "GPM1",
        "slug": "gpm1",
        "date": "Selasa, 25 Agustus 2026",
        "date_iso": "2026-08-25",
        "relative": "Lusa",
        "hour": "07:00",
        "rain_probability": 0,
        "risk_score": 26,
        "risk_class": "watch",
        "risk_label": "Perlu diperhatikan",
        "condition": "Berawan",
        "temp_c": 12.4,
        "humidity_pct": 95.0,
        "heat_index_c": 12.4,
        "wind_kmh": 5.0,
        "wind_dir": 0.0,
        "cloud_pct": 75.0
      }
    },
    {
      "type": "Feature",
      "geometry": {
        "type": "Point",
        "coordinates": [
          96.877105410688,
          4.81572033808049
        ]
      },
      "properties": {
        "location_name": "GPM1",
        "slug": "gpm1",
        "date": "Selasa, 25 Agustus 2026",
        "date_iso": "2026-08-25",
        "relative": "Lusa",
        "hour": "08:00",
        "rain_probability": 0,
        "risk_score": 26,
        "risk_class": "watch",
        "risk_label": "Perlu diperhatikan",
        "condition": "Berawan",
        "temp_c": 14.3,
        "humidity_pct": 91.0,
        "heat_index_c": 14.3,
        "wind_kmh": 4.3,
        "wind_dir": 0.0,
        "cloud_pct": 75.0
      }
    },
    {
      "type": "Feature",
      "geometry": {
        "type": "Point",
        "coordinates": [
          96.877105410688,
          4.81572033808049
        ]
      },
      "properties": {
        "location_name": "GPM1",
        "slug": "gpm1",
        "date": "Selasa, 25 Agustus 2026",
        "date_iso": "2026-08-25",
        "relative": "Lusa",
        "hour": "09:00",
        "rain_probability": 0,
        "risk_score": 24,
        "risk_class": "safe",
        "risk_label": "Aman",
        "condition": "Berawan",
        "temp_c": 16.6,
        "humidity_pct": 82.0,
        "heat_index_c": 16.6,
        "wind_kmh": 2.9,
        "wind_dir": 0.0,
        "cloud_pct": 75.0
      }
    },
    {
      "type": "Feature",
      "geometry": {
        "type": "Point",
        "coordinates": [
          96.877105410688,
          4.81572033808049
        ]
      },
      "properties": {
        "location_name": "GPM1",
        "slug": "gpm1",
        "date": "Selasa, 25 Agustus 2026",
        "date_iso": "2026-08-25",
        "relative": "Lusa",
        "hour": "10:00",
        "rain_probability": 0,
        "risk_score": 22,
        "risk_class": "safe",
        "risk_label": "Aman",
        "condition": "Berawan",
        "temp_c": 18.1,
        "humidity_pct": 73.0,
        "heat_index_c": 18.1,
        "wind_kmh": 3.6,
        "wind_dir": 0.0,
        "cloud_pct": 75.0
      }
    },
    {
      "type": "Feature",
      "geometry": {
        "type": "Point",
        "coordinates": [
          96.877105410688,
          4.81572033808049
        ]
      },
      "properties": {
        "location_name": "GPM1",
        "slug": "gpm1",
        "date": "Selasa, 25 Agustus 2026",
        "date_iso": "2026-08-25",
        "relative": "Lusa",
        "hour": "11:00",
        "rain_probability": 28.9,
        "risk_score": 32,
        "risk_class": "watch",
        "risk_label": "Perlu diperhatikan",
        "condition": "Berawan",
        "temp_c": 19.8,
        "humidity_pct": 72.0,
        "heat_index_c": 19.8,
        "wind_kmh": 3.6,
        "wind_dir": 0.0,
        "cloud_pct": 75.0
      }
    },
    {
      "type": "Feature",
      "geometry": {
        "type": "Point",
        "coordinates": [
          96.877105410688,
          4.81572033808049
        ]
      },
      "properties": {
        "location_name": "GPM1",
        "slug": "gpm1",
        "date": "Selasa, 25 Agustus 2026",
        "date_iso": "2026-08-25",
        "relative": "Lusa",
        "hour": "12:00",
        "rain_probability": 43.3,
        "risk_score": 43,
        "risk_class": "watch",
        "risk_label": "Perlu diperhatikan",
        "condition": "Hujan Ringan",
        "temp_c": 20.3,
        "humidity_pct": 71.0,
        "heat_index_c": 20.3,
        "wind_kmh": 3.9,
        "wind_dir": 0.0,
        "cloud_pct": 75.0
      }
    },
    {
      "type": "Feature",
      "geometry": {
        "type": "Point",
        "coordinates": [
          96.877105410688,
          4.81572033808049
        ]
      },
      "properties": {
        "location_name": "GPM1",
        "slug": "gpm1",
        "date": "Selasa, 25 Agustus 2026",
        "date_iso": "2026-08-25",
        "relative": "Lusa",
        "hour": "13:00",
        "rain_probability": 41.4,
        "risk_score": 41,
        "risk_class": "watch",
        "risk_label": "Perlu diperhatikan",
        "condition": "Hujan Ringan",
        "temp_c": 20.2,
        "humidity_pct": 67.0,
        "heat_index_c": 20.2,
        "wind_kmh": 4.7,
        "wind_dir": 0.0,
        "cloud_pct": 75.0
      }
    },
    {
      "type": "Feature",
      "geometry": {
        "type": "Point",
        "coordinates": [
          96.877105410688,
          4.81572033808049
        ]
      },
      "properties": {
        "location_name": "GPM1",
        "slug": "gpm1",
        "date": "Selasa, 25 Agustus 2026",
        "date_iso": "2026-08-25",
        "relative": "Lusa",
        "hour": "14:00",
        "rain_probability": 72.1,
        "risk_score": 72,
        "risk_class": "rain",
        "risk_label": "Waspada",
        "condition": "Hujan Ringan",
        "temp_c": 19.7,
        "humidity_pct": 71.0,
        "heat_index_c": 19.7,
        "wind_kmh": 5.8,
        "wind_dir": 0.0,
        "cloud_pct": 88.0
      }
    },
    {
      "type": "Feature",
      "geometry": {
        "type": "Point",
        "coordinates": [
          96.877105410688,
          4.81572033808049
        ]
      },
      "properties": {
        "location_name": "GPM1",
        "slug": "gpm1",
        "date": "Selasa, 25 Agustus 2026",
        "date_iso": "2026-08-25",
        "relative": "Lusa",
        "hour": "15:00",
        "rain_probability": 86.6,
        "risk_score": 87,
        "risk_class": "danger",
        "risk_label": "Berpotensi signifikan",
        "condition": "Hujan Ringan",
        "temp_c": 18.5,
        "humidity_pct": 82.0,
        "heat_index_c": 18.5,
        "wind_kmh": 3.8,
        "wind_dir": 0.0,
        "cloud_pct": 88.0
      }
    },
    {
      "type": "Feature",
      "geometry": {
        "type": "Point",
        "coordinates": [
          96.877105410688,
          4.81572033808049
        ]
      },
      "properties": {
        "location_name": "GPM1",
        "slug": "gpm1",
        "date": "Selasa, 25 Agustus 2026",
        "date_iso": "2026-08-25",
        "relative": "Lusa",
        "hour": "16:00",
        "rain_probability": 82.9,
        "risk_score": 83,
        "risk_class": "danger",
        "risk_label": "Berpotensi signifikan",
        "condition": "Hujan Ringan",
        "temp_c": 18.3,
        "humidity_pct": 85.0,
        "heat_index_c": 18.3,
        "wind_kmh": 3.8,
        "wind_dir": 0.0,
        "cloud_pct": 88.0
      }
    },
    {
      "type": "Feature",
      "geometry": {
        "type": "Point",
        "coordinates": [
          96.877105410688,
          4.81572033808049
        ]
      },
      "properties": {
        "location_name": "GPM1",
        "slug": "gpm1",
        "date": "Selasa, 25 Agustus 2026",
        "date_iso": "2026-08-25",
        "relative": "Lusa",
        "hour": "17:00",
        "rain_probability": 57.7,
        "risk_score": 58,
        "risk_class": "rain",
        "risk_label": "Waspada",
        "condition": "Hujan Ringan",
        "temp_c": 17.4,
        "humidity_pct": 89.0,
        "heat_index_c": 17.4,
        "wind_kmh": 3.6,
        "wind_dir": 0.0,
        "cloud_pct": 88.0
      }
    },
    {
      "type": "Feature",
      "geometry": {
        "type": "Point",
        "coordinates": [
          96.877105410688,
          4.81572033808049
        ]
      },
      "properties": {
        "location_name": "GPM1",
        "slug": "gpm1",
        "date": "Selasa, 25 Agustus 2026",
        "date_iso": "2026-08-25",
        "relative": "Lusa",
        "hour": "18:00",
        "rain_probability": 57.7,
        "risk_score": 58,
        "risk_class": "rain",
        "risk_label": "Waspada",
        "condition": "Hujan Ringan",
        "temp_c": 15.6,
        "humidity_pct": 94.0,
        "heat_index_c": 15.6,
        "wind_kmh": 3.1,
        "wind_dir": 0.0,
        "cloud_pct": 88.0
      }
    },
    {
      "type": "Feature",
      "geometry": {
        "type": "Point",
        "coordinates": [
          96.877105410688,
          4.81572033808049
        ]
      },
      "properties": {
        "location_name": "GPM1",
        "slug": "gpm1",
        "date": "Selasa, 25 Agustus 2026",
        "date_iso": "2026-08-25",
        "relative": "Lusa",
        "hour": "19:00",
        "rain_probability": 55.2,
        "risk_score": 56,
        "risk_class": "rain",
        "risk_label": "Waspada",
        "condition": "Berawan",
        "temp_c": 14.3,
        "humidity_pct": 96.0,
        "heat_index_c": 14.3,
        "wind_kmh": 2.3,
        "wind_dir": 0.0,
        "cloud_pct": 88.0
      }
    },
    {
      "type": "Feature",
      "geometry": {
        "type": "Point",
        "coordinates": [
          96.877105410688,
          4.81572033808049
        ]
      },
      "properties": {
        "location_name": "GPM1",
        "slug": "gpm1",
        "date": "Selasa, 25 Agustus 2026",
        "date_iso": "2026-08-25",
        "relative": "Lusa",
        "hour": "20:00",
        "rain_probability": 28.9,
        "risk_score": 38,
        "risk_class": "watch",
        "risk_label": "Perlu diperhatikan",
        "condition": "Berawan",
        "temp_c": 13.9,
        "humidity_pct": 97.0,
        "heat_index_c": 13.9,
        "wind_kmh": 3.1,
        "wind_dir": 0.0,
        "cloud_pct": 75.0
      }
    },
    {
      "type": "Feature",
      "geometry": {
        "type": "Point",
        "coordinates": [
          96.877105410688,
          4.81572033808049
        ]
      },
      "properties": {
        "location_name": "GPM1",
        "slug": "gpm1",
        "date": "Selasa, 25 Agustus 2026",
        "date_iso": "2026-08-25",
        "relative": "Lusa",
        "hour": "21:00",
        "rain_probability": 28.9,
        "risk_score": 37,
        "risk_class": "watch",
        "risk_label": "Perlu diperhatikan",
        "condition": "Berawan",
        "temp_c": 13.8,
        "humidity_pct": 96.0,
        "heat_index_c": 13.8,
        "wind_kmh": 4.0,
        "wind_dir": 0.0,
        "cloud_pct": 75.0
      }
    },
    {
      "type": "Feature",
      "geometry": {
        "type": "Point",
        "coordinates": [
          96.877105410688,
          4.81572033808049
        ]
      },
      "properties": {
        "location_name": "GPM1",
        "slug": "gpm1",
        "date": "Selasa, 25 Agustus 2026",
        "date_iso": "2026-08-25",
        "relative": "Lusa",
        "hour": "22:00",
        "rain_probability": 27.6,
        "risk_score": 36,
        "risk_class": "watch",
        "risk_label": "Perlu diperhatikan",
        "condition": "Berawan",
        "temp_c": 13.6,
        "humidity_pct": 97.0,
        "heat_index_c": 13.6,
        "wind_kmh": 4.3,
        "wind_dir": 0.0,
        "cloud_pct": 75.0
      }
    },
    {
      "type": "Feature",
      "geometry": {
        "type": "Point",
        "coordinates": [
          96.877105410688,
          4.81572033808049
        ]
      },
      "properties": {
        "location_name": "GPM1",
        "slug": "gpm1",
        "date": "Selasa, 25 Agustus 2026",
        "date_iso": "2026-08-25",
        "relative": "Lusa",
        "hour": "23:00",
        "rain_probability": 14.4,
        "risk_score": 28,
        "risk_class": "watch",
        "risk_label": "Perlu diperhatikan",
        "condition": "Berawan",
        "temp_c": 13.1,
        "humidity_pct": 97.0,
        "heat_index_c": 13.1,
        "wind_kmh": 5.2,
        "wind_dir": 0.0,
        "cloud_pct": 75.0
      }
    },
    {
      "type": "Feature",
      "geometry": {
        "type": "Point",
        "coordinates": [
          96.9505347134354,
          4.811672965065149
        ]
      },
      "properties": {
        "location_name": "GPM2",
        "slug": "gpm2",
        "date": "Minggu, 23 Agustus 2026",
        "date_iso": "2026-08-23",
        "relative": "Hari ini",
        "hour": "00:00",
        "rain_probability": 0,
        "risk_score": 27,
        "risk_class": "watch",
        "risk_label": "Perlu diperhatikan",
        "condition": "Berawan",
        "temp_c": 17.0,
        "humidity_pct": 98.0,
        "heat_index_c": 17.0,
        "wind_kmh": 1.9,
        "wind_dir": 0.0,
        "cloud_pct": 75.0
      }
    },
    {
      "type": "Feature",
      "geometry": {
        "type": "Point",
        "coordinates": [
          96.9505347134354,
          4.811672965065149
        ]
      },
      "properties": {
        "location_name": "GPM2",
        "slug": "gpm2",
        "date": "Minggu, 23 Agustus 2026",
        "date_iso": "2026-08-23",
        "relative": "Hari ini",
        "hour": "01:00",
        "rain_probability": 16.7,
        "risk_score": 30,
        "risk_class": "watch",
        "risk_label": "Perlu diperhatikan",
        "condition": "Berawan",
        "temp_c": 16.4,
        "humidity_pct": 98.0,
        "heat_index_c": 16.4,
        "wind_kmh": 2.3,
        "wind_dir": 0.0,
        "cloud_pct": 75.0
      }
    },
    {
      "type": "Feature",
      "geometry": {
        "type": "Point",
        "coordinates": [
          96.9505347134354,
          4.811672965065149
        ]
      },
      "properties": {
        "location_name": "GPM2",
        "slug": "gpm2",
        "date": "Minggu, 23 Agustus 2026",
        "date_iso": "2026-08-23",
        "relative": "Hari ini",
        "hour": "02:00",
        "rain_probability": 16.7,
        "risk_score": 29,
        "risk_class": "watch",
        "risk_label": "Perlu diperhatikan",
        "condition": "Berawan",
        "temp_c": 16.1,
        "humidity_pct": 97.0,
        "heat_index_c": 16.1,
        "wind_kmh": 2.6,
        "wind_dir": 0.0,
        "cloud_pct": 75.0
      }
    },
    {
      "type": "Feature",
      "geometry": {
        "type": "Point",
        "coordinates": [
          96.9505347134354,
          4.811672965065149
        ]
      },
      "properties": {
        "location_name": "GPM2",
        "slug": "gpm2",
        "date": "Minggu, 23 Agustus 2026",
        "date_iso": "2026-08-23",
        "relative": "Hari ini",
        "hour": "03:00",
        "rain_probability": 16.7,
        "risk_score": 30,
        "risk_class": "watch",
        "risk_label": "Perlu diperhatikan",
        "condition": "Berawan",
        "temp_c": 15.9,
        "humidity_pct": 96.0,
        "heat_index_c": 15.9,
        "wind_kmh": 2.6,
        "wind_dir": 0.0,
        "cloud_pct": 75.0
      }
    },
    {
      "type": "Feature",
      "geometry": {
        "type": "Point",
        "coordinates": [
          96.9505347134354,
          4.811672965065149
        ]
      },
      "properties": {
        "location_name": "GPM2",
        "slug": "gpm2",
        "date": "Minggu, 23 Agustus 2026",
        "date_iso": "2026-08-23",
        "relative": "Hari ini",
        "hour": "04:00",
        "rain_probability": 15.0,
        "risk_score": 29,
        "risk_class": "watch",
        "risk_label": "Perlu diperhatikan",
        "condition": "Berawan",
        "temp_c": 16.4,
        "humidity_pct": 97.0,
        "heat_index_c": 16.4,
        "wind_kmh": 2.7,
        "wind_dir": 0.0,
        "cloud_pct": 75.0
      }
    },
    {
      "type": "Feature",
      "geometry": {
        "type": "Point",
        "coordinates": [
          96.9505347134354,
          4.811672965065149
        ]
      },
      "properties": {
        "location_name": "GPM2",
        "slug": "gpm2",
        "date": "Minggu, 23 Agustus 2026",
        "date_iso": "2026-08-23",
        "relative": "Hari ini",
        "hour": "05:00",
        "rain_probability": 0,
        "risk_score": 27,
        "risk_class": "watch",
        "risk_label": "Perlu diperhatikan",
        "condition": "Berawan",
        "temp_c": 16.6,
        "humidity_pct": 97.0,
        "heat_index_c": 16.6,
        "wind_kmh": 3.7,
        "wind_dir": 0.0,
        "cloud_pct": 75.0
      }
    },
    {
      "type": "Feature",
      "geometry": {
        "type": "Point",
        "coordinates": [
          96.9505347134354,
          4.811672965065149
        ]
      },
      "properties": {
        "location_name": "GPM2",
        "slug": "gpm2",
        "date": "Minggu, 23 Agustus 2026",
        "date_iso": "2026-08-23",
        "relative": "Hari ini",
        "hour": "06:00",
        "rain_probability": 0,
        "risk_score": 24,
        "risk_class": "safe",
        "risk_label": "Aman",
        "condition": "Cerah Berawan",
        "temp_c": 16.4,
        "humidity_pct": 97.0,
        "heat_index_c": 16.4,
        "wind_kmh": 4.7,
        "wind_dir": 0.0,
        "cloud_pct": 45.0
      }
    },
    {
      "type": "Feature",
      "geometry": {
        "type": "Point",
        "coordinates": [
          96.9505347134354,
          4.811672965065149
        ]
      },
      "properties": {
        "location_name": "GPM2",
        "slug": "gpm2",
        "date": "Minggu, 23 Agustus 2026",
        "date_iso": "2026-08-23",
        "relative": "Hari ini",
        "hour": "07:00",
        "rain_probability": 0,
        "risk_score": 24,
        "risk_class": "safe",
        "risk_label": "Aman",
        "condition": "Cerah Berawan",
        "temp_c": 17.2,
        "humidity_pct": 96.0,
        "heat_index_c": 17.2,
        "wind_kmh": 4.1,
        "wind_dir": 0.0,
        "cloud_pct": 45.0
      }
    },
    {
      "type": "Feature",
      "geometry": {
        "type": "Point",
        "coordinates": [
          96.9505347134354,
          4.811672965065149
        ]
      },
      "properties": {
        "location_name": "GPM2",
        "slug": "gpm2",
        "date": "Minggu, 23 Agustus 2026",
        "date_iso": "2026-08-23",
        "relative": "Hari ini",
        "hour": "08:00",
        "rain_probability": 14.4,
        "risk_score": 28,
        "risk_class": "watch",
        "risk_label": "Perlu diperhatikan",
        "condition": "Cerah",
        "temp_c": 19.0,
        "humidity_pct": 92.0,
        "heat_index_c": 19.0,
        "wind_kmh": 2.7,
        "wind_dir": 0.0,
        "cloud_pct": 45.0
      }
    },
    {
      "type": "Feature",
      "geometry": {
        "type": "Point",
        "coordinates": [
          96.9505347134354,
          4.811672965065149
        ]
      },
      "properties": {
        "location_name": "GPM2",
        "slug": "gpm2",
        "date": "Minggu, 23 Agustus 2026",
        "date_iso": "2026-08-23",
        "relative": "Hari ini",
        "hour": "09:00",
        "rain_probability": 28.8,
        "risk_score": 35,
        "risk_class": "watch",
        "risk_label": "Perlu diperhatikan",
        "condition": "Hujan Ringan",
        "temp_c": 21.1,
        "humidity_pct": 84.0,
        "heat_index_c": 21.1,
        "wind_kmh": 1.6,
        "wind_dir": 0.0,
        "cloud_pct": 75.0
      }
    },
    {
      "type": "Feature",
      "geometry": {
        "type": "Point",
        "coordinates": [
          96.9505347134354,
          4.811672965065149
        ]
      },
      "properties": {
        "location_name": "GPM2",
        "slug": "gpm2",
        "date": "Minggu, 23 Agustus 2026",
        "date_iso": "2026-08-23",
        "relative": "Hari ini",
        "hour": "10:00",
        "rain_probability": 13.8,
        "risk_score": 26,
        "risk_class": "watch",
        "risk_label": "Perlu diperhatikan",
        "condition": "Cerah",
        "temp_c": 23.3,
        "humidity_pct": 78.0,
        "heat_index_c": 23.3,
        "wind_kmh": 3.1,
        "wind_dir": 0.0,
        "cloud_pct": 45.0
      }
    },
    {
      "type": "Feature",
      "geometry": {
        "type": "Point",
        "coordinates": [
          96.9505347134354,
          4.811672965065149
        ]
      },
      "properties": {
        "location_name": "GPM2",
        "slug": "gpm2",
        "date": "Minggu, 23 Agustus 2026",
        "date_iso": "2026-08-23",
        "relative": "Hari ini",
        "hour": "11:00",
        "rain_probability": 43.2,
        "risk_score": 43,
        "risk_class": "watch",
        "risk_label": "Perlu diperhatikan",
        "condition": "Hujan Ringan",
        "temp_c": 24.0,
        "humidity_pct": 73.0,
        "heat_index_c": 24.0,
        "wind_kmh": 4.3,
        "wind_dir": 0.0,
        "cloud_pct": 75.0
      }
    },
    {
      "type": "Feature",
      "geometry": {
        "type": "Point",
        "coordinates": [
          96.9505347134354,
          4.811672965065149
        ]
      },
      "properties": {
        "location_name": "GPM2",
        "slug": "gpm2",
        "date": "Minggu, 23 Agustus 2026",
        "date_iso": "2026-08-23",
        "relative": "Hari ini",
        "hour": "12:00",
        "rain_probability": 57.7,
        "risk_score": 58,
        "risk_class": "rain",
        "risk_label": "Waspada",
        "condition": "Hujan Ringan",
        "temp_c": 23.6,
        "humidity_pct": 72.0,
        "heat_index_c": 23.6,
        "wind_kmh": 7.3,
        "wind_dir": 0.0,
        "cloud_pct": 88.0
      }
    },
    {
      "type": "Feature",
      "geometry": {
        "type": "Point",
        "coordinates": [
          96.9505347134354,
          4.811672965065149
        ]
      },
      "properties": {
        "location_name": "GPM2",
        "slug": "gpm2",
        "date": "Minggu, 23 Agustus 2026",
        "date_iso": "2026-08-23",
        "relative": "Hari ini",
        "hour": "13:00",
        "rain_probability": 69.0,
        "risk_score": 69,
        "risk_class": "rain",
        "risk_label": "Waspada",
        "condition": "Hujan Ringan",
        "temp_c": 23.9,
        "humidity_pct": 71.0,
        "heat_index_c": 23.9,
        "wind_kmh": 7.3,
        "wind_dir": 0.0,
        "cloud_pct": 88.0
      }
    },
    {
      "type": "Feature",
      "geometry": {
        "type": "Point",
        "coordinates": [
          96.9505347134354,
          4.811672965065149
        ]
      },
      "properties": {
        "location_name": "GPM2",
        "slug": "gpm2",
        "date": "Minggu, 23 Agustus 2026",
        "date_iso": "2026-08-23",
        "relative": "Hari ini",
        "hour": "14:00",
        "rain_probability": 72.1,
        "risk_score": 76,
        "risk_class": "rain",
        "risk_label": "Waspada",
        "condition": "Hujan Ringan",
        "temp_c": 23.4,
        "humidity_pct": 72.0,
        "heat_index_c": 23.4,
        "wind_kmh": 7.3,
        "wind_dir": 0.0,
        "cloud_pct": 88.0
      }
    },
    {
      "type": "Feature",
      "geometry": {
        "type": "Point",
        "coordinates": [
          96.9505347134354,
          4.811672965065149
        ]
      },
      "properties": {
        "location_name": "GPM2",
        "slug": "gpm2",
        "date": "Minggu, 23 Agustus 2026",
        "date_iso": "2026-08-23",
        "relative": "Hari ini",
        "hour": "15:00",
        "rain_probability": 86.5,
        "risk_score": 87,
        "risk_class": "danger",
        "risk_label": "Berpotensi signifikan",
        "condition": "Hujan Ringan",
        "temp_c": 22.1,
        "humidity_pct": 86.0,
        "heat_index_c": 22.1,
        "wind_kmh": 6.5,
        "wind_dir": 0.0,
        "cloud_pct": 88.0
      }
    },
    {
      "type": "Feature",
      "geometry": {
        "type": "Point",
        "coordinates": [
          96.9505347134354,
          4.811672965065149
        ]
      },
      "properties": {
        "location_name": "GPM2",
        "slug": "gpm2",
        "date": "Minggu, 23 Agustus 2026",
        "date_iso": "2026-08-23",
        "relative": "Hari ini",
        "hour": "16:00",
        "rain_probability": 82.8,
        "risk_score": 83,
        "risk_class": "danger",
        "risk_label": "Berpotensi signifikan",
        "condition": "Hujan Ringan",
        "temp_c": 20.5,
        "humidity_pct": 91.0,
        "heat_index_c": 20.5,
        "wind_kmh": 4.6,
        "wind_dir": 0.0,
        "cloud_pct": 88.0
      }
    },
    {
      "type": "Feature",
      "geometry": {
        "type": "Point",
        "coordinates": [
          96.9505347134354,
          4.811672965065149
        ]
      },
      "properties": {
        "location_name": "GPM2",
        "slug": "gpm2",
        "date": "Minggu, 23 Agustus 2026",
        "date_iso": "2026-08-23",
        "relative": "Hari ini",
        "hour": "17:00",
        "rain_probability": 86.5,
        "risk_score": 86,
        "risk_class": "danger",
        "risk_label": "Berpotensi signifikan",
        "condition": "Hujan Ringan",
        "temp_c": 20.1,
        "humidity_pct": 91.0,
        "heat_index_c": 20.1,
        "wind_kmh": 3.4,
        "wind_dir": 0.0,
        "cloud_pct": 88.0
      }
    },
    {
      "type": "Feature",
      "geometry": {
        "type": "Point",
        "coordinates": [
          96.9505347134354,
          4.811672965065149
        ]
      },
      "properties": {
        "location_name": "GPM2",
        "slug": "gpm2",
        "date": "Minggu, 23 Agustus 2026",
        "date_iso": "2026-08-23",
        "relative": "Hari ini",
        "hour": "18:00",
        "rain_probability": 86.5,
        "risk_score": 86,
        "risk_class": "danger",
        "risk_label": "Berpotensi signifikan",
        "condition": "Hujan Ringan",
        "temp_c": 19.8,
        "humidity_pct": 95.0,
        "heat_index_c": 19.8,
        "wind_kmh": 3.2,
        "wind_dir": 0.0,
        "cloud_pct": 88.0
      }
    },
    {
      "type": "Feature",
      "geometry": {
        "type": "Point",
        "coordinates": [
          96.9505347134354,
          4.811672965065149
        ]
      },
      "properties": {
        "location_name": "GPM2",
        "slug": "gpm2",
        "date": "Minggu, 23 Agustus 2026",
        "date_iso": "2026-08-23",
        "relative": "Hari ini",
        "hour": "19:00",
        "rain_probability": 82.8,
        "risk_score": 83,
        "risk_class": "danger",
        "risk_label": "Berpotensi signifikan",
        "condition": "Hujan Ringan",
        "temp_c": 18.8,
        "humidity_pct": 96.0,
        "heat_index_c": 18.8,
        "wind_kmh": 2.2,
        "wind_dir": 0.0,
        "cloud_pct": 88.0
      }
    },
    {
      "type": "Feature",
      "geometry": {
        "type": "Point",
        "coordinates": [
          96.9505347134354,
          4.811672965065149
        ]
      },
      "properties": {
        "location_name": "GPM2",
        "slug": "gpm2",
        "date": "Minggu, 23 Agustus 2026",
        "date_iso": "2026-08-23",
        "relative": "Hari ini",
        "hour": "20:00",
        "rain_probability": 43.2,
        "risk_score": 46,
        "risk_class": "watch",
        "risk_label": "Perlu diperhatikan",
        "condition": "Berawan",
        "temp_c": 18.5,
        "humidity_pct": 96.0,
        "heat_index_c": 18.5,
        "wind_kmh": 2.6,
        "wind_dir": 0.0,
        "cloud_pct": 75.0
      }
    },
    {
      "type": "Feature",
      "geometry": {
        "type": "Point",
        "coordinates": [
          96.9505347134354,
          4.811672965065149
        ]
      },
      "properties": {
        "location_name": "GPM2",
        "slug": "gpm2",
        "date": "Minggu, 23 Agustus 2026",
        "date_iso": "2026-08-23",
        "relative": "Hari ini",
        "hour": "21:00",
        "rain_probability": 43.2,
        "risk_score": 44,
        "risk_class": "watch",
        "risk_label": "Perlu diperhatikan",
        "condition": "Berawan",
        "temp_c": 18.2,
        "humidity_pct": 96.0,
        "heat_index_c": 18.2,
        "wind_kmh": 2.1,
        "wind_dir": 0.0,
        "cloud_pct": 75.0
      }
    },
    {
      "type": "Feature",
      "geometry": {
        "type": "Point",
        "coordinates": [
          96.9505347134354,
          4.811672965065149
        ]
      },
      "properties": {
        "location_name": "GPM2",
        "slug": "gpm2",
        "date": "Minggu, 23 Agustus 2026",
        "date_iso": "2026-08-23",
        "relative": "Hari ini",
        "hour": "22:00",
        "rain_probability": 27.6,
        "risk_score": 36,
        "risk_class": "watch",
        "risk_label": "Perlu diperhatikan",
        "condition": "Berawan",
        "temp_c": 17.5,
        "humidity_pct": 97.0,
        "heat_index_c": 17.5,
        "wind_kmh": 3.2,
        "wind_dir": 0.0,
        "cloud_pct": 75.0
      }
    },
    {
      "type": "Feature",
      "geometry": {
        "type": "Point",
        "coordinates": [
          96.9505347134354,
          4.811672965065149
        ]
      },
      "properties": {
        "location_name": "GPM2",
        "slug": "gpm2",
        "date": "Minggu, 23 Agustus 2026",
        "date_iso": "2026-08-23",
        "relative": "Hari ini",
        "hour": "23:00",
        "rain_probability": 0,
        "risk_score": 27,
        "risk_class": "watch",
        "risk_label": "Perlu diperhatikan",
        "condition": "Berawan",
        "temp_c": 16.8,
        "humidity_pct": 97.0,
        "heat_index_c": 16.8,
        "wind_kmh": 2.9,
        "wind_dir": 0.0,
        "cloud_pct": 75.0
      }
    },
    {
      "type": "Feature",
      "geometry": {
        "type": "Point",
        "coordinates": [
          96.9505347134354,
          4.811672965065149
        ]
      },
      "properties": {
        "location_name": "GPM2",
        "slug": "gpm2",
        "date": "Senin, 24 Agustus 2026",
        "date_iso": "2026-08-24",
        "relative": "Besok",
        "hour": "00:00",
        "rain_probability": 14.4,
        "risk_score": 29,
        "risk_class": "watch",
        "risk_label": "Perlu diperhatikan",
        "condition": "Berawan",
        "temp_c": 16.5,
        "humidity_pct": 98.0,
        "heat_index_c": 16.5,
        "wind_kmh": 4.5,
        "wind_dir": 0.0,
        "cloud_pct": 75.0
      }
    },
    {
      "type": "Feature",
      "geometry": {
        "type": "Point",
        "coordinates": [
          96.9505347134354,
          4.811672965065149
        ]
      },
      "properties": {
        "location_name": "GPM2",
        "slug": "gpm2",
        "date": "Senin, 24 Agustus 2026",
        "date_iso": "2026-08-24",
        "relative": "Besok",
        "hour": "01:00",
        "rain_probability": 13.8,
        "risk_score": 28,
        "risk_class": "watch",
        "risk_label": "Perlu diperhatikan",
        "condition": "Berawan",
        "temp_c": 16.5,
        "humidity_pct": 98.0,
        "heat_index_c": 16.5,
        "wind_kmh": 4.5,
        "wind_dir": 0.0,
        "cloud_pct": 75.0
      }
    },
    {
      "type": "Feature",
      "geometry": {
        "type": "Point",
        "coordinates": [
          96.9505347134354,
          4.811672965065149
        ]
      },
      "properties": {
        "location_name": "GPM2",
        "slug": "gpm2",
        "date": "Senin, 24 Agustus 2026",
        "date_iso": "2026-08-24",
        "relative": "Besok",
        "hour": "02:00",
        "rain_probability": 14.4,
        "risk_score": 28,
        "risk_class": "watch",
        "risk_label": "Perlu diperhatikan",
        "condition": "Berawan",
        "temp_c": 16.2,
        "humidity_pct": 98.0,
        "heat_index_c": 16.2,
        "wind_kmh": 4.5,
        "wind_dir": 0.0,
        "cloud_pct": 75.0
      }
    },
    {
      "type": "Feature",
      "geometry": {
        "type": "Point",
        "coordinates": [
          96.9505347134354,
          4.811672965065149
        ]
      },
      "properties": {
        "location_name": "GPM2",
        "slug": "gpm2",
        "date": "Senin, 24 Agustus 2026",
        "date_iso": "2026-08-24",
        "relative": "Besok",
        "hour": "03:00",
        "rain_probability": 14.4,
        "risk_score": 28,
        "risk_class": "watch",
        "risk_label": "Perlu diperhatikan",
        "condition": "Berawan",
        "temp_c": 16.0,
        "humidity_pct": 97.0,
        "heat_index_c": 16.0,
        "wind_kmh": 4.6,
        "wind_dir": 0.0,
        "cloud_pct": 75.0
      }
    },
    {
      "type": "Feature",
      "geometry": {
        "type": "Point",
        "coordinates": [
          96.9505347134354,
          4.811672965065149
        ]
      },
      "properties": {
        "location_name": "GPM2",
        "slug": "gpm2",
        "date": "Senin, 24 Agustus 2026",
        "date_iso": "2026-08-24",
        "relative": "Besok",
        "hour": "04:00",
        "rain_probability": 0,
        "risk_score": 27,
        "risk_class": "watch",
        "risk_label": "Perlu diperhatikan",
        "condition": "Berawan",
        "temp_c": 15.8,
        "humidity_pct": 97.0,
        "heat_index_c": 15.8,
        "wind_kmh": 4.6,
        "wind_dir": 0.0,
        "cloud_pct": 75.0
      }
    },
    {
      "type": "Feature",
      "geometry": {
        "type": "Point",
        "coordinates": [
          96.9505347134354,
          4.811672965065149
        ]
      },
      "properties": {
        "location_name": "GPM2",
        "slug": "gpm2",
        "date": "Senin, 24 Agustus 2026",
        "date_iso": "2026-08-24",
        "relative": "Besok",
        "hour": "05:00",
        "rain_probability": 0,
        "risk_score": 27,
        "risk_class": "watch",
        "risk_label": "Perlu diperhatikan",
        "condition": "Berawan",
        "temp_c": 15.8,
        "humidity_pct": 97.0,
        "heat_index_c": 15.8,
        "wind_kmh": 4.6,
        "wind_dir": 0.0,
        "cloud_pct": 75.0
      }
    },
    {
      "type": "Feature",
      "geometry": {
        "type": "Point",
        "coordinates": [
          96.9505347134354,
          4.811672965065149
        ]
      },
      "properties": {
        "location_name": "GPM2",
        "slug": "gpm2",
        "date": "Senin, 24 Agustus 2026",
        "date_iso": "2026-08-24",
        "relative": "Besok",
        "hour": "06:00",
        "rain_probability": 0,
        "risk_score": 27,
        "risk_class": "watch",
        "risk_label": "Perlu diperhatikan",
        "condition": "Berawan",
        "temp_c": 16.0,
        "humidity_pct": 97.0,
        "heat_index_c": 16.0,
        "wind_kmh": 5.0,
        "wind_dir": 0.0,
        "cloud_pct": 75.0
      }
    },
    {
      "type": "Feature",
      "geometry": {
        "type": "Point",
        "coordinates": [
          96.9505347134354,
          4.811672965065149
        ]
      },
      "properties": {
        "location_name": "GPM2",
        "slug": "gpm2",
        "date": "Senin, 24 Agustus 2026",
        "date_iso": "2026-08-24",
        "relative": "Besok",
        "hour": "07:00",
        "rain_probability": 0,
        "risk_score": 27,
        "risk_class": "watch",
        "risk_label": "Perlu diperhatikan",
        "condition": "Berawan",
        "temp_c": 16.6,
        "humidity_pct": 96.0,
        "heat_index_c": 16.6,
        "wind_kmh": 4.5,
        "wind_dir": 0.0,
        "cloud_pct": 75.0
      }
    },
    {
      "type": "Feature",
      "geometry": {
        "type": "Point",
        "coordinates": [
          96.9505347134354,
          4.811672965065149
        ]
      },
      "properties": {
        "location_name": "GPM2",
        "slug": "gpm2",
        "date": "Senin, 24 Agustus 2026",
        "date_iso": "2026-08-24",
        "relative": "Besok",
        "hour": "08:00",
        "rain_probability": 0,
        "risk_score": 26,
        "risk_class": "watch",
        "risk_label": "Perlu diperhatikan",
        "condition": "Berawan",
        "temp_c": 18.2,
        "humidity_pct": 90.0,
        "heat_index_c": 18.2,
        "wind_kmh": 3.6,
        "wind_dir": 0.0,
        "cloud_pct": 75.0
      }
    },
    {
      "type": "Feature",
      "geometry": {
        "type": "Point",
        "coordinates": [
          96.9505347134354,
          4.811672965065149
        ]
      },
      "properties": {
        "location_name": "GPM2",
        "slug": "gpm2",
        "date": "Senin, 24 Agustus 2026",
        "date_iso": "2026-08-24",
        "relative": "Besok",
        "hour": "09:00",
        "rain_probability": 14.4,
        "risk_score": 25,
        "risk_class": "watch",
        "risk_label": "Perlu diperhatikan",
        "condition": "Berawan",
        "temp_c": 20.4,
        "humidity_pct": 82.0,
        "heat_index_c": 20.4,
        "wind_kmh": 2.3,
        "wind_dir": 0.0,
        "cloud_pct": 75.0
      }
    },
    {
      "type": "Feature",
      "geometry": {
        "type": "Point",
        "coordinates": [
          96.9505347134354,
          4.811672965065149
        ]
      },
      "properties": {
        "location_name": "GPM2",
        "slug": "gpm2",
        "date": "Senin, 24 Agustus 2026",
        "date_iso": "2026-08-24",
        "relative": "Besok",
        "hour": "10:00",
        "rain_probability": 13.8,
        "risk_score": 24,
        "risk_class": "safe",
        "risk_label": "Aman",
        "condition": "Berawan",
        "temp_c": 22.0,
        "humidity_pct": 74.0,
        "heat_index_c": 22.0,
        "wind_kmh": 3.1,
        "wind_dir": 0.0,
        "cloud_pct": 75.0
      }
    },
    {
      "type": "Feature",
      "geometry": {
        "type": "Point",
        "coordinates": [
          96.9505347134354,
          4.811672965065149
        ]
      },
      "properties": {
        "location_name": "GPM2",
        "slug": "gpm2",
        "date": "Senin, 24 Agustus 2026",
        "date_iso": "2026-08-24",
        "relative": "Besok",
        "hour": "11:00",
        "rain_probability": 43.3,
        "risk_score": 43,
        "risk_class": "watch",
        "risk_label": "Perlu diperhatikan",
        "condition": "Hujan Ringan",
        "temp_c": 22.9,
        "humidity_pct": 73.0,
        "heat_index_c": 22.9,
        "wind_kmh": 4.3,
        "wind_dir": 0.0,
        "cloud_pct": 75.0
      }
    },
    {
      "type": "Feature",
      "geometry": {
        "type": "Point",
        "coordinates": [
          96.9505347134354,
          4.811672965065149
        ]
      },
      "properties": {
        "location_name": "GPM2",
        "slug": "gpm2",
        "date": "Senin, 24 Agustus 2026",
        "date_iso": "2026-08-24",
        "relative": "Besok",
        "hour": "12:00",
        "rain_probability": 100,
        "risk_score": 100,
        "risk_class": "danger",
        "risk_label": "Berpotensi signifikan",
        "condition": "Hujan Ringan",
        "temp_c": 22.6,
        "humidity_pct": 75.0,
        "heat_index_c": 22.6,
        "wind_kmh": 5.1,
        "wind_dir": 0.0,
        "cloud_pct": 88.0
      }
    },
    {
      "type": "Feature",
      "geometry": {
        "type": "Point",
        "coordinates": [
          96.9505347134354,
          4.811672965065149
        ]
      },
      "properties": {
        "location_name": "GPM2",
        "slug": "gpm2",
        "date": "Senin, 24 Agustus 2026",
        "date_iso": "2026-08-24",
        "relative": "Besok",
        "hour": "13:00",
        "rain_probability": 100,
        "risk_score": 100,
        "risk_class": "danger",
        "risk_label": "Berpotensi signifikan",
        "condition": "Hujan Ringan",
        "temp_c": 22.1,
        "humidity_pct": 88.0,
        "heat_index_c": 22.1,
        "wind_kmh": 5.9,
        "wind_dir": 0.0,
        "cloud_pct": 88.0
      }
    },
    {
      "type": "Feature",
      "geometry": {
        "type": "Point",
        "coordinates": [
          96.9505347134354,
          4.811672965065149
        ]
      },
      "properties": {
        "location_name": "GPM2",
        "slug": "gpm2",
        "date": "Senin, 24 Agustus 2026",
        "date_iso": "2026-08-24",
        "relative": "Besok",
        "hour": "14:00",
        "rain_probability": 100,
        "risk_score": 100,
        "risk_class": "danger",
        "risk_label": "Berpotensi signifikan",
        "condition": "Hujan Lebat",
        "temp_c": 21.6,
        "humidity_pct": 89.0,
        "heat_index_c": 21.6,
        "wind_kmh": 4.8,
        "wind_dir": 0.0,
        "cloud_pct": 94.0
      }
    },
    {
      "type": "Feature",
      "geometry": {
        "type": "Point",
        "coordinates": [
          96.9505347134354,
          4.811672965065149
        ]
      },
      "properties": {
        "location_name": "GPM2",
        "slug": "gpm2",
        "date": "Senin, 24 Agustus 2026",
        "date_iso": "2026-08-24",
        "relative": "Besok",
        "hour": "15:00",
        "rain_probability": 86.6,
        "risk_score": 87,
        "risk_class": "danger",
        "risk_label": "Berpotensi signifikan",
        "condition": "Hujan Lebat",
        "temp_c": 20.7,
        "humidity_pct": 91.0,
        "heat_index_c": 20.7,
        "wind_kmh": 5.0,
        "wind_dir": 0.0,
        "cloud_pct": 98.0
      }
    },
    {
      "type": "Feature",
      "geometry": {
        "type": "Point",
        "coordinates": [
          96.9505347134354,
          4.811672965065149
        ]
      },
      "properties": {
        "location_name": "GPM2",
        "slug": "gpm2",
        "date": "Senin, 24 Agustus 2026",
        "date_iso": "2026-08-24",
        "relative": "Besok",
        "hour": "16:00",
        "rain_probability": 82.9,
        "risk_score": 83,
        "risk_class": "danger",
        "risk_label": "Berpotensi signifikan",
        "condition": "Hujan Sedang",
        "temp_c": 20.0,
        "humidity_pct": 92.0,
        "heat_index_c": 20.0,
        "wind_kmh": 5.5,
        "wind_dir": 0.0,
        "cloud_pct": 94.0
      }
    },
    {
      "type": "Feature",
      "geometry": {
        "type": "Point",
        "coordinates": [
          96.9505347134354,
          4.811672965065149
        ]
      },
      "properties": {
        "location_name": "GPM2",
        "slug": "gpm2",
        "date": "Senin, 24 Agustus 2026",
        "date_iso": "2026-08-24",
        "relative": "Besok",
        "hour": "17:00",
        "rain_probability": 86.6,
        "risk_score": 87,
        "risk_class": "danger",
        "risk_label": "Berpotensi signifikan",
        "condition": "Hujan Ringan",
        "temp_c": 19.7,
        "humidity_pct": 94.0,
        "heat_index_c": 19.7,
        "wind_kmh": 3.1,
        "wind_dir": 0.0,
        "cloud_pct": 88.0
      }
    },
    {
      "type": "Feature",
      "geometry": {
        "type": "Point",
        "coordinates": [
          96.9505347134354,
          4.811672965065149
        ]
      },
      "properties": {
        "location_name": "GPM2",
        "slug": "gpm2",
        "date": "Senin, 24 Agustus 2026",
        "date_iso": "2026-08-24",
        "relative": "Besok",
        "hour": "18:00",
        "rain_probability": 86.6,
        "risk_score": 87,
        "risk_class": "danger",
        "risk_label": "Berpotensi signifikan",
        "condition": "Hujan Ringan",
        "temp_c": 19.1,
        "humidity_pct": 97.0,
        "heat_index_c": 19.1,
        "wind_kmh": 2.2,
        "wind_dir": 0.0,
        "cloud_pct": 88.0
      }
    },
    {
      "type": "Feature",
      "geometry": {
        "type": "Point",
        "coordinates": [
          96.9505347134354,
          4.811672965065149
        ]
      },
      "properties": {
        "location_name": "GPM2",
        "slug": "gpm2",
        "date": "Senin, 24 Agustus 2026",
        "date_iso": "2026-08-24",
        "relative": "Besok",
        "hour": "19:00",
        "rain_probability": 69.1,
        "risk_score": 69,
        "risk_class": "rain",
        "risk_label": "Waspada",
        "condition": "Hujan Ringan",
        "temp_c": 18.3,
        "humidity_pct": 97.0,
        "heat_index_c": 18.3,
        "wind_kmh": 1.8,
        "wind_dir": 0.0,
        "cloud_pct": 88.0
      }
    },
    {
      "type": "Feature",
      "geometry": {
        "type": "Point",
        "coordinates": [
          96.9505347134354,
          4.811672965065149
        ]
      },
      "properties": {
        "location_name": "GPM2",
        "slug": "gpm2",
        "date": "Senin, 24 Agustus 2026",
        "date_iso": "2026-08-24",
        "relative": "Besok",
        "hour": "20:00",
        "rain_probability": 28.9,
        "risk_score": 36,
        "risk_class": "watch",
        "risk_label": "Perlu diperhatikan",
        "condition": "Berawan",
        "temp_c": 17.3,
        "humidity_pct": 98.0,
        "heat_index_c": 17.3,
        "wind_kmh": 1.1,
        "wind_dir": 0.0,
        "cloud_pct": 75.0
      }
    },
    {
      "type": "Feature",
      "geometry": {
        "type": "Point",
        "coordinates": [
          96.9505347134354,
          4.811672965065149
        ]
      },
      "properties": {
        "location_name": "GPM2",
        "slug": "gpm2",
        "date": "Senin, 24 Agustus 2026",
        "date_iso": "2026-08-24",
        "relative": "Besok",
        "hour": "21:00",
        "rain_probability": 0,
        "risk_score": 27,
        "risk_class": "watch",
        "risk_label": "Perlu diperhatikan",
        "condition": "Berawan",
        "temp_c": 17.4,
        "humidity_pct": 97.0,
        "heat_index_c": 17.4,
        "wind_kmh": 1.8,
        "wind_dir": 0.0,
        "cloud_pct": 75.0
      }
    },
    {
      "type": "Feature",
      "geometry": {
        "type": "Point",
        "coordinates": [
          96.9505347134354,
          4.811672965065149
        ]
      },
      "properties": {
        "location_name": "GPM2",
        "slug": "gpm2",
        "date": "Senin, 24 Agustus 2026",
        "date_iso": "2026-08-24",
        "relative": "Besok",
        "hour": "22:00",
        "rain_probability": 0,
        "risk_score": 27,
        "risk_class": "watch",
        "risk_label": "Perlu diperhatikan",
        "condition": "Berawan",
        "temp_c": 17.5,
        "humidity_pct": 96.0,
        "heat_index_c": 17.5,
        "wind_kmh": 2.6,
        "wind_dir": 0.0,
        "cloud_pct": 75.0
      }
    },
    {
      "type": "Feature",
      "geometry": {
        "type": "Point",
        "coordinates": [
          96.9505347134354,
          4.811672965065149
        ]
      },
      "properties": {
        "location_name": "GPM2",
        "slug": "gpm2",
        "date": "Senin, 24 Agustus 2026",
        "date_iso": "2026-08-24",
        "relative": "Besok",
        "hour": "23:00",
        "rain_probability": 14.4,
        "risk_score": 28,
        "risk_class": "watch",
        "risk_label": "Perlu diperhatikan",
        "condition": "Berawan",
        "temp_c": 17.1,
        "humidity_pct": 96.0,
        "heat_index_c": 17.1,
        "wind_kmh": 3.6,
        "wind_dir": 0.0,
        "cloud_pct": 75.0
      }
    },
    {
      "type": "Feature",
      "geometry": {
        "type": "Point",
        "coordinates": [
          96.9505347134354,
          4.811672965065149
        ]
      },
      "properties": {
        "location_name": "GPM2",
        "slug": "gpm2",
        "date": "Selasa, 25 Agustus 2026",
        "date_iso": "2026-08-25",
        "relative": "Lusa",
        "hour": "00:00",
        "rain_probability": 0,
        "risk_score": 27,
        "risk_class": "watch",
        "risk_label": "Perlu diperhatikan",
        "condition": "Berawan",
        "temp_c": 16.7,
        "humidity_pct": 96.0,
        "heat_index_c": 16.7,
        "wind_kmh": 4.5,
        "wind_dir": 0.0,
        "cloud_pct": 75.0
      }
    },
    {
      "type": "Feature",
      "geometry": {
        "type": "Point",
        "coordinates": [
          96.9505347134354,
          4.811672965065149
        ]
      },
      "properties": {
        "location_name": "GPM2",
        "slug": "gpm2",
        "date": "Selasa, 25 Agustus 2026",
        "date_iso": "2026-08-25",
        "relative": "Lusa",
        "hour": "01:00",
        "rain_probability": 0,
        "risk_score": 27,
        "risk_class": "watch",
        "risk_label": "Perlu diperhatikan",
        "condition": "Berawan",
        "temp_c": 16.5,
        "humidity_pct": 96.0,
        "heat_index_c": 16.5,
        "wind_kmh": 5.0,
        "wind_dir": 0.0,
        "cloud_pct": 75.0
      }
    },
    {
      "type": "Feature",
      "geometry": {
        "type": "Point",
        "coordinates": [
          96.9505347134354,
          4.811672965065149
        ]
      },
      "properties": {
        "location_name": "GPM2",
        "slug": "gpm2",
        "date": "Selasa, 25 Agustus 2026",
        "date_iso": "2026-08-25",
        "relative": "Lusa",
        "hour": "02:00",
        "rain_probability": 14.4,
        "risk_score": 27,
        "risk_class": "watch",
        "risk_label": "Perlu diperhatikan",
        "condition": "Berawan",
        "temp_c": 16.2,
        "humidity_pct": 97.0,
        "heat_index_c": 16.2,
        "wind_kmh": 5.4,
        "wind_dir": 0.0,
        "cloud_pct": 75.0
      }
    },
    {
      "type": "Feature",
      "geometry": {
        "type": "Point",
        "coordinates": [
          96.9505347134354,
          4.811672965065149
        ]
      },
      "properties": {
        "location_name": "GPM2",
        "slug": "gpm2",
        "date": "Selasa, 25 Agustus 2026",
        "date_iso": "2026-08-25",
        "relative": "Lusa",
        "hour": "03:00",
        "rain_probability": 14.4,
        "risk_score": 27,
        "risk_class": "watch",
        "risk_label": "Perlu diperhatikan",
        "condition": "Berawan",
        "temp_c": 16.0,
        "humidity_pct": 97.0,
        "heat_index_c": 16.0,
        "wind_kmh": 5.9,
        "wind_dir": 0.0,
        "cloud_pct": 75.0
      }
    },
    {
      "type": "Feature",
      "geometry": {
        "type": "Point",
        "coordinates": [
          96.9505347134354,
          4.811672965065149
        ]
      },
      "properties": {
        "location_name": "GPM2",
        "slug": "gpm2",
        "date": "Selasa, 25 Agustus 2026",
        "date_iso": "2026-08-25",
        "relative": "Lusa",
        "hour": "04:00",
        "rain_probability": 0,
        "risk_score": 27,
        "risk_class": "watch",
        "risk_label": "Perlu diperhatikan",
        "condition": "Berawan",
        "temp_c": 16.0,
        "humidity_pct": 97.0,
        "heat_index_c": 16.0,
        "wind_kmh": 5.6,
        "wind_dir": 0.0,
        "cloud_pct": 75.0
      }
    },
    {
      "type": "Feature",
      "geometry": {
        "type": "Point",
        "coordinates": [
          96.9505347134354,
          4.811672965065149
        ]
      },
      "properties": {
        "location_name": "GPM2",
        "slug": "gpm2",
        "date": "Selasa, 25 Agustus 2026",
        "date_iso": "2026-08-25",
        "relative": "Lusa",
        "hour": "05:00",
        "rain_probability": 0,
        "risk_score": 27,
        "risk_class": "watch",
        "risk_label": "Perlu diperhatikan",
        "condition": "Berawan",
        "temp_c": 16.0,
        "humidity_pct": 97.0,
        "heat_index_c": 16.0,
        "wind_kmh": 5.8,
        "wind_dir": 0.0,
        "cloud_pct": 75.0
      }
    },
    {
      "type": "Feature",
      "geometry": {
        "type": "Point",
        "coordinates": [
          96.9505347134354,
          4.811672965065149
        ]
      },
      "properties": {
        "location_name": "GPM2",
        "slug": "gpm2",
        "date": "Selasa, 25 Agustus 2026",
        "date_iso": "2026-08-25",
        "relative": "Lusa",
        "hour": "06:00",
        "rain_probability": 0,
        "risk_score": 26,
        "risk_class": "watch",
        "risk_label": "Perlu diperhatikan",
        "condition": "Berawan",
        "temp_c": 16.3,
        "humidity_pct": 95.0,
        "heat_index_c": 16.3,
        "wind_kmh": 5.4,
        "wind_dir": 0.0,
        "cloud_pct": 75.0
      }
    },
    {
      "type": "Feature",
      "geometry": {
        "type": "Point",
        "coordinates": [
          96.9505347134354,
          4.811672965065149
        ]
      },
      "properties": {
        "location_name": "GPM2",
        "slug": "gpm2",
        "date": "Selasa, 25 Agustus 2026",
        "date_iso": "2026-08-25",
        "relative": "Lusa",
        "hour": "07:00",
        "rain_probability": 0,
        "risk_score": 26,
        "risk_class": "watch",
        "risk_label": "Perlu diperhatikan",
        "condition": "Berawan",
        "temp_c": 16.5,
        "humidity_pct": 93.0,
        "heat_index_c": 16.5,
        "wind_kmh": 5.0,
        "wind_dir": 0.0,
        "cloud_pct": 75.0
      }
    },
    {
      "type": "Feature",
      "geometry": {
        "type": "Point",
        "coordinates": [
          96.9505347134354,
          4.811672965065149
        ]
      },
      "properties": {
        "location_name": "GPM2",
        "slug": "gpm2",
        "date": "Selasa, 25 Agustus 2026",
        "date_iso": "2026-08-25",
        "relative": "Lusa",
        "hour": "08:00",
        "rain_probability": 0,
        "risk_score": 26,
        "risk_class": "watch",
        "risk_label": "Perlu diperhatikan",
        "condition": "Berawan",
        "temp_c": 18.0,
        "humidity_pct": 91.0,
        "heat_index_c": 18.0,
        "wind_kmh": 3.3,
        "wind_dir": 0.0,
        "cloud_pct": 75.0
      }
    },
    {
      "type": "Feature",
      "geometry": {
        "type": "Point",
        "coordinates": [
          96.9505347134354,
          4.811672965065149
        ]
      },
      "properties": {
        "location_name": "GPM2",
        "slug": "gpm2",
        "date": "Selasa, 25 Agustus 2026",
        "date_iso": "2026-08-25",
        "relative": "Lusa",
        "hour": "09:00",
        "rain_probability": 0,
        "risk_score": 24,
        "risk_class": "safe",
        "risk_label": "Aman",
        "condition": "Berawan",
        "temp_c": 20.5,
        "humidity_pct": 82.0,
        "heat_index_c": 20.5,
        "wind_kmh": 2.3,
        "wind_dir": 0.0,
        "cloud_pct": 75.0
      }
    },
    {
      "type": "Feature",
      "geometry": {
        "type": "Point",
        "coordinates": [
          96.9505347134354,
          4.811672965065149
        ]
      },
      "properties": {
        "location_name": "GPM2",
        "slug": "gpm2",
        "date": "Selasa, 25 Agustus 2026",
        "date_iso": "2026-08-25",
        "relative": "Lusa",
        "hour": "10:00",
        "rain_probability": 0,
        "risk_score": 23,
        "risk_class": "safe",
        "risk_label": "Aman",
        "condition": "Berawan",
        "temp_c": 21.9,
        "humidity_pct": 77.0,
        "heat_index_c": 21.9,
        "wind_kmh": 2.5,
        "wind_dir": 0.0,
        "cloud_pct": 75.0
      }
    },
    {
      "type": "Feature",
      "geometry": {
        "type": "Point",
        "coordinates": [
          96.9505347134354,
          4.811672965065149
        ]
      },
      "properties": {
        "location_name": "GPM2",
        "slug": "gpm2",
        "date": "Selasa, 25 Agustus 2026",
        "date_iso": "2026-08-25",
        "relative": "Lusa",
        "hour": "11:00",
        "rain_probability": 28.9,
        "risk_score": 32,
        "risk_class": "watch",
        "risk_label": "Perlu diperhatikan",
        "condition": "Berawan",
        "temp_c": 22.7,
        "humidity_pct": 73.0,
        "heat_index_c": 22.7,
        "wind_kmh": 3.6,
        "wind_dir": 0.0,
        "cloud_pct": 75.0
      }
    },
    {
      "type": "Feature",
      "geometry": {
        "type": "Point",
        "coordinates": [
          96.9505347134354,
          4.811672965065149
        ]
      },
      "properties": {
        "location_name": "GPM2",
        "slug": "gpm2",
        "date": "Selasa, 25 Agustus 2026",
        "date_iso": "2026-08-25",
        "relative": "Lusa",
        "hour": "12:00",
        "rain_probability": 57.7,
        "risk_score": 58,
        "risk_class": "rain",
        "risk_label": "Waspada",
        "condition": "Hujan Ringan",
        "temp_c": 23.0,
        "humidity_pct": 73.0,
        "heat_index_c": 23.0,
        "wind_kmh": 4.0,
        "wind_dir": 0.0,
        "cloud_pct": 88.0
      }
    },
    {
      "type": "Feature",
      "geometry": {
        "type": "Point",
        "coordinates": [
          96.9505347134354,
          4.811672965065149
        ]
      },
      "properties": {
        "location_name": "GPM2",
        "slug": "gpm2",
        "date": "Selasa, 25 Agustus 2026",
        "date_iso": "2026-08-25",
        "relative": "Lusa",
        "hour": "13:00",
        "rain_probability": 55.2,
        "risk_score": 55,
        "risk_class": "rain",
        "risk_label": "Waspada",
        "condition": "Hujan Ringan",
        "temp_c": 23.0,
        "humidity_pct": 71.0,
        "heat_index_c": 23.0,
        "wind_kmh": 6.0,
        "wind_dir": 0.0,
        "cloud_pct": 88.0
      }
    },
    {
      "type": "Feature",
      "geometry": {
        "type": "Point",
        "coordinates": [
          96.9505347134354,
          4.811672965065149
        ]
      },
      "properties": {
        "location_name": "GPM2",
        "slug": "gpm2",
        "date": "Selasa, 25 Agustus 2026",
        "date_iso": "2026-08-25",
        "relative": "Lusa",
        "hour": "14:00",
        "rain_probability": 86.6,
        "risk_score": 87,
        "risk_class": "danger",
        "risk_label": "Berpotensi signifikan",
        "condition": "Hujan Lebat",
        "temp_c": 23.0,
        "humidity_pct": 71.0,
        "heat_index_c": 23.0,
        "wind_kmh": 6.2,
        "wind_dir": 0.0,
        "cloud_pct": 88.0
      }
    },
    {
      "type": "Feature",
      "geometry": {
        "type": "Point",
        "coordinates": [
          96.9505347134354,
          4.811672965065149
        ]
      },
      "properties": {
        "location_name": "GPM2",
        "slug": "gpm2",
        "date": "Selasa, 25 Agustus 2026",
        "date_iso": "2026-08-25",
        "relative": "Lusa",
        "hour": "15:00",
        "rain_probability": 86.6,
        "risk_score": 87,
        "risk_class": "danger",
        "risk_label": "Berpotensi signifikan",
        "condition": "Hujan Ringan",
        "temp_c": 21.4,
        "humidity_pct": 91.0,
        "heat_index_c": 21.4,
        "wind_kmh": 3.8,
        "wind_dir": 0.0,
        "cloud_pct": 88.0
      }
    },
    {
      "type": "Feature",
      "geometry": {
        "type": "Point",
        "coordinates": [
          96.9505347134354,
          4.811672965065149
        ]
      },
      "properties": {
        "location_name": "GPM2",
        "slug": "gpm2",
        "date": "Selasa, 25 Agustus 2026",
        "date_iso": "2026-08-25",
        "relative": "Lusa",
        "hour": "16:00",
        "rain_probability": 82.9,
        "risk_score": 83,
        "risk_class": "danger",
        "risk_label": "Berpotensi signifikan",
        "condition": "Hujan Ringan",
        "temp_c": 20.9,
        "humidity_pct": 90.0,
        "heat_index_c": 20.9,
        "wind_kmh": 3.8,
        "wind_dir": 0.0,
        "cloud_pct": 88.0
      }
    },
    {
      "type": "Feature",
      "geometry": {
        "type": "Point",
        "coordinates": [
          96.9505347134354,
          4.811672965065149
        ]
      },
      "properties": {
        "location_name": "GPM2",
        "slug": "gpm2",
        "date": "Selasa, 25 Agustus 2026",
        "date_iso": "2026-08-25",
        "relative": "Lusa",
        "hour": "17:00",
        "rain_probability": 72.1,
        "risk_score": 72,
        "risk_class": "rain",
        "risk_label": "Waspada",
        "condition": "Hujan Ringan",
        "temp_c": 19.9,
        "humidity_pct": 93.0,
        "heat_index_c": 19.9,
        "wind_kmh": 3.8,
        "wind_dir": 0.0,
        "cloud_pct": 88.0
      }
    },
    {
      "type": "Feature",
      "geometry": {
        "type": "Point",
        "coordinates": [
          96.9505347134354,
          4.811672965065149
        ]
      },
      "properties": {
        "location_name": "GPM2",
        "slug": "gpm2",
        "date": "Selasa, 25 Agustus 2026",
        "date_iso": "2026-08-25",
        "relative": "Lusa",
        "hour": "18:00",
        "rain_probability": 72.1,
        "risk_score": 72,
        "risk_class": "rain",
        "risk_label": "Waspada",
        "condition": "Hujan Ringan",
        "temp_c": 19.2,
        "humidity_pct": 94.0,
        "heat_index_c": 19.2,
        "wind_kmh": 1.6,
        "wind_dir": 0.0,
        "cloud_pct": 88.0
      }
    },
    {
      "type": "Feature",
      "geometry": {
        "type": "Point",
        "coordinates": [
          96.9505347134354,
          4.811672965065149
        ]
      },
      "properties": {
        "location_name": "GPM2",
        "slug": "gpm2",
        "date": "Selasa, 25 Agustus 2026",
        "date_iso": "2026-08-25",
        "relative": "Lusa",
        "hour": "19:00",
        "rain_probability": 55.2,
        "risk_score": 56,
        "risk_class": "rain",
        "risk_label": "Waspada",
        "condition": "Berawan",
        "temp_c": 18.4,
        "humidity_pct": 96.0,
        "heat_index_c": 18.4,
        "wind_kmh": 1.8,
        "wind_dir": 0.0,
        "cloud_pct": 88.0
      }
    },
    {
      "type": "Feature",
      "geometry": {
        "type": "Point",
        "coordinates": [
          96.9505347134354,
          4.811672965065149
        ]
      },
      "properties": {
        "location_name": "GPM2",
        "slug": "gpm2",
        "date": "Selasa, 25 Agustus 2026",
        "date_iso": "2026-08-25",
        "relative": "Lusa",
        "hour": "20:00",
        "rain_probability": 28.9,
        "risk_score": 38,
        "risk_class": "watch",
        "risk_label": "Perlu diperhatikan",
        "condition": "Berawan",
        "temp_c": 17.4,
        "humidity_pct": 97.0,
        "heat_index_c": 17.4,
        "wind_kmh": 1.9,
        "wind_dir": 0.0,
        "cloud_pct": 75.0
      }
    },
    {
      "type": "Feature",
      "geometry": {
        "type": "Point",
        "coordinates": [
          96.9505347134354,
          4.811672965065149
        ]
      },
      "properties": {
        "location_name": "GPM2",
        "slug": "gpm2",
        "date": "Selasa, 25 Agustus 2026",
        "date_iso": "2026-08-25",
        "relative": "Lusa",
        "hour": "21:00",
        "rain_probability": 28.9,
        "risk_score": 37,
        "risk_class": "watch",
        "risk_label": "Perlu diperhatikan",
        "condition": "Berawan",
        "temp_c": 17.3,
        "humidity_pct": 96.0,
        "heat_index_c": 17.3,
        "wind_kmh": 4.0,
        "wind_dir": 0.0,
        "cloud_pct": 75.0
      }
    },
    {
      "type": "Feature",
      "geometry": {
        "type": "Point",
        "coordinates": [
          96.9505347134354,
          4.811672965065149
        ]
      },
      "properties": {
        "location_name": "GPM2",
        "slug": "gpm2",
        "date": "Selasa, 25 Agustus 2026",
        "date_iso": "2026-08-25",
        "relative": "Lusa",
        "hour": "22:00",
        "rain_probability": 27.6,
        "risk_score": 36,
        "risk_class": "watch",
        "risk_label": "Perlu diperhatikan",
        "condition": "Berawan",
        "temp_c": 17.2,
        "humidity_pct": 97.0,
        "heat_index_c": 17.2,
        "wind_kmh": 4.0,
        "wind_dir": 0.0,
        "cloud_pct": 75.0
      }
    },
    {
      "type": "Feature",
      "geometry": {
        "type": "Point",
        "coordinates": [
          96.9505347134354,
          4.811672965065149
        ]
      },
      "properties": {
        "location_name": "GPM2",
        "slug": "gpm2",
        "date": "Selasa, 25 Agustus 2026",
        "date_iso": "2026-08-25",
        "relative": "Lusa",
        "hour": "23:00",
        "rain_probability": 14.4,
        "risk_score": 28,
        "risk_class": "watch",
        "risk_label": "Perlu diperhatikan",
        "condition": "Berawan",
        "temp_c": 17.0,
        "humidity_pct": 97.0,
        "heat_index_c": 17.0,
        "wind_kmh": 4.7,
        "wind_dir": 0.0,
        "cloud_pct": 75.0
      }
    },
    {
      "type": "Feature",
      "geometry": {
        "type": "Point",
        "coordinates": [
          97.009911990332,
          4.815409756944025
        ]
      },
      "properties": {
        "location_name": "GPM3",
        "slug": "gpm3",
        "date": "Minggu, 23 Agustus 2026",
        "date_iso": "2026-08-23",
        "relative": "Hari ini",
        "hour": "00:00",
        "rain_probability": 0,
        "risk_score": 27,
        "risk_class": "watch",
        "risk_label": "Perlu diperhatikan",
        "condition": "Berawan",
        "temp_c": 15.8,
        "humidity_pct": 98.0,
        "heat_index_c": 15.8,
        "wind_kmh": 1.9,
        "wind_dir": 0.0,
        "cloud_pct": 75.0
      }
    },
    {
      "type": "Feature",
      "geometry": {
        "type": "Point",
        "coordinates": [
          97.009911990332,
          4.815409756944025
        ]
      },
      "properties": {
        "location_name": "GPM3",
        "slug": "gpm3",
        "date": "Minggu, 23 Agustus 2026",
        "date_iso": "2026-08-23",
        "relative": "Hari ini",
        "hour": "01:00",
        "rain_probability": 16.7,
        "risk_score": 30,
        "risk_class": "watch",
        "risk_label": "Perlu diperhatikan",
        "condition": "Berawan",
        "temp_c": 15.3,
        "humidity_pct": 98.0,
        "heat_index_c": 15.3,
        "wind_kmh": 2.3,
        "wind_dir": 0.0,
        "cloud_pct": 75.0
      }
    },
    {
      "type": "Feature",
      "geometry": {
        "type": "Point",
        "coordinates": [
          97.009911990332,
          4.815409756944025
        ]
      },
      "properties": {
        "location_name": "GPM3",
        "slug": "gpm3",
        "date": "Minggu, 23 Agustus 2026",
        "date_iso": "2026-08-23",
        "relative": "Hari ini",
        "hour": "02:00",
        "rain_probability": 16.7,
        "risk_score": 29,
        "risk_class": "watch",
        "risk_label": "Perlu diperhatikan",
        "condition": "Berawan",
        "temp_c": 14.9,
        "humidity_pct": 97.0,
        "heat_index_c": 14.9,
        "wind_kmh": 2.6,
        "wind_dir": 0.0,
        "cloud_pct": 75.0
      }
    },
    {
      "type": "Feature",
      "geometry": {
        "type": "Point",
        "coordinates": [
          97.009911990332,
          4.815409756944025
        ]
      },
      "properties": {
        "location_name": "GPM3",
        "slug": "gpm3",
        "date": "Minggu, 23 Agustus 2026",
        "date_iso": "2026-08-23",
        "relative": "Hari ini",
        "hour": "03:00",
        "rain_probability": 16.7,
        "risk_score": 30,
        "risk_class": "watch",
        "risk_label": "Perlu diperhatikan",
        "condition": "Berawan",
        "temp_c": 14.7,
        "humidity_pct": 96.0,
        "heat_index_c": 14.7,
        "wind_kmh": 2.6,
        "wind_dir": 0.0,
        "cloud_pct": 75.0
      }
    },
    {
      "type": "Feature",
      "geometry": {
        "type": "Point",
        "coordinates": [
          97.009911990332,
          4.815409756944025
        ]
      },
      "properties": {
        "location_name": "GPM3",
        "slug": "gpm3",
        "date": "Minggu, 23 Agustus 2026",
        "date_iso": "2026-08-23",
        "relative": "Hari ini",
        "hour": "04:00",
        "rain_probability": 15.0,
        "risk_score": 29,
        "risk_class": "watch",
        "risk_label": "Perlu diperhatikan",
        "condition": "Berawan",
        "temp_c": 15.3,
        "humidity_pct": 97.0,
        "heat_index_c": 15.3,
        "wind_kmh": 2.7,
        "wind_dir": 0.0,
        "cloud_pct": 75.0
      }
    },
    {
      "type": "Feature",
      "geometry": {
        "type": "Point",
        "coordinates": [
          97.009911990332,
          4.815409756944025
        ]
      },
      "properties": {
        "location_name": "GPM3",
        "slug": "gpm3",
        "date": "Minggu, 23 Agustus 2026",
        "date_iso": "2026-08-23",
        "relative": "Hari ini",
        "hour": "05:00",
        "rain_probability": 0,
        "risk_score": 27,
        "risk_class": "watch",
        "risk_label": "Perlu diperhatikan",
        "condition": "Berawan",
        "temp_c": 15.5,
        "humidity_pct": 97.0,
        "heat_index_c": 15.5,
        "wind_kmh": 3.7,
        "wind_dir": 0.0,
        "cloud_pct": 75.0
      }
    },
    {
      "type": "Feature",
      "geometry": {
        "type": "Point",
        "coordinates": [
          97.009911990332,
          4.815409756944025
        ]
      },
      "properties": {
        "location_name": "GPM3",
        "slug": "gpm3",
        "date": "Minggu, 23 Agustus 2026",
        "date_iso": "2026-08-23",
        "relative": "Hari ini",
        "hour": "06:00",
        "rain_probability": 0,
        "risk_score": 24,
        "risk_class": "safe",
        "risk_label": "Aman",
        "condition": "Berawan",
        "temp_c": 15.3,
        "humidity_pct": 97.0,
        "heat_index_c": 15.3,
        "wind_kmh": 4.7,
        "wind_dir": 0.0,
        "cloud_pct": 45.0
      }
    },
    {
      "type": "Feature",
      "geometry": {
        "type": "Point",
        "coordinates": [
          97.009911990332,
          4.815409756944025
        ]
      },
      "properties": {
        "location_name": "GPM3",
        "slug": "gpm3",
        "date": "Minggu, 23 Agustus 2026",
        "date_iso": "2026-08-23",
        "relative": "Hari ini",
        "hour": "07:00",
        "rain_probability": 0,
        "risk_score": 24,
        "risk_class": "safe",
        "risk_label": "Aman",
        "condition": "Cerah",
        "temp_c": 16.1,
        "humidity_pct": 96.0,
        "heat_index_c": 16.1,
        "wind_kmh": 4.1,
        "wind_dir": 0.0,
        "cloud_pct": 45.0
      }
    },
    {
      "type": "Feature",
      "geometry": {
        "type": "Point",
        "coordinates": [
          97.009911990332,
          4.815409756944025
        ]
      },
      "properties": {
        "location_name": "GPM3",
        "slug": "gpm3",
        "date": "Minggu, 23 Agustus 2026",
        "date_iso": "2026-08-23",
        "relative": "Hari ini",
        "hour": "08:00",
        "rain_probability": 14.4,
        "risk_score": 27,
        "risk_class": "watch",
        "risk_label": "Perlu diperhatikan",
        "condition": "Cerah",
        "temp_c": 18.2,
        "humidity_pct": 92.0,
        "heat_index_c": 18.2,
        "wind_kmh": 2.7,
        "wind_dir": 0.0,
        "cloud_pct": 15.0
      }
    },
    {
      "type": "Feature",
      "geometry": {
        "type": "Point",
        "coordinates": [
          97.009911990332,
          4.815409756944025
        ]
      },
      "properties": {
        "location_name": "GPM3",
        "slug": "gpm3",
        "date": "Minggu, 23 Agustus 2026",
        "date_iso": "2026-08-23",
        "relative": "Hari ini",
        "hour": "09:00",
        "rain_probability": 28.8,
        "risk_score": 35,
        "risk_class": "watch",
        "risk_label": "Perlu diperhatikan",
        "condition": "Hujan Ringan",
        "temp_c": 20.0,
        "humidity_pct": 84.0,
        "heat_index_c": 20.0,
        "wind_kmh": 1.6,
        "wind_dir": 0.0,
        "cloud_pct": 75.0
      }
    },
    {
      "type": "Feature",
      "geometry": {
        "type": "Point",
        "coordinates": [
          97.009911990332,
          4.815409756944025
        ]
      },
      "properties": {
        "location_name": "GPM3",
        "slug": "gpm3",
        "date": "Minggu, 23 Agustus 2026",
        "date_iso": "2026-08-23",
        "relative": "Hari ini",
        "hour": "10:00",
        "rain_probability": 13.8,
        "risk_score": 25,
        "risk_class": "watch",
        "risk_label": "Perlu diperhatikan",
        "condition": "Cerah Berawan",
        "temp_c": 22.2,
        "humidity_pct": 78.0,
        "heat_index_c": 22.2,
        "wind_kmh": 3.1,
        "wind_dir": 0.0,
        "cloud_pct": 45.0
      }
    },
    {
      "type": "Feature",
      "geometry": {
        "type": "Point",
        "coordinates": [
          97.009911990332,
          4.815409756944025
        ]
      },
      "properties": {
        "location_name": "GPM3",
        "slug": "gpm3",
        "date": "Minggu, 23 Agustus 2026",
        "date_iso": "2026-08-23",
        "relative": "Hari ini",
        "hour": "11:00",
        "rain_probability": 43.2,
        "risk_score": 43,
        "risk_class": "watch",
        "risk_label": "Perlu diperhatikan",
        "condition": "Hujan Ringan",
        "temp_c": 22.8,
        "humidity_pct": 73.0,
        "heat_index_c": 22.8,
        "wind_kmh": 4.3,
        "wind_dir": 0.0,
        "cloud_pct": 75.0
      }
    },
    {
      "type": "Feature",
      "geometry": {
        "type": "Point",
        "coordinates": [
          97.009911990332,
          4.815409756944025
        ]
      },
      "properties": {
        "location_name": "GPM3",
        "slug": "gpm3",
        "date": "Minggu, 23 Agustus 2026",
        "date_iso": "2026-08-23",
        "relative": "Hari ini",
        "hour": "12:00",
        "rain_probability": 57.7,
        "risk_score": 58,
        "risk_class": "rain",
        "risk_label": "Waspada",
        "condition": "Hujan Ringan",
        "temp_c": 22.5,
        "humidity_pct": 72.0,
        "heat_index_c": 22.5,
        "wind_kmh": 7.3,
        "wind_dir": 0.0,
        "cloud_pct": 88.0
      }
    },
    {
      "type": "Feature",
      "geometry": {
        "type": "Point",
        "coordinates": [
          97.009911990332,
          4.815409756944025
        ]
      },
      "properties": {
        "location_name": "GPM3",
        "slug": "gpm3",
        "date": "Minggu, 23 Agustus 2026",
        "date_iso": "2026-08-23",
        "relative": "Hari ini",
        "hour": "13:00",
        "rain_probability": 69.0,
        "risk_score": 69,
        "risk_class": "rain",
        "risk_label": "Waspada",
        "condition": "Hujan Ringan",
        "temp_c": 22.7,
        "humidity_pct": 71.0,
        "heat_index_c": 22.7,
        "wind_kmh": 7.3,
        "wind_dir": 0.0,
        "cloud_pct": 88.0
      }
    },
    {
      "type": "Feature",
      "geometry": {
        "type": "Point",
        "coordinates": [
          97.009911990332,
          4.815409756944025
        ]
      },
      "properties": {
        "location_name": "GPM3",
        "slug": "gpm3",
        "date": "Minggu, 23 Agustus 2026",
        "date_iso": "2026-08-23",
        "relative": "Hari ini",
        "hour": "14:00",
        "rain_probability": 72.1,
        "risk_score": 77,
        "risk_class": "rain",
        "risk_label": "Waspada",
        "condition": "Hujan Ringan",
        "temp_c": 22.3,
        "humidity_pct": 72.0,
        "heat_index_c": 22.3,
        "wind_kmh": 7.3,
        "wind_dir": 0.0,
        "cloud_pct": 88.0
      }
    },
    {
      "type": "Feature",
      "geometry": {
        "type": "Point",
        "coordinates": [
          97.009911990332,
          4.815409756944025
        ]
      },
      "properties": {
        "location_name": "GPM3",
        "slug": "gpm3",
        "date": "Minggu, 23 Agustus 2026",
        "date_iso": "2026-08-23",
        "relative": "Hari ini",
        "hour": "15:00",
        "rain_probability": 86.5,
        "risk_score": 87,
        "risk_class": "danger",
        "risk_label": "Berpotensi signifikan",
        "condition": "Hujan Lebat",
        "temp_c": 21.0,
        "humidity_pct": 86.0,
        "heat_index_c": 21.0,
        "wind_kmh": 6.5,
        "wind_dir": 0.0,
        "cloud_pct": 94.0
      }
    },
    {
      "type": "Feature",
      "geometry": {
        "type": "Point",
        "coordinates": [
          97.009911990332,
          4.815409756944025
        ]
      },
      "properties": {
        "location_name": "GPM3",
        "slug": "gpm3",
        "date": "Minggu, 23 Agustus 2026",
        "date_iso": "2026-08-23",
        "relative": "Hari ini",
        "hour": "16:00",
        "rain_probability": 82.8,
        "risk_score": 83,
        "risk_class": "danger",
        "risk_label": "Berpotensi signifikan",
        "condition": "Hujan Ringan",
        "temp_c": 20.0,
        "humidity_pct": 91.0,
        "heat_index_c": 20.0,
        "wind_kmh": 4.6,
        "wind_dir": 0.0,
        "cloud_pct": 88.0
      }
    },
    {
      "type": "Feature",
      "geometry": {
        "type": "Point",
        "coordinates": [
          97.009911990332,
          4.815409756944025
        ]
      },
      "properties": {
        "location_name": "GPM3",
        "slug": "gpm3",
        "date": "Minggu, 23 Agustus 2026",
        "date_iso": "2026-08-23",
        "relative": "Hari ini",
        "hour": "17:00",
        "rain_probability": 86.5,
        "risk_score": 86,
        "risk_class": "danger",
        "risk_label": "Berpotensi signifikan",
        "condition": "Hujan Ringan",
        "temp_c": 19.5,
        "humidity_pct": 91.0,
        "heat_index_c": 19.5,
        "wind_kmh": 3.4,
        "wind_dir": 0.0,
        "cloud_pct": 88.0
      }
    },
    {
      "type": "Feature",
      "geometry": {
        "type": "Point",
        "coordinates": [
          97.009911990332,
          4.815409756944025
        ]
      },
      "properties": {
        "location_name": "GPM3",
        "slug": "gpm3",
        "date": "Minggu, 23 Agustus 2026",
        "date_iso": "2026-08-23",
        "relative": "Hari ini",
        "hour": "18:00",
        "rain_probability": 86.5,
        "risk_score": 86,
        "risk_class": "danger",
        "risk_label": "Berpotensi signifikan",
        "condition": "Hujan Ringan",
        "temp_c": 18.7,
        "humidity_pct": 95.0,
        "heat_index_c": 18.7,
        "wind_kmh": 3.2,
        "wind_dir": 0.0,
        "cloud_pct": 88.0
      }
    },
    {
      "type": "Feature",
      "geometry": {
        "type": "Point",
        "coordinates": [
          97.009911990332,
          4.815409756944025
        ]
      },
      "properties": {
        "location_name": "GPM3",
        "slug": "gpm3",
        "date": "Minggu, 23 Agustus 2026",
        "date_iso": "2026-08-23",
        "relative": "Hari ini",
        "hour": "19:00",
        "rain_probability": 82.8,
        "risk_score": 83,
        "risk_class": "danger",
        "risk_label": "Berpotensi signifikan",
        "condition": "Hujan Ringan",
        "temp_c": 17.7,
        "humidity_pct": 96.0,
        "heat_index_c": 17.7,
        "wind_kmh": 2.2,
        "wind_dir": 0.0,
        "cloud_pct": 88.0
      }
    },
    {
      "type": "Feature",
      "geometry": {
        "type": "Point",
        "coordinates": [
          97.009911990332,
          4.815409756944025
        ]
      },
      "properties": {
        "location_name": "GPM3",
        "slug": "gpm3",
        "date": "Minggu, 23 Agustus 2026",
        "date_iso": "2026-08-23",
        "relative": "Hari ini",
        "hour": "20:00",
        "rain_probability": 43.2,
        "risk_score": 46,
        "risk_class": "watch",
        "risk_label": "Perlu diperhatikan",
        "condition": "Berawan",
        "temp_c": 17.3,
        "humidity_pct": 96.0,
        "heat_index_c": 17.3,
        "wind_kmh": 2.6,
        "wind_dir": 0.0,
        "cloud_pct": 75.0
      }
    },
    {
      "type": "Feature",
      "geometry": {
        "type": "Point",
        "coordinates": [
          97.009911990332,
          4.815409756944025
        ]
      },
      "properties": {
        "location_name": "GPM3",
        "slug": "gpm3",
        "date": "Minggu, 23 Agustus 2026",
        "date_iso": "2026-08-23",
        "relative": "Hari ini",
        "hour": "21:00",
        "rain_probability": 43.2,
        "risk_score": 44,
        "risk_class": "watch",
        "risk_label": "Perlu diperhatikan",
        "condition": "Berawan",
        "temp_c": 17.0,
        "humidity_pct": 96.0,
        "heat_index_c": 17.0,
        "wind_kmh": 2.1,
        "wind_dir": 0.0,
        "cloud_pct": 75.0
      }
    },
    {
      "type": "Feature",
      "geometry": {
        "type": "Point",
        "coordinates": [
          97.009911990332,
          4.815409756944025
        ]
      },
      "properties": {
        "location_name": "GPM3",
        "slug": "gpm3",
        "date": "Minggu, 23 Agustus 2026",
        "date_iso": "2026-08-23",
        "relative": "Hari ini",
        "hour": "22:00",
        "rain_probability": 27.6,
        "risk_score": 36,
        "risk_class": "watch",
        "risk_label": "Perlu diperhatikan",
        "condition": "Berawan",
        "temp_c": 16.4,
        "humidity_pct": 97.0,
        "heat_index_c": 16.4,
        "wind_kmh": 3.2,
        "wind_dir": 0.0,
        "cloud_pct": 75.0
      }
    },
    {
      "type": "Feature",
      "geometry": {
        "type": "Point",
        "coordinates": [
          97.009911990332,
          4.815409756944025
        ]
      },
      "properties": {
        "location_name": "GPM3",
        "slug": "gpm3",
        "date": "Minggu, 23 Agustus 2026",
        "date_iso": "2026-08-23",
        "relative": "Hari ini",
        "hour": "23:00",
        "rain_probability": 0,
        "risk_score": 27,
        "risk_class": "watch",
        "risk_label": "Perlu diperhatikan",
        "condition": "Berawan",
        "temp_c": 16.0,
        "humidity_pct": 97.0,
        "heat_index_c": 16.0,
        "wind_kmh": 2.9,
        "wind_dir": 0.0,
        "cloud_pct": 75.0
      }
    },
    {
      "type": "Feature",
      "geometry": {
        "type": "Point",
        "coordinates": [
          97.009911990332,
          4.815409756944025
        ]
      },
      "properties": {
        "location_name": "GPM3",
        "slug": "gpm3",
        "date": "Senin, 24 Agustus 2026",
        "date_iso": "2026-08-24",
        "relative": "Besok",
        "hour": "00:00",
        "rain_probability": 14.4,
        "risk_score": 29,
        "risk_class": "watch",
        "risk_label": "Perlu diperhatikan",
        "condition": "Berawan",
        "temp_c": 15.8,
        "humidity_pct": 98.0,
        "heat_index_c": 15.8,
        "wind_kmh": 4.5,
        "wind_dir": 0.0,
        "cloud_pct": 75.0
      }
    },
    {
      "type": "Feature",
      "geometry": {
        "type": "Point",
        "coordinates": [
          97.009911990332,
          4.815409756944025
        ]
      },
      "properties": {
        "location_name": "GPM3",
        "slug": "gpm3",
        "date": "Senin, 24 Agustus 2026",
        "date_iso": "2026-08-24",
        "relative": "Besok",
        "hour": "01:00",
        "rain_probability": 13.8,
        "risk_score": 28,
        "risk_class": "watch",
        "risk_label": "Perlu diperhatikan",
        "condition": "Berawan",
        "temp_c": 15.5,
        "humidity_pct": 98.0,
        "heat_index_c": 15.5,
        "wind_kmh": 4.5,
        "wind_dir": 0.0,
        "cloud_pct": 75.0
      }
    },
    {
      "type": "Feature",
      "geometry": {
        "type": "Point",
        "coordinates": [
          97.009911990332,
          4.815409756944025
        ]
      },
      "properties": {
        "location_name": "GPM3",
        "slug": "gpm3",
        "date": "Senin, 24 Agustus 2026",
        "date_iso": "2026-08-24",
        "relative": "Besok",
        "hour": "02:00",
        "rain_probability": 14.4,
        "risk_score": 28,
        "risk_class": "watch",
        "risk_label": "Perlu diperhatikan",
        "condition": "Berawan",
        "temp_c": 15.2,
        "humidity_pct": 98.0,
        "heat_index_c": 15.2,
        "wind_kmh": 4.5,
        "wind_dir": 0.0,
        "cloud_pct": 75.0
      }
    },
    {
      "type": "Feature",
      "geometry": {
        "type": "Point",
        "coordinates": [
          97.009911990332,
          4.815409756944025
        ]
      },
      "properties": {
        "location_name": "GPM3",
        "slug": "gpm3",
        "date": "Senin, 24 Agustus 2026",
        "date_iso": "2026-08-24",
        "relative": "Besok",
        "hour": "03:00",
        "rain_probability": 14.4,
        "risk_score": 28,
        "risk_class": "watch",
        "risk_label": "Perlu diperhatikan",
        "condition": "Berawan",
        "temp_c": 15.0,
        "humidity_pct": 97.0,
        "heat_index_c": 15.0,
        "wind_kmh": 4.6,
        "wind_dir": 0.0,
        "cloud_pct": 75.0
      }
    },
    {
      "type": "Feature",
      "geometry": {
        "type": "Point",
        "coordinates": [
          97.009911990332,
          4.815409756944025
        ]
      },
      "properties": {
        "location_name": "GPM3",
        "slug": "gpm3",
        "date": "Senin, 24 Agustus 2026",
        "date_iso": "2026-08-24",
        "relative": "Besok",
        "hour": "04:00",
        "rain_probability": 0,
        "risk_score": 27,
        "risk_class": "watch",
        "risk_label": "Perlu diperhatikan",
        "condition": "Berawan",
        "temp_c": 14.9,
        "humidity_pct": 97.0,
        "heat_index_c": 14.9,
        "wind_kmh": 4.6,
        "wind_dir": 0.0,
        "cloud_pct": 75.0
      }
    },
    {
      "type": "Feature",
      "geometry": {
        "type": "Point",
        "coordinates": [
          97.009911990332,
          4.815409756944025
        ]
      },
      "properties": {
        "location_name": "GPM3",
        "slug": "gpm3",
        "date": "Senin, 24 Agustus 2026",
        "date_iso": "2026-08-24",
        "relative": "Besok",
        "hour": "05:00",
        "rain_probability": 0,
        "risk_score": 27,
        "risk_class": "watch",
        "risk_label": "Perlu diperhatikan",
        "condition": "Berawan",
        "temp_c": 14.9,
        "humidity_pct": 97.0,
        "heat_index_c": 14.9,
        "wind_kmh": 4.6,
        "wind_dir": 0.0,
        "cloud_pct": 75.0
      }
    },
    {
      "type": "Feature",
      "geometry": {
        "type": "Point",
        "coordinates": [
          97.009911990332,
          4.815409756944025
        ]
      },
      "properties": {
        "location_name": "GPM3",
        "slug": "gpm3",
        "date": "Senin, 24 Agustus 2026",
        "date_iso": "2026-08-24",
        "relative": "Besok",
        "hour": "06:00",
        "rain_probability": 0,
        "risk_score": 27,
        "risk_class": "watch",
        "risk_label": "Perlu diperhatikan",
        "condition": "Berawan",
        "temp_c": 15.2,
        "humidity_pct": 97.0,
        "heat_index_c": 15.2,
        "wind_kmh": 5.0,
        "wind_dir": 0.0,
        "cloud_pct": 75.0
      }
    },
    {
      "type": "Feature",
      "geometry": {
        "type": "Point",
        "coordinates": [
          97.009911990332,
          4.815409756944025
        ]
      },
      "properties": {
        "location_name": "GPM3",
        "slug": "gpm3",
        "date": "Senin, 24 Agustus 2026",
        "date_iso": "2026-08-24",
        "relative": "Besok",
        "hour": "07:00",
        "rain_probability": 0,
        "risk_score": 27,
        "risk_class": "watch",
        "risk_label": "Perlu diperhatikan",
        "condition": "Berawan",
        "temp_c": 15.9,
        "humidity_pct": 96.0,
        "heat_index_c": 15.9,
        "wind_kmh": 4.5,
        "wind_dir": 0.0,
        "cloud_pct": 75.0
      }
    },
    {
      "type": "Feature",
      "geometry": {
        "type": "Point",
        "coordinates": [
          97.009911990332,
          4.815409756944025
        ]
      },
      "properties": {
        "location_name": "GPM3",
        "slug": "gpm3",
        "date": "Senin, 24 Agustus 2026",
        "date_iso": "2026-08-24",
        "relative": "Besok",
        "hour": "08:00",
        "rain_probability": 0,
        "risk_score": 26,
        "risk_class": "watch",
        "risk_label": "Perlu diperhatikan",
        "condition": "Berawan",
        "temp_c": 17.4,
        "humidity_pct": 90.0,
        "heat_index_c": 17.4,
        "wind_kmh": 3.6,
        "wind_dir": 0.0,
        "cloud_pct": 75.0
      }
    },
    {
      "type": "Feature",
      "geometry": {
        "type": "Point",
        "coordinates": [
          97.009911990332,
          4.815409756944025
        ]
      },
      "properties": {
        "location_name": "GPM3",
        "slug": "gpm3",
        "date": "Senin, 24 Agustus 2026",
        "date_iso": "2026-08-24",
        "relative": "Besok",
        "hour": "09:00",
        "rain_probability": 14.4,
        "risk_score": 25,
        "risk_class": "watch",
        "risk_label": "Perlu diperhatikan",
        "condition": "Berawan",
        "temp_c": 19.4,
        "humidity_pct": 82.0,
        "heat_index_c": 19.4,
        "wind_kmh": 2.3,
        "wind_dir": 0.0,
        "cloud_pct": 75.0
      }
    },
    {
      "type": "Feature",
      "geometry": {
        "type": "Point",
        "coordinates": [
          97.009911990332,
          4.815409756944025
        ]
      },
      "properties": {
        "location_name": "GPM3",
        "slug": "gpm3",
        "date": "Senin, 24 Agustus 2026",
        "date_iso": "2026-08-24",
        "relative": "Besok",
        "hour": "10:00",
        "rain_probability": 13.8,
        "risk_score": 24,
        "risk_class": "safe",
        "risk_label": "Aman",
        "condition": "Berawan",
        "temp_c": 20.9,
        "humidity_pct": 74.0,
        "heat_index_c": 20.9,
        "wind_kmh": 3.1,
        "wind_dir": 0.0,
        "cloud_pct": 75.0
      }
    },
    {
      "type": "Feature",
      "geometry": {
        "type": "Point",
        "coordinates": [
          97.009911990332,
          4.815409756944025
        ]
      },
      "properties": {
        "location_name": "GPM3",
        "slug": "gpm3",
        "date": "Senin, 24 Agustus 2026",
        "date_iso": "2026-08-24",
        "relative": "Besok",
        "hour": "11:00",
        "rain_probability": 43.3,
        "risk_score": 43,
        "risk_class": "watch",
        "risk_label": "Perlu diperhatikan",
        "condition": "Hujan Ringan",
        "temp_c": 21.8,
        "humidity_pct": 73.0,
        "heat_index_c": 21.8,
        "wind_kmh": 4.3,
        "wind_dir": 0.0,
        "cloud_pct": 75.0
      }
    },
    {
      "type": "Feature",
      "geometry": {
        "type": "Point",
        "coordinates": [
          97.009911990332,
          4.815409756944025
        ]
      },
      "properties": {
        "location_name": "GPM3",
        "slug": "gpm3",
        "date": "Senin, 24 Agustus 2026",
        "date_iso": "2026-08-24",
        "relative": "Besok",
        "hour": "12:00",
        "rain_probability": 100,
        "risk_score": 100,
        "risk_class": "danger",
        "risk_label": "Berpotensi signifikan",
        "condition": "Hujan Ringan",
        "temp_c": 21.5,
        "humidity_pct": 75.0,
        "heat_index_c": 21.5,
        "wind_kmh": 5.1,
        "wind_dir": 0.0,
        "cloud_pct": 88.0
      }
    },
    {
      "type": "Feature",
      "geometry": {
        "type": "Point",
        "coordinates": [
          97.009911990332,
          4.815409756944025
        ]
      },
      "properties": {
        "location_name": "GPM3",
        "slug": "gpm3",
        "date": "Senin, 24 Agustus 2026",
        "date_iso": "2026-08-24",
        "relative": "Besok",
        "hour": "13:00",
        "rain_probability": 100,
        "risk_score": 100,
        "risk_class": "danger",
        "risk_label": "Berpotensi signifikan",
        "condition": "Hujan Ringan",
        "temp_c": 21.0,
        "humidity_pct": 88.0,
        "heat_index_c": 21.0,
        "wind_kmh": 5.8,
        "wind_dir": 0.0,
        "cloud_pct": 88.0
      }
    },
    {
      "type": "Feature",
      "geometry": {
        "type": "Point",
        "coordinates": [
          97.009911990332,
          4.815409756944025
        ]
      },
      "properties": {
        "location_name": "GPM3",
        "slug": "gpm3",
        "date": "Senin, 24 Agustus 2026",
        "date_iso": "2026-08-24",
        "relative": "Besok",
        "hour": "14:00",
        "rain_probability": 100,
        "risk_score": 100,
        "risk_class": "danger",
        "risk_label": "Berpotensi signifikan",
        "condition": "Hujan Lebat",
        "temp_c": 20.4,
        "humidity_pct": 89.0,
        "heat_index_c": 20.4,
        "wind_kmh": 4.8,
        "wind_dir": 0.0,
        "cloud_pct": 94.0
      }
    },
    {
      "type": "Feature",
      "geometry": {
        "type": "Point",
        "coordinates": [
          97.009911990332,
          4.815409756944025
        ]
      },
      "properties": {
        "location_name": "GPM3",
        "slug": "gpm3",
        "date": "Senin, 24 Agustus 2026",
        "date_iso": "2026-08-24",
        "relative": "Besok",
        "hour": "15:00",
        "rain_probability": 86.6,
        "risk_score": 87,
        "risk_class": "danger",
        "risk_label": "Berpotensi signifikan",
        "condition": "Hujan Lebat",
        "temp_c": 19.5,
        "humidity_pct": 91.0,
        "heat_index_c": 19.5,
        "wind_kmh": 5.0,
        "wind_dir": 0.0,
        "cloud_pct": 98.0
      }
    },
    {
      "type": "Feature",
      "geometry": {
        "type": "Point",
        "coordinates": [
          97.009911990332,
          4.815409756944025
        ]
      },
      "properties": {
        "location_name": "GPM3",
        "slug": "gpm3",
        "date": "Senin, 24 Agustus 2026",
        "date_iso": "2026-08-24",
        "relative": "Besok",
        "hour": "16:00",
        "rain_probability": 82.9,
        "risk_score": 83,
        "risk_class": "danger",
        "risk_label": "Berpotensi signifikan",
        "condition": "Hujan Sedang",
        "temp_c": 19.0,
        "humidity_pct": 92.0,
        "heat_index_c": 19.0,
        "wind_kmh": 5.5,
        "wind_dir": 0.0,
        "cloud_pct": 94.0
      }
    },
    {
      "type": "Feature",
      "geometry": {
        "type": "Point",
        "coordinates": [
          97.009911990332,
          4.815409756944025
        ]
      },
      "properties": {
        "location_name": "GPM3",
        "slug": "gpm3",
        "date": "Senin, 24 Agustus 2026",
        "date_iso": "2026-08-24",
        "relative": "Besok",
        "hour": "17:00",
        "rain_probability": 86.6,
        "risk_score": 87,
        "risk_class": "danger",
        "risk_label": "Berpotensi signifikan",
        "condition": "Hujan Ringan",
        "temp_c": 18.7,
        "humidity_pct": 94.0,
        "heat_index_c": 18.7,
        "wind_kmh": 3.1,
        "wind_dir": 0.0,
        "cloud_pct": 88.0
      }
    },
    {
      "type": "Feature",
      "geometry": {
        "type": "Point",
        "coordinates": [
          97.009911990332,
          4.815409756944025
        ]
      },
      "properties": {
        "location_name": "GPM3",
        "slug": "gpm3",
        "date": "Senin, 24 Agustus 2026",
        "date_iso": "2026-08-24",
        "relative": "Besok",
        "hour": "18:00",
        "rain_probability": 86.6,
        "risk_score": 87,
        "risk_class": "danger",
        "risk_label": "Berpotensi signifikan",
        "condition": "Hujan Ringan",
        "temp_c": 17.9,
        "humidity_pct": 97.0,
        "heat_index_c": 17.9,
        "wind_kmh": 2.2,
        "wind_dir": 0.0,
        "cloud_pct": 88.0
      }
    },
    {
      "type": "Feature",
      "geometry": {
        "type": "Point",
        "coordinates": [
          97.009911990332,
          4.815409756944025
        ]
      },
      "properties": {
        "location_name": "GPM3",
        "slug": "gpm3",
        "date": "Senin, 24 Agustus 2026",
        "date_iso": "2026-08-24",
        "relative": "Besok",
        "hour": "19:00",
        "rain_probability": 69.1,
        "risk_score": 69,
        "risk_class": "rain",
        "risk_label": "Waspada",
        "condition": "Hujan Ringan",
        "temp_c": 17.1,
        "humidity_pct": 97.0,
        "heat_index_c": 17.1,
        "wind_kmh": 1.8,
        "wind_dir": 0.0,
        "cloud_pct": 88.0
      }
    },
    {
      "type": "Feature",
      "geometry": {
        "type": "Point",
        "coordinates": [
          97.009911990332,
          4.815409756944025
        ]
      },
      "properties": {
        "location_name": "GPM3",
        "slug": "gpm3",
        "date": "Senin, 24 Agustus 2026",
        "date_iso": "2026-08-24",
        "relative": "Besok",
        "hour": "20:00",
        "rain_probability": 28.9,
        "risk_score": 36,
        "risk_class": "watch",
        "risk_label": "Perlu diperhatikan",
        "condition": "Berawan",
        "temp_c": 17.0,
        "humidity_pct": 98.0,
        "heat_index_c": 17.0,
        "wind_kmh": 1.0,
        "wind_dir": 0.0,
        "cloud_pct": 75.0
      }
    },
    {
      "type": "Feature",
      "geometry": {
        "type": "Point",
        "coordinates": [
          97.009911990332,
          4.815409756944025
        ]
      },
      "properties": {
        "location_name": "GPM3",
        "slug": "gpm3",
        "date": "Senin, 24 Agustus 2026",
        "date_iso": "2026-08-24",
        "relative": "Besok",
        "hour": "21:00",
        "rain_probability": 0,
        "risk_score": 27,
        "risk_class": "watch",
        "risk_label": "Perlu diperhatikan",
        "condition": "Berawan",
        "temp_c": 17.0,
        "humidity_pct": 97.0,
        "heat_index_c": 17.0,
        "wind_kmh": 1.5,
        "wind_dir": 0.0,
        "cloud_pct": 75.0
      }
    },
    {
      "type": "Feature",
      "geometry": {
        "type": "Point",
        "coordinates": [
          97.009911990332,
          4.815409756944025
        ]
      },
      "properties": {
        "location_name": "GPM3",
        "slug": "gpm3",
        "date": "Senin, 24 Agustus 2026",
        "date_iso": "2026-08-24",
        "relative": "Besok",
        "hour": "22:00",
        "rain_probability": 0,
        "risk_score": 27,
        "risk_class": "watch",
        "risk_label": "Perlu diperhatikan",
        "condition": "Berawan",
        "temp_c": 16.8,
        "humidity_pct": 96.0,
        "heat_index_c": 16.8,
        "wind_kmh": 2.6,
        "wind_dir": 0.0,
        "cloud_pct": 75.0
      }
    },
    {
      "type": "Feature",
      "geometry": {
        "type": "Point",
        "coordinates": [
          97.009911990332,
          4.815409756944025
        ]
      },
      "properties": {
        "location_name": "GPM3",
        "slug": "gpm3",
        "date": "Senin, 24 Agustus 2026",
        "date_iso": "2026-08-24",
        "relative": "Besok",
        "hour": "23:00",
        "rain_probability": 14.4,
        "risk_score": 28,
        "risk_class": "watch",
        "risk_label": "Perlu diperhatikan",
        "condition": "Berawan",
        "temp_c": 16.3,
        "humidity_pct": 96.0,
        "heat_index_c": 16.3,
        "wind_kmh": 3.6,
        "wind_dir": 0.0,
        "cloud_pct": 75.0
      }
    },
    {
      "type": "Feature",
      "geometry": {
        "type": "Point",
        "coordinates": [
          97.009911990332,
          4.815409756944025
        ]
      },
      "properties": {
        "location_name": "GPM3",
        "slug": "gpm3",
        "date": "Selasa, 25 Agustus 2026",
        "date_iso": "2026-08-25",
        "relative": "Lusa",
        "hour": "00:00",
        "rain_probability": 0,
        "risk_score": 27,
        "risk_class": "watch",
        "risk_label": "Perlu diperhatikan",
        "condition": "Berawan",
        "temp_c": 15.6,
        "humidity_pct": 96.0,
        "heat_index_c": 15.6,
        "wind_kmh": 4.5,
        "wind_dir": 0.0,
        "cloud_pct": 75.0
      }
    },
    {
      "type": "Feature",
      "geometry": {
        "type": "Point",
        "coordinates": [
          97.009911990332,
          4.815409756944025
        ]
      },
      "properties": {
        "location_name": "GPM3",
        "slug": "gpm3",
        "date": "Selasa, 25 Agustus 2026",
        "date_iso": "2026-08-25",
        "relative": "Lusa",
        "hour": "01:00",
        "rain_probability": 0,
        "risk_score": 27,
        "risk_class": "watch",
        "risk_label": "Perlu diperhatikan",
        "condition": "Berawan",
        "temp_c": 15.5,
        "humidity_pct": 96.0,
        "heat_index_c": 15.5,
        "wind_kmh": 5.0,
        "wind_dir": 0.0,
        "cloud_pct": 75.0
      }
    },
    {
      "type": "Feature",
      "geometry": {
        "type": "Point",
        "coordinates": [
          97.009911990332,
          4.815409756944025
        ]
      },
      "properties": {
        "location_name": "GPM3",
        "slug": "gpm3",
        "date": "Selasa, 25 Agustus 2026",
        "date_iso": "2026-08-25",
        "relative": "Lusa",
        "hour": "02:00",
        "rain_probability": 14.4,
        "risk_score": 27,
        "risk_class": "watch",
        "risk_label": "Perlu diperhatikan",
        "condition": "Berawan",
        "temp_c": 15.6,
        "humidity_pct": 97.0,
        "heat_index_c": 15.6,
        "wind_kmh": 5.4,
        "wind_dir": 0.0,
        "cloud_pct": 75.0
      }
    },
    {
      "type": "Feature",
      "geometry": {
        "type": "Point",
        "coordinates": [
          97.009911990332,
          4.815409756944025
        ]
      },
      "properties": {
        "location_name": "GPM3",
        "slug": "gpm3",
        "date": "Selasa, 25 Agustus 2026",
        "date_iso": "2026-08-25",
        "relative": "Lusa",
        "hour": "03:00",
        "rain_probability": 14.4,
        "risk_score": 27,
        "risk_class": "watch",
        "risk_label": "Perlu diperhatikan",
        "condition": "Berawan",
        "temp_c": 15.2,
        "humidity_pct": 97.0,
        "heat_index_c": 15.2,
        "wind_kmh": 5.9,
        "wind_dir": 0.0,
        "cloud_pct": 75.0
      }
    },
    {
      "type": "Feature",
      "geometry": {
        "type": "Point",
        "coordinates": [
          97.009911990332,
          4.815409756944025
        ]
      },
      "properties": {
        "location_name": "GPM3",
        "slug": "gpm3",
        "date": "Selasa, 25 Agustus 2026",
        "date_iso": "2026-08-25",
        "relative": "Lusa",
        "hour": "04:00",
        "rain_probability": 0,
        "risk_score": 27,
        "risk_class": "watch",
        "risk_label": "Perlu diperhatikan",
        "condition": "Berawan",
        "temp_c": 15.0,
        "humidity_pct": 97.0,
        "heat_index_c": 15.0,
        "wind_kmh": 5.6,
        "wind_dir": 0.0,
        "cloud_pct": 75.0
      }
    },
    {
      "type": "Feature",
      "geometry": {
        "type": "Point",
        "coordinates": [
          97.009911990332,
          4.815409756944025
        ]
      },
      "properties": {
        "location_name": "GPM3",
        "slug": "gpm3",
        "date": "Selasa, 25 Agustus 2026",
        "date_iso": "2026-08-25",
        "relative": "Lusa",
        "hour": "05:00",
        "rain_probability": 0,
        "risk_score": 27,
        "risk_class": "watch",
        "risk_label": "Perlu diperhatikan",
        "condition": "Berawan",
        "temp_c": 15.0,
        "humidity_pct": 97.0,
        "heat_index_c": 15.0,
        "wind_kmh": 5.8,
        "wind_dir": 0.0,
        "cloud_pct": 75.0
      }
    },
    {
      "type": "Feature",
      "geometry": {
        "type": "Point",
        "coordinates": [
          97.009911990332,
          4.815409756944025
        ]
      },
      "properties": {
        "location_name": "GPM3",
        "slug": "gpm3",
        "date": "Selasa, 25 Agustus 2026",
        "date_iso": "2026-08-25",
        "relative": "Lusa",
        "hour": "06:00",
        "rain_probability": 0,
        "risk_score": 26,
        "risk_class": "watch",
        "risk_label": "Perlu diperhatikan",
        "condition": "Berawan",
        "temp_c": 15.2,
        "humidity_pct": 95.0,
        "heat_index_c": 15.2,
        "wind_kmh": 5.4,
        "wind_dir": 0.0,
        "cloud_pct": 75.0
      }
    },
    {
      "type": "Feature",
      "geometry": {
        "type": "Point",
        "coordinates": [
          97.009911990332,
          4.815409756944025
        ]
      },
      "properties": {
        "location_name": "GPM3",
        "slug": "gpm3",
        "date": "Selasa, 25 Agustus 2026",
        "date_iso": "2026-08-25",
        "relative": "Lusa",
        "hour": "07:00",
        "rain_probability": 0,
        "risk_score": 26,
        "risk_class": "watch",
        "risk_label": "Perlu diperhatikan",
        "condition": "Berawan",
        "temp_c": 15.3,
        "humidity_pct": 93.0,
        "heat_index_c": 15.3,
        "wind_kmh": 5.0,
        "wind_dir": 0.0,
        "cloud_pct": 75.0
      }
    },
    {
      "type": "Feature",
      "geometry": {
        "type": "Point",
        "coordinates": [
          97.009911990332,
          4.815409756944025
        ]
      },
      "properties": {
        "location_name": "GPM3",
        "slug": "gpm3",
        "date": "Selasa, 25 Agustus 2026",
        "date_iso": "2026-08-25",
        "relative": "Lusa",
        "hour": "08:00",
        "rain_probability": 0,
        "risk_score": 26,
        "risk_class": "watch",
        "risk_label": "Perlu diperhatikan",
        "condition": "Berawan",
        "temp_c": 16.7,
        "humidity_pct": 91.0,
        "heat_index_c": 16.7,
        "wind_kmh": 3.3,
        "wind_dir": 0.0,
        "cloud_pct": 75.0
      }
    },
    {
      "type": "Feature",
      "geometry": {
        "type": "Point",
        "coordinates": [
          97.009911990332,
          4.815409756944025
        ]
      },
      "properties": {
        "location_name": "GPM3",
        "slug": "gpm3",
        "date": "Selasa, 25 Agustus 2026",
        "date_iso": "2026-08-25",
        "relative": "Lusa",
        "hour": "09:00",
        "rain_probability": 0,
        "risk_score": 24,
        "risk_class": "safe",
        "risk_label": "Aman",
        "condition": "Berawan",
        "temp_c": 18.7,
        "humidity_pct": 82.0,
        "heat_index_c": 18.7,
        "wind_kmh": 2.3,
        "wind_dir": 0.0,
        "cloud_pct": 75.0
      }
    },
    {
      "type": "Feature",
      "geometry": {
        "type": "Point",
        "coordinates": [
          97.009911990332,
          4.815409756944025
        ]
      },
      "properties": {
        "location_name": "GPM3",
        "slug": "gpm3",
        "date": "Selasa, 25 Agustus 2026",
        "date_iso": "2026-08-25",
        "relative": "Lusa",
        "hour": "10:00",
        "rain_probability": 0,
        "risk_score": 23,
        "risk_class": "safe",
        "risk_label": "Aman",
        "condition": "Berawan",
        "temp_c": 20.7,
        "humidity_pct": 77.0,
        "heat_index_c": 20.7,
        "wind_kmh": 2.5,
        "wind_dir": 0.0,
        "cloud_pct": 75.0
      }
    },
    {
      "type": "Feature",
      "geometry": {
        "type": "Point",
        "coordinates": [
          97.009911990332,
          4.815409756944025
        ]
      },
      "properties": {
        "location_name": "GPM3",
        "slug": "gpm3",
        "date": "Selasa, 25 Agustus 2026",
        "date_iso": "2026-08-25",
        "relative": "Lusa",
        "hour": "11:00",
        "rain_probability": 28.9,
        "risk_score": 32,
        "risk_class": "watch",
        "risk_label": "Perlu diperhatikan",
        "condition": "Berawan",
        "temp_c": 22.0,
        "humidity_pct": 73.0,
        "heat_index_c": 22.0,
        "wind_kmh": 3.6,
        "wind_dir": 0.0,
        "cloud_pct": 75.0
      }
    },
    {
      "type": "Feature",
      "geometry": {
        "type": "Point",
        "coordinates": [
          97.009911990332,
          4.815409756944025
        ]
      },
      "properties": {
        "location_name": "GPM3",
        "slug": "gpm3",
        "date": "Selasa, 25 Agustus 2026",
        "date_iso": "2026-08-25",
        "relative": "Lusa",
        "hour": "12:00",
        "rain_probability": 57.7,
        "risk_score": 58,
        "risk_class": "rain",
        "risk_label": "Waspada",
        "condition": "Hujan Ringan",
        "temp_c": 23.0,
        "humidity_pct": 73.0,
        "heat_index_c": 23.0,
        "wind_kmh": 4.0,
        "wind_dir": 0.0,
        "cloud_pct": 88.0
      }
    },
    {
      "type": "Feature",
      "geometry": {
        "type": "Point",
        "coordinates": [
          97.009911990332,
          4.815409756944025
        ]
      },
      "properties": {
        "location_name": "GPM3",
        "slug": "gpm3",
        "date": "Selasa, 25 Agustus 2026",
        "date_iso": "2026-08-25",
        "relative": "Lusa",
        "hour": "13:00",
        "rain_probability": 55.2,
        "risk_score": 55,
        "risk_class": "rain",
        "risk_label": "Waspada",
        "condition": "Hujan Ringan",
        "temp_c": 23.0,
        "humidity_pct": 71.0,
        "heat_index_c": 23.0,
        "wind_kmh": 6.0,
        "wind_dir": 0.0,
        "cloud_pct": 88.0
      }
    },
    {
      "type": "Feature",
      "geometry": {
        "type": "Point",
        "coordinates": [
          97.009911990332,
          4.815409756944025
        ]
      },
      "properties": {
        "location_name": "GPM3",
        "slug": "gpm3",
        "date": "Selasa, 25 Agustus 2026",
        "date_iso": "2026-08-25",
        "relative": "Lusa",
        "hour": "14:00",
        "rain_probability": 86.6,
        "risk_score": 87,
        "risk_class": "danger",
        "risk_label": "Berpotensi signifikan",
        "condition": "Hujan Lebat",
        "temp_c": 22.9,
        "humidity_pct": 71.0,
        "heat_index_c": 22.9,
        "wind_kmh": 5.9,
        "wind_dir": 0.0,
        "cloud_pct": 88.0
      }
    },
    {
      "type": "Feature",
      "geometry": {
        "type": "Point",
        "coordinates": [
          97.009911990332,
          4.815409756944025
        ]
      },
      "properties": {
        "location_name": "GPM3",
        "slug": "gpm3",
        "date": "Selasa, 25 Agustus 2026",
        "date_iso": "2026-08-25",
        "relative": "Lusa",
        "hour": "15:00",
        "rain_probability": 86.6,
        "risk_score": 87,
        "risk_class": "danger",
        "risk_label": "Berpotensi signifikan",
        "condition": "Hujan Ringan",
        "temp_c": 20.3,
        "humidity_pct": 91.0,
        "heat_index_c": 20.3,
        "wind_kmh": 3.8,
        "wind_dir": 0.0,
        "cloud_pct": 88.0
      }
    },
    {
      "type": "Feature",
      "geometry": {
        "type": "Point",
        "coordinates": [
          97.009911990332,
          4.815409756944025
        ]
      },
      "properties": {
        "location_name": "GPM3",
        "slug": "gpm3",
        "date": "Selasa, 25 Agustus 2026",
        "date_iso": "2026-08-25",
        "relative": "Lusa",
        "hour": "16:00",
        "rain_probability": 82.9,
        "risk_score": 83,
        "risk_class": "danger",
        "risk_label": "Berpotensi signifikan",
        "condition": "Hujan Ringan",
        "temp_c": 19.7,
        "humidity_pct": 90.0,
        "heat_index_c": 19.7,
        "wind_kmh": 3.8,
        "wind_dir": 0.0,
        "cloud_pct": 88.0
      }
    },
    {
      "type": "Feature",
      "geometry": {
        "type": "Point",
        "coordinates": [
          97.009911990332,
          4.815409756944025
        ]
      },
      "properties": {
        "location_name": "GPM3",
        "slug": "gpm3",
        "date": "Selasa, 25 Agustus 2026",
        "date_iso": "2026-08-25",
        "relative": "Lusa",
        "hour": "17:00",
        "rain_probability": 72.1,
        "risk_score": 72,
        "risk_class": "rain",
        "risk_label": "Waspada",
        "condition": "Hujan Ringan",
        "temp_c": 19.0,
        "humidity_pct": 93.0,
        "heat_index_c": 19.0,
        "wind_kmh": 3.8,
        "wind_dir": 0.0,
        "cloud_pct": 88.0
      }
    },
    {
      "type": "Feature",
      "geometry": {
        "type": "Point",
        "coordinates": [
          97.009911990332,
          4.815409756944025
        ]
      },
      "properties": {
        "location_name": "GPM3",
        "slug": "gpm3",
        "date": "Selasa, 25 Agustus 2026",
        "date_iso": "2026-08-25",
        "relative": "Lusa",
        "hour": "18:00",
        "rain_probability": 72.1,
        "risk_score": 72,
        "risk_class": "rain",
        "risk_label": "Waspada",
        "condition": "Hujan Ringan",
        "temp_c": 18.0,
        "humidity_pct": 94.0,
        "heat_index_c": 18.0,
        "wind_kmh": 1.6,
        "wind_dir": 0.0,
        "cloud_pct": 88.0
      }
    },
    {
      "type": "Feature",
      "geometry": {
        "type": "Point",
        "coordinates": [
          97.009911990332,
          4.815409756944025
        ]
      },
      "properties": {
        "location_name": "GPM3",
        "slug": "gpm3",
        "date": "Selasa, 25 Agustus 2026",
        "date_iso": "2026-08-25",
        "relative": "Lusa",
        "hour": "19:00",
        "rain_probability": 55.2,
        "risk_score": 56,
        "risk_class": "rain",
        "risk_label": "Waspada",
        "condition": "Berawan",
        "temp_c": 17.2,
        "humidity_pct": 96.0,
        "heat_index_c": 17.2,
        "wind_kmh": 1.8,
        "wind_dir": 0.0,
        "cloud_pct": 88.0
      }
    },
    {
      "type": "Feature",
      "geometry": {
        "type": "Point",
        "coordinates": [
          97.009911990332,
          4.815409756944025
        ]
      },
      "properties": {
        "location_name": "GPM3",
        "slug": "gpm3",
        "date": "Selasa, 25 Agustus 2026",
        "date_iso": "2026-08-25",
        "relative": "Lusa",
        "hour": "20:00",
        "rain_probability": 28.9,
        "risk_score": 38,
        "risk_class": "watch",
        "risk_label": "Perlu diperhatikan",
        "condition": "Berawan",
        "temp_c": 17.0,
        "humidity_pct": 97.0,
        "heat_index_c": 17.0,
        "wind_kmh": 1.9,
        "wind_dir": 0.0,
        "cloud_pct": 75.0
      }
    },
    {
      "type": "Feature",
      "geometry": {
        "type": "Point",
        "coordinates": [
          97.009911990332,
          4.815409756944025
        ]
      },
      "properties": {
        "location_name": "GPM3",
        "slug": "gpm3",
        "date": "Selasa, 25 Agustus 2026",
        "date_iso": "2026-08-25",
        "relative": "Lusa",
        "hour": "21:00",
        "rain_probability": 28.9,
        "risk_score": 37,
        "risk_class": "watch",
        "risk_label": "Perlu diperhatikan",
        "condition": "Berawan",
        "temp_c": 17.0,
        "humidity_pct": 96.0,
        "heat_index_c": 17.0,
        "wind_kmh": 4.0,
        "wind_dir": 0.0,
        "cloud_pct": 75.0
      }
    },
    {
      "type": "Feature",
      "geometry": {
        "type": "Point",
        "coordinates": [
          97.009911990332,
          4.815409756944025
        ]
      },
      "properties": {
        "location_name": "GPM3",
        "slug": "gpm3",
        "date": "Selasa, 25 Agustus 2026",
        "date_iso": "2026-08-25",
        "relative": "Lusa",
        "hour": "22:00",
        "rain_probability": 27.6,
        "risk_score": 36,
        "risk_class": "watch",
        "risk_label": "Perlu diperhatikan",
        "condition": "Berawan",
        "temp_c": 16.7,
        "humidity_pct": 97.0,
        "heat_index_c": 16.7,
        "wind_kmh": 4.0,
        "wind_dir": 0.0,
        "cloud_pct": 75.0
      }
    },
    {
      "type": "Feature",
      "geometry": {
        "type": "Point",
        "coordinates": [
          97.009911990332,
          4.815409756944025
        ]
      },
      "properties": {
        "location_name": "GPM3",
        "slug": "gpm3",
        "date": "Selasa, 25 Agustus 2026",
        "date_iso": "2026-08-25",
        "relative": "Lusa",
        "hour": "23:00",
        "rain_probability": 14.4,
        "risk_score": 28,
        "risk_class": "watch",
        "risk_label": "Perlu diperhatikan",
        "condition": "Berawan",
        "temp_c": 16.3,
        "humidity_pct": 97.0,
        "heat_index_c": 16.3,
        "wind_kmh": 4.7,
        "wind_dir": 0.0,
        "cloud_pct": 75.0
      }
    },
    {
      "type": "Feature",
      "geometry": {
        "type": "Point",
        "coordinates": [
          96.8876539578458,
          4.778238355009202
        ]
      },
      "properties": {
        "location_name": "GPM4",
        "slug": "gpm4",
        "date": "Minggu, 23 Agustus 2026",
        "date_iso": "2026-08-23",
        "relative": "Hari ini",
        "hour": "00:00",
        "rain_probability": 0,
        "risk_score": 27,
        "risk_class": "watch",
        "risk_label": "Perlu diperhatikan",
        "condition": "Berawan",
        "temp_c": 14.7,
        "humidity_pct": 98.0,
        "heat_index_c": 14.7,
        "wind_kmh": 3.1,
        "wind_dir": 0.0,
        "cloud_pct": 75.0
      }
    },
    {
      "type": "Feature",
      "geometry": {
        "type": "Point",
        "coordinates": [
          96.8876539578458,
          4.778238355009202
        ]
      },
      "properties": {
        "location_name": "GPM4",
        "slug": "gpm4",
        "date": "Minggu, 23 Agustus 2026",
        "date_iso": "2026-08-23",
        "relative": "Hari ini",
        "hour": "01:00",
        "rain_probability": 16.7,
        "risk_score": 30,
        "risk_class": "watch",
        "risk_label": "Perlu diperhatikan",
        "condition": "Berawan",
        "temp_c": 14.2,
        "humidity_pct": 98.0,
        "heat_index_c": 14.2,
        "wind_kmh": 2.7,
        "wind_dir": 0.0,
        "cloud_pct": 75.0
      }
    },
    {
      "type": "Feature",
      "geometry": {
        "type": "Point",
        "coordinates": [
          96.8876539578458,
          4.778238355009202
        ]
      },
      "properties": {
        "location_name": "GPM4",
        "slug": "gpm4",
        "date": "Minggu, 23 Agustus 2026",
        "date_iso": "2026-08-23",
        "relative": "Hari ini",
        "hour": "02:00",
        "rain_probability": 16.7,
        "risk_score": 29,
        "risk_class": "watch",
        "risk_label": "Perlu diperhatikan",
        "condition": "Berawan",
        "temp_c": 13.8,
        "humidity_pct": 97.0,
        "heat_index_c": 13.8,
        "wind_kmh": 3.0,
        "wind_dir": 0.0,
        "cloud_pct": 75.0
      }
    },
    {
      "type": "Feature",
      "geometry": {
        "type": "Point",
        "coordinates": [
          96.8876539578458,
          4.778238355009202
        ]
      },
      "properties": {
        "location_name": "GPM4",
        "slug": "gpm4",
        "date": "Minggu, 23 Agustus 2026",
        "date_iso": "2026-08-23",
        "relative": "Hari ini",
        "hour": "03:00",
        "rain_probability": 16.7,
        "risk_score": 30,
        "risk_class": "watch",
        "risk_label": "Perlu diperhatikan",
        "condition": "Berawan",
        "temp_c": 13.6,
        "humidity_pct": 97.0,
        "heat_index_c": 13.6,
        "wind_kmh": 3.3,
        "wind_dir": 0.0,
        "cloud_pct": 75.0
      }
    },
    {
      "type": "Feature",
      "geometry": {
        "type": "Point",
        "coordinates": [
          96.8876539578458,
          4.778238355009202
        ]
      },
      "properties": {
        "location_name": "GPM4",
        "slug": "gpm4",
        "date": "Minggu, 23 Agustus 2026",
        "date_iso": "2026-08-23",
        "relative": "Hari ini",
        "hour": "04:00",
        "rain_probability": 15.0,
        "risk_score": 29,
        "risk_class": "watch",
        "risk_label": "Perlu diperhatikan",
        "condition": "Berawan",
        "temp_c": 14.2,
        "humidity_pct": 97.0,
        "heat_index_c": 14.2,
        "wind_kmh": 4.0,
        "wind_dir": 0.0,
        "cloud_pct": 75.0
      }
    },
    {
      "type": "Feature",
      "geometry": {
        "type": "Point",
        "coordinates": [
          96.8876539578458,
          4.778238355009202
        ]
      },
      "properties": {
        "location_name": "GPM4",
        "slug": "gpm4",
        "date": "Minggu, 23 Agustus 2026",
        "date_iso": "2026-08-23",
        "relative": "Hari ini",
        "hour": "05:00",
        "rain_probability": 0,
        "risk_score": 27,
        "risk_class": "watch",
        "risk_label": "Perlu diperhatikan",
        "condition": "Berawan",
        "temp_c": 14.4,
        "humidity_pct": 97.0,
        "heat_index_c": 14.4,
        "wind_kmh": 3.8,
        "wind_dir": 0.0,
        "cloud_pct": 75.0
      }
    },
    {
      "type": "Feature",
      "geometry": {
        "type": "Point",
        "coordinates": [
          96.8876539578458,
          4.778238355009202
        ]
      },
      "properties": {
        "location_name": "GPM4",
        "slug": "gpm4",
        "date": "Minggu, 23 Agustus 2026",
        "date_iso": "2026-08-23",
        "relative": "Hari ini",
        "hour": "06:00",
        "rain_probability": 0,
        "risk_score": 24,
        "risk_class": "safe",
        "risk_label": "Aman",
        "condition": "Berawan",
        "temp_c": 14.4,
        "humidity_pct": 97.0,
        "heat_index_c": 14.4,
        "wind_kmh": 3.8,
        "wind_dir": 0.0,
        "cloud_pct": 45.0
      }
    },
    {
      "type": "Feature",
      "geometry": {
        "type": "Point",
        "coordinates": [
          96.8876539578458,
          4.778238355009202
        ]
      },
      "properties": {
        "location_name": "GPM4",
        "slug": "gpm4",
        "date": "Minggu, 23 Agustus 2026",
        "date_iso": "2026-08-23",
        "relative": "Hari ini",
        "hour": "07:00",
        "rain_probability": 0,
        "risk_score": 24,
        "risk_class": "safe",
        "risk_label": "Aman",
        "condition": "Cerah",
        "temp_c": 14.7,
        "humidity_pct": 96.0,
        "heat_index_c": 14.7,
        "wind_kmh": 3.8,
        "wind_dir": 0.0,
        "cloud_pct": 45.0
      }
    },
    {
      "type": "Feature",
      "geometry": {
        "type": "Point",
        "coordinates": [
          96.8876539578458,
          4.778238355009202
        ]
      },
      "properties": {
        "location_name": "GPM4",
        "slug": "gpm4",
        "date": "Minggu, 23 Agustus 2026",
        "date_iso": "2026-08-23",
        "relative": "Hari ini",
        "hour": "08:00",
        "rain_probability": 14.4,
        "risk_score": 27,
        "risk_class": "watch",
        "risk_label": "Perlu diperhatikan",
        "condition": "Cerah",
        "temp_c": 16.9,
        "humidity_pct": 92.0,
        "heat_index_c": 16.9,
        "wind_kmh": 2.7,
        "wind_dir": 0.0,
        "cloud_pct": 15.0
      }
    },
    {
      "type": "Feature",
      "geometry": {
        "type": "Point",
        "coordinates": [
          96.8876539578458,
          4.778238355009202
        ]
      },
      "properties": {
        "location_name": "GPM4",
        "slug": "gpm4",
        "date": "Minggu, 23 Agustus 2026",
        "date_iso": "2026-08-23",
        "relative": "Hari ini",
        "hour": "09:00",
        "rain_probability": 28.8,
        "risk_score": 35,
        "risk_class": "watch",
        "risk_label": "Perlu diperhatikan",
        "condition": "Hujan Ringan",
        "temp_c": 19.2,
        "humidity_pct": 82.0,
        "heat_index_c": 19.2,
        "wind_kmh": 1.5,
        "wind_dir": 0.0,
        "cloud_pct": 75.0
      }
    },
    {
      "type": "Feature",
      "geometry": {
        "type": "Point",
        "coordinates": [
          96.8876539578458,
          4.778238355009202
        ]
      },
      "properties": {
        "location_name": "GPM4",
        "slug": "gpm4",
        "date": "Minggu, 23 Agustus 2026",
        "date_iso": "2026-08-23",
        "relative": "Hari ini",
        "hour": "10:00",
        "rain_probability": 13.8,
        "risk_score": 24,
        "risk_class": "safe",
        "risk_label": "Aman",
        "condition": "Cerah Berawan",
        "temp_c": 21.1,
        "humidity_pct": 71.0,
        "heat_index_c": 21.1,
        "wind_kmh": 3.1,
        "wind_dir": 0.0,
        "cloud_pct": 45.0
      }
    },
    {
      "type": "Feature",
      "geometry": {
        "type": "Point",
        "coordinates": [
          96.8876539578458,
          4.778238355009202
        ]
      },
      "properties": {
        "location_name": "GPM4",
        "slug": "gpm4",
        "date": "Minggu, 23 Agustus 2026",
        "date_iso": "2026-08-23",
        "relative": "Hari ini",
        "hour": "11:00",
        "rain_probability": 28.8,
        "risk_score": 31,
        "risk_class": "watch",
        "risk_label": "Perlu diperhatikan",
        "condition": "Berawan",
        "temp_c": 21.8,
        "humidity_pct": 64.0,
        "heat_index_c": 21.8,
        "wind_kmh": 4.1,
        "wind_dir": 0.0,
        "cloud_pct": 75.0
      }
    },
    {
      "type": "Feature",
      "geometry": {
        "type": "Point",
        "coordinates": [
          96.8876539578458,
          4.778238355009202
        ]
      },
      "properties": {
        "location_name": "GPM4",
        "slug": "gpm4",
        "date": "Minggu, 23 Agustus 2026",
        "date_iso": "2026-08-23",
        "relative": "Hari ini",
        "hour": "12:00",
        "rain_probability": 43.2,
        "risk_score": 43,
        "risk_class": "watch",
        "risk_label": "Perlu diperhatikan",
        "condition": "Hujan Ringan",
        "temp_c": 22.8,
        "humidity_pct": 58.0,
        "heat_index_c": 22.8,
        "wind_kmh": 6.5,
        "wind_dir": 0.0,
        "cloud_pct": 75.0
      }
    },
    {
      "type": "Feature",
      "geometry": {
        "type": "Point",
        "coordinates": [
          96.8876539578458,
          4.778238355009202
        ]
      },
      "properties": {
        "location_name": "GPM4",
        "slug": "gpm4",
        "date": "Minggu, 23 Agustus 2026",
        "date_iso": "2026-08-23",
        "relative": "Hari ini",
        "hour": "13:00",
        "rain_probability": 55.2,
        "risk_score": 55,
        "risk_class": "rain",
        "risk_label": "Waspada",
        "condition": "Hujan Ringan",
        "temp_c": 22.1,
        "humidity_pct": 64.0,
        "heat_index_c": 22.1,
        "wind_kmh": 6.8,
        "wind_dir": 0.0,
        "cloud_pct": 88.0
      }
    },
    {
      "type": "Feature",
      "geometry": {
        "type": "Point",
        "coordinates": [
          96.8876539578458,
          4.778238355009202
        ]
      },
      "properties": {
        "location_name": "GPM4",
        "slug": "gpm4",
        "date": "Minggu, 23 Agustus 2026",
        "date_iso": "2026-08-23",
        "relative": "Hari ini",
        "hour": "14:00",
        "rain_probability": 72.1,
        "risk_score": 76,
        "risk_class": "rain",
        "risk_label": "Waspada",
        "condition": "Hujan Ringan",
        "temp_c": 21.3,
        "humidity_pct": 71.0,
        "heat_index_c": 21.3,
        "wind_kmh": 7.3,
        "wind_dir": 0.0,
        "cloud_pct": 88.0
      }
    },
    {
      "type": "Feature",
      "geometry": {
        "type": "Point",
        "coordinates": [
          96.8876539578458,
          4.778238355009202
        ]
      },
      "properties": {
        "location_name": "GPM4",
        "slug": "gpm4",
        "date": "Minggu, 23 Agustus 2026",
        "date_iso": "2026-08-23",
        "relative": "Hari ini",
        "hour": "15:00",
        "rain_probability": 72.1,
        "risk_score": 79,
        "risk_class": "danger",
        "risk_label": "Berpotensi signifikan",
        "condition": "Hujan Ringan",
        "temp_c": 20.2,
        "humidity_pct": 80.0,
        "heat_index_c": 20.2,
        "wind_kmh": 5.5,
        "wind_dir": 0.0,
        "cloud_pct": 88.0
      }
    },
    {
      "type": "Feature",
      "geometry": {
        "type": "Point",
        "coordinates": [
          96.8876539578458,
          4.778238355009202
        ]
      },
      "properties": {
        "location_name": "GPM4",
        "slug": "gpm4",
        "date": "Minggu, 23 Agustus 2026",
        "date_iso": "2026-08-23",
        "relative": "Hari ini",
        "hour": "16:00",
        "rain_probability": 82.8,
        "risk_score": 83,
        "risk_class": "danger",
        "risk_label": "Berpotensi signifikan",
        "condition": "Hujan Ringan",
        "temp_c": 19.3,
        "humidity_pct": 89.0,
        "heat_index_c": 19.3,
        "wind_kmh": 4.5,
        "wind_dir": 0.0,
        "cloud_pct": 88.0
      }
    },
    {
      "type": "Feature",
      "geometry": {
        "type": "Point",
        "coordinates": [
          96.8876539578458,
          4.778238355009202
        ]
      },
      "properties": {
        "location_name": "GPM4",
        "slug": "gpm4",
        "date": "Minggu, 23 Agustus 2026",
        "date_iso": "2026-08-23",
        "relative": "Hari ini",
        "hour": "17:00",
        "rain_probability": 72.1,
        "risk_score": 72,
        "risk_class": "rain",
        "risk_label": "Waspada",
        "condition": "Hujan Ringan",
        "temp_c": 18.5,
        "humidity_pct": 90.0,
        "heat_index_c": 18.5,
        "wind_kmh": 3.4,
        "wind_dir": 0.0,
        "cloud_pct": 88.0
      }
    },
    {
      "type": "Feature",
      "geometry": {
        "type": "Point",
        "coordinates": [
          96.8876539578458,
          4.778238355009202
        ]
      },
      "properties": {
        "location_name": "GPM4",
        "slug": "gpm4",
        "date": "Minggu, 23 Agustus 2026",
        "date_iso": "2026-08-23",
        "relative": "Hari ini",
        "hour": "18:00",
        "rain_probability": 72.1,
        "risk_score": 72,
        "risk_class": "rain",
        "risk_label": "Waspada",
        "condition": "Hujan Ringan",
        "temp_c": 17.7,
        "humidity_pct": 93.0,
        "heat_index_c": 17.7,
        "wind_kmh": 3.2,
        "wind_dir": 0.0,
        "cloud_pct": 88.0
      }
    },
    {
      "type": "Feature",
      "geometry": {
        "type": "Point",
        "coordinates": [
          96.8876539578458,
          4.778238355009202
        ]
      },
      "properties": {
        "location_name": "GPM4",
        "slug": "gpm4",
        "date": "Minggu, 23 Agustus 2026",
        "date_iso": "2026-08-23",
        "relative": "Hari ini",
        "hour": "19:00",
        "rain_probability": 69.0,
        "risk_score": 69,
        "risk_class": "rain",
        "risk_label": "Waspada",
        "condition": "Hujan Ringan",
        "temp_c": 17.0,
        "humidity_pct": 96.0,
        "heat_index_c": 17.0,
        "wind_kmh": 1.8,
        "wind_dir": 0.0,
        "cloud_pct": 88.0
      }
    },
    {
      "type": "Feature",
      "geometry": {
        "type": "Point",
        "coordinates": [
          96.8876539578458,
          4.778238355009202
        ]
      },
      "properties": {
        "location_name": "GPM4",
        "slug": "gpm4",
        "date": "Minggu, 23 Agustus 2026",
        "date_iso": "2026-08-23",
        "relative": "Hari ini",
        "hour": "20:00",
        "rain_probability": 43.2,
        "risk_score": 46,
        "risk_class": "watch",
        "risk_label": "Perlu diperhatikan",
        "condition": "Berawan",
        "temp_c": 16.4,
        "humidity_pct": 96.0,
        "heat_index_c": 16.4,
        "wind_kmh": 2.6,
        "wind_dir": 0.0,
        "cloud_pct": 75.0
      }
    },
    {
      "type": "Feature",
      "geometry": {
        "type": "Point",
        "coordinates": [
          96.8876539578458,
          4.778238355009202
        ]
      },
      "properties": {
        "location_name": "GPM4",
        "slug": "gpm4",
        "date": "Minggu, 23 Agustus 2026",
        "date_iso": "2026-08-23",
        "relative": "Hari ini",
        "hour": "21:00",
        "rain_probability": 43.2,
        "risk_score": 44,
        "risk_class": "watch",
        "risk_label": "Perlu diperhatikan",
        "condition": "Berawan",
        "temp_c": 16.0,
        "humidity_pct": 96.0,
        "heat_index_c": 16.0,
        "wind_kmh": 2.1,
        "wind_dir": 0.0,
        "cloud_pct": 75.0
      }
    },
    {
      "type": "Feature",
      "geometry": {
        "type": "Point",
        "coordinates": [
          96.8876539578458,
          4.778238355009202
        ]
      },
      "properties": {
        "location_name": "GPM4",
        "slug": "gpm4",
        "date": "Minggu, 23 Agustus 2026",
        "date_iso": "2026-08-23",
        "relative": "Hari ini",
        "hour": "22:00",
        "rain_probability": 27.6,
        "risk_score": 36,
        "risk_class": "watch",
        "risk_label": "Perlu diperhatikan",
        "condition": "Berawan",
        "temp_c": 15.5,
        "humidity_pct": 96.0,
        "heat_index_c": 15.5,
        "wind_kmh": 3.2,
        "wind_dir": 0.0,
        "cloud_pct": 75.0
      }
    },
    {
      "type": "Feature",
      "geometry": {
        "type": "Point",
        "coordinates": [
          96.8876539578458,
          4.778238355009202
        ]
      },
      "properties": {
        "location_name": "GPM4",
        "slug": "gpm4",
        "date": "Minggu, 23 Agustus 2026",
        "date_iso": "2026-08-23",
        "relative": "Hari ini",
        "hour": "23:00",
        "rain_probability": 0,
        "risk_score": 27,
        "risk_class": "watch",
        "risk_label": "Perlu diperhatikan",
        "condition": "Berawan",
        "temp_c": 15.3,
        "humidity_pct": 96.0,
        "heat_index_c": 15.3,
        "wind_kmh": 3.8,
        "wind_dir": 0.0,
        "cloud_pct": 75.0
      }
    },
    {
      "type": "Feature",
      "geometry": {
        "type": "Point",
        "coordinates": [
          96.8876539578458,
          4.778238355009202
        ]
      },
      "properties": {
        "location_name": "GPM4",
        "slug": "gpm4",
        "date": "Senin, 24 Agustus 2026",
        "date_iso": "2026-08-24",
        "relative": "Besok",
        "hour": "00:00",
        "rain_probability": 14.4,
        "risk_score": 28,
        "risk_class": "watch",
        "risk_label": "Perlu diperhatikan",
        "condition": "Berawan",
        "temp_c": 15.0,
        "humidity_pct": 98.0,
        "heat_index_c": 15.0,
        "wind_kmh": 4.8,
        "wind_dir": 0.0,
        "cloud_pct": 75.0
      }
    },
    {
      "type": "Feature",
      "geometry": {
        "type": "Point",
        "coordinates": [
          96.8876539578458,
          4.778238355009202
        ]
      },
      "properties": {
        "location_name": "GPM4",
        "slug": "gpm4",
        "date": "Senin, 24 Agustus 2026",
        "date_iso": "2026-08-24",
        "relative": "Besok",
        "hour": "01:00",
        "rain_probability": 13.8,
        "risk_score": 28,
        "risk_class": "watch",
        "risk_label": "Perlu diperhatikan",
        "condition": "Berawan",
        "temp_c": 14.7,
        "humidity_pct": 98.0,
        "heat_index_c": 14.7,
        "wind_kmh": 4.5,
        "wind_dir": 0.0,
        "cloud_pct": 75.0
      }
    },
    {
      "type": "Feature",
      "geometry": {
        "type": "Point",
        "coordinates": [
          96.8876539578458,
          4.778238355009202
        ]
      },
      "properties": {
        "location_name": "GPM4",
        "slug": "gpm4",
        "date": "Senin, 24 Agustus 2026",
        "date_iso": "2026-08-24",
        "relative": "Besok",
        "hour": "02:00",
        "rain_probability": 14.4,
        "risk_score": 28,
        "risk_class": "watch",
        "risk_label": "Perlu diperhatikan",
        "condition": "Berawan",
        "temp_c": 14.3,
        "humidity_pct": 98.0,
        "heat_index_c": 14.3,
        "wind_kmh": 4.5,
        "wind_dir": 0.0,
        "cloud_pct": 75.0
      }
    },
    {
      "type": "Feature",
      "geometry": {
        "type": "Point",
        "coordinates": [
          96.8876539578458,
          4.778238355009202
        ]
      },
      "properties": {
        "location_name": "GPM4",
        "slug": "gpm4",
        "date": "Senin, 24 Agustus 2026",
        "date_iso": "2026-08-24",
        "relative": "Besok",
        "hour": "03:00",
        "rain_probability": 14.4,
        "risk_score": 27,
        "risk_class": "watch",
        "risk_label": "Perlu diperhatikan",
        "condition": "Berawan",
        "temp_c": 13.8,
        "humidity_pct": 98.0,
        "heat_index_c": 13.8,
        "wind_kmh": 4.9,
        "wind_dir": 0.0,
        "cloud_pct": 75.0
      }
    },
    {
      "type": "Feature",
      "geometry": {
        "type": "Point",
        "coordinates": [
          96.8876539578458,
          4.778238355009202
        ]
      },
      "properties": {
        "location_name": "GPM4",
        "slug": "gpm4",
        "date": "Senin, 24 Agustus 2026",
        "date_iso": "2026-08-24",
        "relative": "Besok",
        "hour": "04:00",
        "rain_probability": 0,
        "risk_score": 27,
        "risk_class": "watch",
        "risk_label": "Perlu diperhatikan",
        "condition": "Berawan",
        "temp_c": 13.6,
        "humidity_pct": 98.0,
        "heat_index_c": 13.6,
        "wind_kmh": 5.2,
        "wind_dir": 0.0,
        "cloud_pct": 75.0
      }
    },
    {
      "type": "Feature",
      "geometry": {
        "type": "Point",
        "coordinates": [
          96.8876539578458,
          4.778238355009202
        ]
      },
      "properties": {
        "location_name": "GPM4",
        "slug": "gpm4",
        "date": "Senin, 24 Agustus 2026",
        "date_iso": "2026-08-24",
        "relative": "Besok",
        "hour": "05:00",
        "rain_probability": 0,
        "risk_score": 27,
        "risk_class": "watch",
        "risk_label": "Perlu diperhatikan",
        "condition": "Berawan",
        "temp_c": 13.5,
        "humidity_pct": 97.0,
        "heat_index_c": 13.5,
        "wind_kmh": 5.2,
        "wind_dir": 0.0,
        "cloud_pct": 75.0
      }
    },
    {
      "type": "Feature",
      "geometry": {
        "type": "Point",
        "coordinates": [
          96.8876539578458,
          4.778238355009202
        ]
      },
      "properties": {
        "location_name": "GPM4",
        "slug": "gpm4",
        "date": "Senin, 24 Agustus 2026",
        "date_iso": "2026-08-24",
        "relative": "Besok",
        "hour": "06:00",
        "rain_probability": 0,
        "risk_score": 27,
        "risk_class": "watch",
        "risk_label": "Perlu diperhatikan",
        "condition": "Berawan",
        "temp_c": 13.4,
        "humidity_pct": 97.0,
        "heat_index_c": 13.4,
        "wind_kmh": 5.1,
        "wind_dir": 0.0,
        "cloud_pct": 75.0
      }
    },
    {
      "type": "Feature",
      "geometry": {
        "type": "Point",
        "coordinates": [
          96.8876539578458,
          4.778238355009202
        ]
      },
      "properties": {
        "location_name": "GPM4",
        "slug": "gpm4",
        "date": "Senin, 24 Agustus 2026",
        "date_iso": "2026-08-24",
        "relative": "Besok",
        "hour": "07:00",
        "rain_probability": 0,
        "risk_score": 27,
        "risk_class": "watch",
        "risk_label": "Perlu diperhatikan",
        "condition": "Berawan",
        "temp_c": 14.0,
        "humidity_pct": 96.0,
        "heat_index_c": 14.0,
        "wind_kmh": 5.2,
        "wind_dir": 0.0,
        "cloud_pct": 75.0
      }
    },
    {
      "type": "Feature",
      "geometry": {
        "type": "Point",
        "coordinates": [
          96.8876539578458,
          4.778238355009202
        ]
      },
      "properties": {
        "location_name": "GPM4",
        "slug": "gpm4",
        "date": "Senin, 24 Agustus 2026",
        "date_iso": "2026-08-24",
        "relative": "Besok",
        "hour": "08:00",
        "rain_probability": 0,
        "risk_score": 26,
        "risk_class": "watch",
        "risk_label": "Perlu diperhatikan",
        "condition": "Berawan",
        "temp_c": 16.1,
        "humidity_pct": 90.0,
        "heat_index_c": 16.1,
        "wind_kmh": 3.6,
        "wind_dir": 0.0,
        "cloud_pct": 75.0
      }
    },
    {
      "type": "Feature",
      "geometry": {
        "type": "Point",
        "coordinates": [
          96.8876539578458,
          4.778238355009202
        ]
      },
      "properties": {
        "location_name": "GPM4",
        "slug": "gpm4",
        "date": "Senin, 24 Agustus 2026",
        "date_iso": "2026-08-24",
        "relative": "Besok",
        "hour": "09:00",
        "rain_probability": 14.4,
        "risk_score": 25,
        "risk_class": "watch",
        "risk_label": "Perlu diperhatikan",
        "condition": "Berawan",
        "temp_c": 18.3,
        "humidity_pct": 82.0,
        "heat_index_c": 18.3,
        "wind_kmh": 1.8,
        "wind_dir": 0.0,
        "cloud_pct": 75.0
      }
    },
    {
      "type": "Feature",
      "geometry": {
        "type": "Point",
        "coordinates": [
          96.8876539578458,
          4.778238355009202
        ]
      },
      "properties": {
        "location_name": "GPM4",
        "slug": "gpm4",
        "date": "Senin, 24 Agustus 2026",
        "date_iso": "2026-08-24",
        "relative": "Besok",
        "hour": "10:00",
        "rain_probability": 13.8,
        "risk_score": 24,
        "risk_class": "safe",
        "risk_label": "Aman",
        "condition": "Berawan",
        "temp_c": 20.1,
        "humidity_pct": 74.0,
        "heat_index_c": 20.1,
        "wind_kmh": 2.5,
        "wind_dir": 0.0,
        "cloud_pct": 75.0
      }
    },
    {
      "type": "Feature",
      "geometry": {
        "type": "Point",
        "coordinates": [
          96.8876539578458,
          4.778238355009202
        ]
      },
      "properties": {
        "location_name": "GPM4",
        "slug": "gpm4",
        "date": "Senin, 24 Agustus 2026",
        "date_iso": "2026-08-24",
        "relative": "Besok",
        "hour": "11:00",
        "rain_probability": 43.3,
        "risk_score": 43,
        "risk_class": "watch",
        "risk_label": "Perlu diperhatikan",
        "condition": "Hujan Ringan",
        "temp_c": 21.4,
        "humidity_pct": 67.0,
        "heat_index_c": 21.4,
        "wind_kmh": 4.3,
        "wind_dir": 0.0,
        "cloud_pct": 75.0
      }
    },
    {
      "type": "Feature",
      "geometry": {
        "type": "Point",
        "coordinates": [
          96.8876539578458,
          4.778238355009202
        ]
      },
      "properties": {
        "location_name": "GPM4",
        "slug": "gpm4",
        "date": "Senin, 24 Agustus 2026",
        "date_iso": "2026-08-24",
        "relative": "Besok",
        "hour": "12:00",
        "rain_probability": 85.6,
        "risk_score": 86,
        "risk_class": "danger",
        "risk_label": "Berpotensi signifikan",
        "condition": "Hujan Ringan",
        "temp_c": 21.0,
        "humidity_pct": 73.0,
        "heat_index_c": 21.0,
        "wind_kmh": 4.7,
        "wind_dir": 0.0,
        "cloud_pct": 88.0
      }
    },
    {
      "type": "Feature",
      "geometry": {
        "type": "Point",
        "coordinates": [
          96.8876539578458,
          4.778238355009202
        ]
      },
      "properties": {
        "location_name": "GPM4",
        "slug": "gpm4",
        "date": "Senin, 24 Agustus 2026",
        "date_iso": "2026-08-24",
        "relative": "Besok",
        "hour": "13:00",
        "rain_probability": 86.2,
        "risk_score": 86,
        "risk_class": "danger",
        "risk_label": "Berpotensi signifikan",
        "condition": "Hujan Ringan",
        "temp_c": 20.4,
        "humidity_pct": 75.0,
        "heat_index_c": 20.4,
        "wind_kmh": 5.1,
        "wind_dir": 0.0,
        "cloud_pct": 88.0
      }
    },
    {
      "type": "Feature",
      "geometry": {
        "type": "Point",
        "coordinates": [
          96.8876539578458,
          4.778238355009202
        ]
      },
      "properties": {
        "location_name": "GPM4",
        "slug": "gpm4",
        "date": "Senin, 24 Agustus 2026",
        "date_iso": "2026-08-24",
        "relative": "Besok",
        "hour": "14:00",
        "rain_probability": 85.6,
        "risk_score": 86,
        "risk_class": "danger",
        "risk_label": "Berpotensi signifikan",
        "condition": "Hujan Ringan",
        "temp_c": 19.8,
        "humidity_pct": 81.0,
        "heat_index_c": 19.8,
        "wind_kmh": 4.3,
        "wind_dir": 0.0,
        "cloud_pct": 88.0
      }
    },
    {
      "type": "Feature",
      "geometry": {
        "type": "Point",
        "coordinates": [
          96.8876539578458,
          4.778238355009202
        ]
      },
      "properties": {
        "location_name": "GPM4",
        "slug": "gpm4",
        "date": "Senin, 24 Agustus 2026",
        "date_iso": "2026-08-24",
        "relative": "Besok",
        "hour": "15:00",
        "rain_probability": 72.2,
        "risk_score": 77,
        "risk_class": "rain",
        "risk_label": "Waspada",
        "condition": "Hujan Sedang",
        "temp_c": 19.0,
        "humidity_pct": 92.0,
        "heat_index_c": 19.0,
        "wind_kmh": 5.0,
        "wind_dir": 0.0,
        "cloud_pct": 94.0
      }
    },
    {
      "type": "Feature",
      "geometry": {
        "type": "Point",
        "coordinates": [
          96.8876539578458,
          4.778238355009202
        ]
      },
      "properties": {
        "location_name": "GPM4",
        "slug": "gpm4",
        "date": "Senin, 24 Agustus 2026",
        "date_iso": "2026-08-24",
        "relative": "Besok",
        "hour": "16:00",
        "rain_probability": 69.1,
        "risk_score": 77,
        "risk_class": "rain",
        "risk_label": "Waspada",
        "condition": "Berawan",
        "temp_c": 18.4,
        "humidity_pct": 92.0,
        "heat_index_c": 18.4,
        "wind_kmh": 5.5,
        "wind_dir": 0.0,
        "cloud_pct": 94.0
      }
    },
    {
      "type": "Feature",
      "geometry": {
        "type": "Point",
        "coordinates": [
          96.8876539578458,
          4.778238355009202
        ]
      },
      "properties": {
        "location_name": "GPM4",
        "slug": "gpm4",
        "date": "Senin, 24 Agustus 2026",
        "date_iso": "2026-08-24",
        "relative": "Besok",
        "hour": "17:00",
        "rain_probability": 72.2,
        "risk_score": 72,
        "risk_class": "rain",
        "risk_label": "Waspada",
        "condition": "Hujan Ringan",
        "temp_c": 17.6,
        "humidity_pct": 95.0,
        "heat_index_c": 17.6,
        "wind_kmh": 3.1,
        "wind_dir": 0.0,
        "cloud_pct": 88.0
      }
    },
    {
      "type": "Feature",
      "geometry": {
        "type": "Point",
        "coordinates": [
          96.8876539578458,
          4.778238355009202
        ]
      },
      "properties": {
        "location_name": "GPM4",
        "slug": "gpm4",
        "date": "Senin, 24 Agustus 2026",
        "date_iso": "2026-08-24",
        "relative": "Besok",
        "hour": "18:00",
        "rain_probability": 72.2,
        "risk_score": 72,
        "risk_class": "rain",
        "risk_label": "Waspada",
        "condition": "Hujan Ringan",
        "temp_c": 17.0,
        "humidity_pct": 97.0,
        "heat_index_c": 17.0,
        "wind_kmh": 2.2,
        "wind_dir": 0.0,
        "cloud_pct": 88.0
      }
    },
    {
      "type": "Feature",
      "geometry": {
        "type": "Point",
        "coordinates": [
          96.8876539578458,
          4.778238355009202
        ]
      },
      "properties": {
        "location_name": "GPM4",
        "slug": "gpm4",
        "date": "Senin, 24 Agustus 2026",
        "date_iso": "2026-08-24",
        "relative": "Besok",
        "hour": "19:00",
        "rain_probability": 69.1,
        "risk_score": 69,
        "risk_class": "rain",
        "risk_label": "Waspada",
        "condition": "Hujan Ringan",
        "temp_c": 16.5,
        "humidity_pct": 98.0,
        "heat_index_c": 16.5,
        "wind_kmh": 2.2,
        "wind_dir": 0.0,
        "cloud_pct": 88.0
      }
    },
    {
      "type": "Feature",
      "geometry": {
        "type": "Point",
        "coordinates": [
          96.8876539578458,
          4.778238355009202
        ]
      },
      "properties": {
        "location_name": "GPM4",
        "slug": "gpm4",
        "date": "Senin, 24 Agustus 2026",
        "date_iso": "2026-08-24",
        "relative": "Besok",
        "hour": "20:00",
        "rain_probability": 28.9,
        "risk_score": 36,
        "risk_class": "watch",
        "risk_label": "Perlu diperhatikan",
        "condition": "Berawan",
        "temp_c": 16.2,
        "humidity_pct": 98.0,
        "heat_index_c": 16.2,
        "wind_kmh": 3.2,
        "wind_dir": 0.0,
        "cloud_pct": 75.0
      }
    },
    {
      "type": "Feature",
      "geometry": {
        "type": "Point",
        "coordinates": [
          96.8876539578458,
          4.778238355009202
        ]
      },
      "properties": {
        "location_name": "GPM4",
        "slug": "gpm4",
        "date": "Senin, 24 Agustus 2026",
        "date_iso": "2026-08-24",
        "relative": "Besok",
        "hour": "21:00",
        "rain_probability": 0,
        "risk_score": 27,
        "risk_class": "watch",
        "risk_label": "Perlu diperhatikan",
        "condition": "Berawan",
        "temp_c": 16.0,
        "humidity_pct": 97.0,
        "heat_index_c": 16.0,
        "wind_kmh": 2.2,
        "wind_dir": 0.0,
        "cloud_pct": 75.0
      }
    },
    {
      "type": "Feature",
      "geometry": {
        "type": "Point",
        "coordinates": [
          96.8876539578458,
          4.778238355009202
        ]
      },
      "properties": {
        "location_name": "GPM4",
        "slug": "gpm4",
        "date": "Senin, 24 Agustus 2026",
        "date_iso": "2026-08-24",
        "relative": "Besok",
        "hour": "22:00",
        "rain_probability": 0,
        "risk_score": 27,
        "risk_class": "watch",
        "risk_label": "Perlu diperhatikan",
        "condition": "Berawan",
        "temp_c": 15.7,
        "humidity_pct": 96.0,
        "heat_index_c": 15.7,
        "wind_kmh": 3.8,
        "wind_dir": 0.0,
        "cloud_pct": 75.0
      }
    },
    {
      "type": "Feature",
      "geometry": {
        "type": "Point",
        "coordinates": [
          96.8876539578458,
          4.778238355009202
        ]
      },
      "properties": {
        "location_name": "GPM4",
        "slug": "gpm4",
        "date": "Senin, 24 Agustus 2026",
        "date_iso": "2026-08-24",
        "relative": "Besok",
        "hour": "23:00",
        "rain_probability": 14.4,
        "risk_score": 28,
        "risk_class": "watch",
        "risk_label": "Perlu diperhatikan",
        "condition": "Berawan",
        "temp_c": 15.2,
        "humidity_pct": 96.0,
        "heat_index_c": 15.2,
        "wind_kmh": 4.3,
        "wind_dir": 0.0,
        "cloud_pct": 75.0
      }
    },
    {
      "type": "Feature",
      "geometry": {
        "type": "Point",
        "coordinates": [
          96.8876539578458,
          4.778238355009202
        ]
      },
      "properties": {
        "location_name": "GPM4",
        "slug": "gpm4",
        "date": "Selasa, 25 Agustus 2026",
        "date_iso": "2026-08-25",
        "relative": "Lusa",
        "hour": "00:00",
        "rain_probability": 0,
        "risk_score": 27,
        "risk_class": "watch",
        "risk_label": "Perlu diperhatikan",
        "condition": "Berawan",
        "temp_c": 14.8,
        "humidity_pct": 96.0,
        "heat_index_c": 14.8,
        "wind_kmh": 4.7,
        "wind_dir": 0.0,
        "cloud_pct": 75.0
      }
    },
    {
      "type": "Feature",
      "geometry": {
        "type": "Point",
        "coordinates": [
          96.8876539578458,
          4.778238355009202
        ]
      },
      "properties": {
        "location_name": "GPM4",
        "slug": "gpm4",
        "date": "Selasa, 25 Agustus 2026",
        "date_iso": "2026-08-25",
        "relative": "Lusa",
        "hour": "01:00",
        "rain_probability": 0,
        "risk_score": 27,
        "risk_class": "watch",
        "risk_label": "Perlu diperhatikan",
        "condition": "Berawan",
        "temp_c": 14.8,
        "humidity_pct": 97.0,
        "heat_index_c": 14.8,
        "wind_kmh": 5.2,
        "wind_dir": 0.0,
        "cloud_pct": 75.0
      }
    },
    {
      "type": "Feature",
      "geometry": {
        "type": "Point",
        "coordinates": [
          96.8876539578458,
          4.778238355009202
        ]
      },
      "properties": {
        "location_name": "GPM4",
        "slug": "gpm4",
        "date": "Selasa, 25 Agustus 2026",
        "date_iso": "2026-08-25",
        "relative": "Lusa",
        "hour": "02:00",
        "rain_probability": 14.4,
        "risk_score": 27,
        "risk_class": "watch",
        "risk_label": "Perlu diperhatikan",
        "condition": "Berawan",
        "temp_c": 14.6,
        "humidity_pct": 97.0,
        "heat_index_c": 14.6,
        "wind_kmh": 5.4,
        "wind_dir": 0.0,
        "cloud_pct": 75.0
      }
    },
    {
      "type": "Feature",
      "geometry": {
        "type": "Point",
        "coordinates": [
          96.8876539578458,
          4.778238355009202
        ]
      },
      "properties": {
        "location_name": "GPM4",
        "slug": "gpm4",
        "date": "Selasa, 25 Agustus 2026",
        "date_iso": "2026-08-25",
        "relative": "Lusa",
        "hour": "03:00",
        "rain_probability": 14.4,
        "risk_score": 27,
        "risk_class": "watch",
        "risk_label": "Perlu diperhatikan",
        "condition": "Berawan",
        "temp_c": 14.5,
        "humidity_pct": 97.0,
        "heat_index_c": 14.5,
        "wind_kmh": 6.1,
        "wind_dir": 0.0,
        "cloud_pct": 75.0
      }
    },
    {
      "type": "Feature",
      "geometry": {
        "type": "Point",
        "coordinates": [
          96.8876539578458,
          4.778238355009202
        ]
      },
      "properties": {
        "location_name": "GPM4",
        "slug": "gpm4",
        "date": "Selasa, 25 Agustus 2026",
        "date_iso": "2026-08-25",
        "relative": "Lusa",
        "hour": "04:00",
        "rain_probability": 0,
        "risk_score": 27,
        "risk_class": "watch",
        "risk_label": "Perlu diperhatikan",
        "condition": "Berawan",
        "temp_c": 14.4,
        "humidity_pct": 97.0,
        "heat_index_c": 14.4,
        "wind_kmh": 5.9,
        "wind_dir": 0.0,
        "cloud_pct": 75.0
      }
    },
    {
      "type": "Feature",
      "geometry": {
        "type": "Point",
        "coordinates": [
          96.8876539578458,
          4.778238355009202
        ]
      },
      "properties": {
        "location_name": "GPM4",
        "slug": "gpm4",
        "date": "Selasa, 25 Agustus 2026",
        "date_iso": "2026-08-25",
        "relative": "Lusa",
        "hour": "05:00",
        "rain_probability": 0,
        "risk_score": 27,
        "risk_class": "watch",
        "risk_label": "Perlu diperhatikan",
        "condition": "Berawan",
        "temp_c": 14.2,
        "humidity_pct": 97.0,
        "heat_index_c": 14.2,
        "wind_kmh": 5.8,
        "wind_dir": 0.0,
        "cloud_pct": 75.0
      }
    },
    {
      "type": "Feature",
      "geometry": {
        "type": "Point",
        "coordinates": [
          96.8876539578458,
          4.778238355009202
        ]
      },
      "properties": {
        "location_name": "GPM4",
        "slug": "gpm4",
        "date": "Selasa, 25 Agustus 2026",
        "date_iso": "2026-08-25",
        "relative": "Lusa",
        "hour": "06:00",
        "rain_probability": 0,
        "risk_score": 26,
        "risk_class": "watch",
        "risk_label": "Perlu diperhatikan",
        "condition": "Berawan",
        "temp_c": 14.1,
        "humidity_pct": 94.0,
        "heat_index_c": 14.1,
        "wind_kmh": 5.4,
        "wind_dir": 0.0,
        "cloud_pct": 75.0
      }
    },
    {
      "type": "Feature",
      "geometry": {
        "type": "Point",
        "coordinates": [
          96.8876539578458,
          4.778238355009202
        ]
      },
      "properties": {
        "location_name": "GPM4",
        "slug": "gpm4",
        "date": "Selasa, 25 Agustus 2026",
        "date_iso": "2026-08-25",
        "relative": "Lusa",
        "hour": "07:00",
        "rain_probability": 0,
        "risk_score": 26,
        "risk_class": "watch",
        "risk_label": "Perlu diperhatikan",
        "condition": "Berawan",
        "temp_c": 14.2,
        "humidity_pct": 95.0,
        "heat_index_c": 14.2,
        "wind_kmh": 5.0,
        "wind_dir": 0.0,
        "cloud_pct": 75.0
      }
    },
    {
      "type": "Feature",
      "geometry": {
        "type": "Point",
        "coordinates": [
          96.8876539578458,
          4.778238355009202
        ]
      },
      "properties": {
        "location_name": "GPM4",
        "slug": "gpm4",
        "date": "Selasa, 25 Agustus 2026",
        "date_iso": "2026-08-25",
        "relative": "Lusa",
        "hour": "08:00",
        "rain_probability": 0,
        "risk_score": 26,
        "risk_class": "watch",
        "risk_label": "Perlu diperhatikan",
        "condition": "Berawan",
        "temp_c": 15.5,
        "humidity_pct": 91.0,
        "heat_index_c": 15.5,
        "wind_kmh": 4.3,
        "wind_dir": 0.0,
        "cloud_pct": 75.0
      }
    },
    {
      "type": "Feature",
      "geometry": {
        "type": "Point",
        "coordinates": [
          96.8876539578458,
          4.778238355009202
        ]
      },
      "properties": {
        "location_name": "GPM4",
        "slug": "gpm4",
        "date": "Selasa, 25 Agustus 2026",
        "date_iso": "2026-08-25",
        "relative": "Lusa",
        "hour": "09:00",
        "rain_probability": 0,
        "risk_score": 24,
        "risk_class": "safe",
        "risk_label": "Aman",
        "condition": "Berawan",
        "temp_c": 18.0,
        "humidity_pct": 82.0,
        "heat_index_c": 18.0,
        "wind_kmh": 3.8,
        "wind_dir": 0.0,
        "cloud_pct": 75.0
      }
    },
    {
      "type": "Feature",
      "geometry": {
        "type": "Point",
        "coordinates": [
          96.8876539578458,
          4.778238355009202
        ]
      },
      "properties": {
        "location_name": "GPM4",
        "slug": "gpm4",
        "date": "Selasa, 25 Agustus 2026",
        "date_iso": "2026-08-25",
        "relative": "Lusa",
        "hour": "10:00",
        "rain_probability": 0,
        "risk_score": 22,
        "risk_class": "safe",
        "risk_label": "Aman",
        "condition": "Berawan",
        "temp_c": 19.6,
        "humidity_pct": 73.0,
        "heat_index_c": 19.6,
        "wind_kmh": 3.6,
        "wind_dir": 0.0,
        "cloud_pct": 75.0
      }
    },
    {
      "type": "Feature",
      "geometry": {
        "type": "Point",
        "coordinates": [
          96.8876539578458,
          4.778238355009202
        ]
      },
      "properties": {
        "location_name": "GPM4",
        "slug": "gpm4",
        "date": "Selasa, 25 Agustus 2026",
        "date_iso": "2026-08-25",
        "relative": "Lusa",
        "hour": "11:00",
        "rain_probability": 28.9,
        "risk_score": 32,
        "risk_class": "watch",
        "risk_label": "Perlu diperhatikan",
        "condition": "Berawan",
        "temp_c": 21.9,
        "humidity_pct": 72.0,
        "heat_index_c": 21.9,
        "wind_kmh": 3.6,
        "wind_dir": 0.0,
        "cloud_pct": 75.0
      }
    },
    {
      "type": "Feature",
      "geometry": {
        "type": "Point",
        "coordinates": [
          96.8876539578458,
          4.778238355009202
        ]
      },
      "properties": {
        "location_name": "GPM4",
        "slug": "gpm4",
        "date": "Selasa, 25 Agustus 2026",
        "date_iso": "2026-08-25",
        "relative": "Lusa",
        "hour": "12:00",
        "rain_probability": 43.3,
        "risk_score": 43,
        "risk_class": "watch",
        "risk_label": "Perlu diperhatikan",
        "condition": "Hujan Ringan",
        "temp_c": 22.3,
        "humidity_pct": 71.0,
        "heat_index_c": 22.3,
        "wind_kmh": 3.9,
        "wind_dir": 0.0,
        "cloud_pct": 75.0
      }
    },
    {
      "type": "Feature",
      "geometry": {
        "type": "Point",
        "coordinates": [
          96.8876539578458,
          4.778238355009202
        ]
      },
      "properties": {
        "location_name": "GPM4",
        "slug": "gpm4",
        "date": "Selasa, 25 Agustus 2026",
        "date_iso": "2026-08-25",
        "relative": "Lusa",
        "hour": "13:00",
        "rain_probability": 41.4,
        "risk_score": 41,
        "risk_class": "watch",
        "risk_label": "Perlu diperhatikan",
        "condition": "Hujan Ringan",
        "temp_c": 22.2,
        "humidity_pct": 67.0,
        "heat_index_c": 22.2,
        "wind_kmh": 4.7,
        "wind_dir": 0.0,
        "cloud_pct": 75.0
      }
    },
    {
      "type": "Feature",
      "geometry": {
        "type": "Point",
        "coordinates": [
          96.8876539578458,
          4.778238355009202
        ]
      },
      "properties": {
        "location_name": "GPM4",
        "slug": "gpm4",
        "date": "Selasa, 25 Agustus 2026",
        "date_iso": "2026-08-25",
        "relative": "Lusa",
        "hour": "14:00",
        "rain_probability": 72.1,
        "risk_score": 72,
        "risk_class": "rain",
        "risk_label": "Waspada",
        "condition": "Hujan Ringan",
        "temp_c": 21.8,
        "humidity_pct": 71.0,
        "heat_index_c": 21.8,
        "wind_kmh": 5.8,
        "wind_dir": 0.0,
        "cloud_pct": 88.0
      }
    },
    {
      "type": "Feature",
      "geometry": {
        "type": "Point",
        "coordinates": [
          96.8876539578458,
          4.778238355009202
        ]
      },
      "properties": {
        "location_name": "GPM4",
        "slug": "gpm4",
        "date": "Selasa, 25 Agustus 2026",
        "date_iso": "2026-08-25",
        "relative": "Lusa",
        "hour": "15:00",
        "rain_probability": 86.6,
        "risk_score": 87,
        "risk_class": "danger",
        "risk_label": "Berpotensi signifikan",
        "condition": "Hujan Ringan",
        "temp_c": 20.1,
        "humidity_pct": 82.0,
        "heat_index_c": 20.1,
        "wind_kmh": 3.8,
        "wind_dir": 0.0,
        "cloud_pct": 88.0
      }
    },
    {
      "type": "Feature",
      "geometry": {
        "type": "Point",
        "coordinates": [
          96.8876539578458,
          4.778238355009202
        ]
      },
      "properties": {
        "location_name": "GPM4",
        "slug": "gpm4",
        "date": "Selasa, 25 Agustus 2026",
        "date_iso": "2026-08-25",
        "relative": "Lusa",
        "hour": "16:00",
        "rain_probability": 82.9,
        "risk_score": 83,
        "risk_class": "danger",
        "risk_label": "Berpotensi signifikan",
        "condition": "Hujan Ringan",
        "temp_c": 19.0,
        "humidity_pct": 85.0,
        "heat_index_c": 19.0,
        "wind_kmh": 3.8,
        "wind_dir": 0.0,
        "cloud_pct": 88.0
      }
    },
    {
      "type": "Feature",
      "geometry": {
        "type": "Point",
        "coordinates": [
          96.8876539578458,
          4.778238355009202
        ]
      },
      "properties": {
        "location_name": "GPM4",
        "slug": "gpm4",
        "date": "Selasa, 25 Agustus 2026",
        "date_iso": "2026-08-25",
        "relative": "Lusa",
        "hour": "17:00",
        "rain_probability": 57.7,
        "risk_score": 58,
        "risk_class": "rain",
        "risk_label": "Waspada",
        "condition": "Hujan Ringan",
        "temp_c": 19.0,
        "humidity_pct": 89.0,
        "heat_index_c": 19.0,
        "wind_kmh": 3.6,
        "wind_dir": 0.0,
        "cloud_pct": 88.0
      }
    },
    {
      "type": "Feature",
      "geometry": {
        "type": "Point",
        "coordinates": [
          96.8876539578458,
          4.778238355009202
        ]
      },
      "properties": {
        "location_name": "GPM4",
        "slug": "gpm4",
        "date": "Selasa, 25 Agustus 2026",
        "date_iso": "2026-08-25",
        "relative": "Lusa",
        "hour": "18:00",
        "rain_probability": 57.7,
        "risk_score": 58,
        "risk_class": "rain",
        "risk_label": "Waspada",
        "condition": "Hujan Ringan",
        "temp_c": 17.0,
        "humidity_pct": 94.0,
        "heat_index_c": 17.0,
        "wind_kmh": 2.4,
        "wind_dir": 0.0,
        "cloud_pct": 88.0
      }
    },
    {
      "type": "Feature",
      "geometry": {
        "type": "Point",
        "coordinates": [
          96.8876539578458,
          4.778238355009202
        ]
      },
      "properties": {
        "location_name": "GPM4",
        "slug": "gpm4",
        "date": "Selasa, 25 Agustus 2026",
        "date_iso": "2026-08-25",
        "relative": "Lusa",
        "hour": "19:00",
        "rain_probability": 55.2,
        "risk_score": 56,
        "risk_class": "rain",
        "risk_label": "Waspada",
        "condition": "Berawan",
        "temp_c": 16.3,
        "humidity_pct": 96.0,
        "heat_index_c": 16.3,
        "wind_kmh": 2.3,
        "wind_dir": 0.0,
        "cloud_pct": 88.0
      }
    },
    {
      "type": "Feature",
      "geometry": {
        "type": "Point",
        "coordinates": [
          96.8876539578458,
          4.778238355009202
        ]
      },
      "properties": {
        "location_name": "GPM4",
        "slug": "gpm4",
        "date": "Selasa, 25 Agustus 2026",
        "date_iso": "2026-08-25",
        "relative": "Lusa",
        "hour": "20:00",
        "rain_probability": 28.9,
        "risk_score": 38,
        "risk_class": "watch",
        "risk_label": "Perlu diperhatikan",
        "condition": "Berawan",
        "temp_c": 16.0,
        "humidity_pct": 97.0,
        "heat_index_c": 16.0,
        "wind_kmh": 3.1,
        "wind_dir": 0.0,
        "cloud_pct": 75.0
      }
    },
    {
      "type": "Feature",
      "geometry": {
        "type": "Point",
        "coordinates": [
          96.8876539578458,
          4.778238355009202
        ]
      },
      "properties": {
        "location_name": "GPM4",
        "slug": "gpm4",
        "date": "Selasa, 25 Agustus 2026",
        "date_iso": "2026-08-25",
        "relative": "Lusa",
        "hour": "21:00",
        "rain_probability": 28.9,
        "risk_score": 37,
        "risk_class": "watch",
        "risk_label": "Perlu diperhatikan",
        "condition": "Berawan",
        "temp_c": 15.9,
        "humidity_pct": 96.0,
        "heat_index_c": 15.9,
        "wind_kmh": 4.0,
        "wind_dir": 0.0,
        "cloud_pct": 75.0
      }
    },
    {
      "type": "Feature",
      "geometry": {
        "type": "Point",
        "coordinates": [
          96.8876539578458,
          4.778238355009202
        ]
      },
      "properties": {
        "location_name": "GPM4",
        "slug": "gpm4",
        "date": "Selasa, 25 Agustus 2026",
        "date_iso": "2026-08-25",
        "relative": "Lusa",
        "hour": "22:00",
        "rain_probability": 27.6,
        "risk_score": 36,
        "risk_class": "watch",
        "risk_label": "Perlu diperhatikan",
        "condition": "Berawan",
        "temp_c": 15.6,
        "humidity_pct": 97.0,
        "heat_index_c": 15.6,
        "wind_kmh": 4.3,
        "wind_dir": 0.0,
        "cloud_pct": 75.0
      }
    },
    {
      "type": "Feature",
      "geometry": {
        "type": "Point",
        "coordinates": [
          96.8876539578458,
          4.778238355009202
        ]
      },
      "properties": {
        "location_name": "GPM4",
        "slug": "gpm4",
        "date": "Selasa, 25 Agustus 2026",
        "date_iso": "2026-08-25",
        "relative": "Lusa",
        "hour": "23:00",
        "rain_probability": 14.4,
        "risk_score": 28,
        "risk_class": "watch",
        "risk_label": "Perlu diperhatikan",
        "condition": "Berawan",
        "temp_c": 15.2,
        "humidity_pct": 97.0,
        "heat_index_c": 15.2,
        "wind_kmh": 5.2,
        "wind_dir": 0.0,
        "cloud_pct": 75.0
      }
    },
    {
      "type": "Feature",
      "geometry": {
        "type": "Point",
        "coordinates": [
          96.94566692384144,
          4.767312077178135
        ]
      },
      "properties": {
        "location_name": "GPM5",
        "slug": "gpm5",
        "date": "Minggu, 23 Agustus 2026",
        "date_iso": "2026-08-23",
        "relative": "Hari ini",
        "hour": "00:00",
        "rain_probability": 0,
        "risk_score": 27,
        "risk_class": "watch",
        "risk_label": "Perlu diperhatikan",
        "condition": "Berawan",
        "temp_c": 17.9,
        "humidity_pct": 98.0,
        "heat_index_c": 17.9,
        "wind_kmh": 1.9,
        "wind_dir": 0.0,
        "cloud_pct": 75.0
      }
    },
    {
      "type": "Feature",
      "geometry": {
        "type": "Point",
        "coordinates": [
          96.94566692384144,
          4.767312077178135
        ]
      },
      "properties": {
        "location_name": "GPM5",
        "slug": "gpm5",
        "date": "Minggu, 23 Agustus 2026",
        "date_iso": "2026-08-23",
        "relative": "Hari ini",
        "hour": "01:00",
        "rain_probability": 16.7,
        "risk_score": 30,
        "risk_class": "watch",
        "risk_label": "Perlu diperhatikan",
        "condition": "Berawan",
        "temp_c": 17.3,
        "humidity_pct": 98.0,
        "heat_index_c": 17.3,
        "wind_kmh": 2.3,
        "wind_dir": 0.0,
        "cloud_pct": 75.0
      }
    },
    {
      "type": "Feature",
      "geometry": {
        "type": "Point",
        "coordinates": [
          96.94566692384144,
          4.767312077178135
        ]
      },
      "properties": {
        "location_name": "GPM5",
        "slug": "gpm5",
        "date": "Minggu, 23 Agustus 2026",
        "date_iso": "2026-08-23",
        "relative": "Hari ini",
        "hour": "02:00",
        "rain_probability": 16.7,
        "risk_score": 29,
        "risk_class": "watch",
        "risk_label": "Perlu diperhatikan",
        "condition": "Berawan",
        "temp_c": 17.0,
        "humidity_pct": 97.0,
        "heat_index_c": 17.0,
        "wind_kmh": 2.6,
        "wind_dir": 0.0,
        "cloud_pct": 75.0
      }
    },
    {
      "type": "Feature",
      "geometry": {
        "type": "Point",
        "coordinates": [
          96.94566692384144,
          4.767312077178135
        ]
      },
      "properties": {
        "location_name": "GPM5",
        "slug": "gpm5",
        "date": "Minggu, 23 Agustus 2026",
        "date_iso": "2026-08-23",
        "relative": "Hari ini",
        "hour": "03:00",
        "rain_probability": 16.7,
        "risk_score": 30,
        "risk_class": "watch",
        "risk_label": "Perlu diperhatikan",
        "condition": "Berawan",
        "temp_c": 16.8,
        "humidity_pct": 96.0,
        "heat_index_c": 16.8,
        "wind_kmh": 2.6,
        "wind_dir": 0.0,
        "cloud_pct": 75.0
      }
    },
    {
      "type": "Feature",
      "geometry": {
        "type": "Point",
        "coordinates": [
          96.94566692384144,
          4.767312077178135
        ]
      },
      "properties": {
        "location_name": "GPM5",
        "slug": "gpm5",
        "date": "Minggu, 23 Agustus 2026",
        "date_iso": "2026-08-23",
        "relative": "Hari ini",
        "hour": "04:00",
        "rain_probability": 15.0,
        "risk_score": 29,
        "risk_class": "watch",
        "risk_label": "Perlu diperhatikan",
        "condition": "Berawan",
        "temp_c": 17.3,
        "humidity_pct": 97.0,
        "heat_index_c": 17.3,
        "wind_kmh": 2.7,
        "wind_dir": 0.0,
        "cloud_pct": 75.0
      }
    },
    {
      "type": "Feature",
      "geometry": {
        "type": "Point",
        "coordinates": [
          96.94566692384144,
          4.767312077178135
        ]
      },
      "properties": {
        "location_name": "GPM5",
        "slug": "gpm5",
        "date": "Minggu, 23 Agustus 2026",
        "date_iso": "2026-08-23",
        "relative": "Hari ini",
        "hour": "05:00",
        "rain_probability": 0,
        "risk_score": 27,
        "risk_class": "watch",
        "risk_label": "Perlu diperhatikan",
        "condition": "Berawan",
        "temp_c": 17.5,
        "humidity_pct": 97.0,
        "heat_index_c": 17.5,
        "wind_kmh": 3.5,
        "wind_dir": 0.0,
        "cloud_pct": 75.0
      }
    },
    {
      "type": "Feature",
      "geometry": {
        "type": "Point",
        "coordinates": [
          96.94566692384144,
          4.767312077178135
        ]
      },
      "properties": {
        "location_name": "GPM5",
        "slug": "gpm5",
        "date": "Minggu, 23 Agustus 2026",
        "date_iso": "2026-08-23",
        "relative": "Hari ini",
        "hour": "06:00",
        "rain_probability": 0,
        "risk_score": 24,
        "risk_class": "safe",
        "risk_label": "Aman",
        "condition": "Berawan",
        "temp_c": 17.4,
        "humidity_pct": 97.0,
        "heat_index_c": 17.4,
        "wind_kmh": 4.6,
        "wind_dir": 0.0,
        "cloud_pct": 45.0
      }
    },
    {
      "type": "Feature",
      "geometry": {
        "type": "Point",
        "coordinates": [
          96.94566692384144,
          4.767312077178135
        ]
      },
      "properties": {
        "location_name": "GPM5",
        "slug": "gpm5",
        "date": "Minggu, 23 Agustus 2026",
        "date_iso": "2026-08-23",
        "relative": "Hari ini",
        "hour": "07:00",
        "rain_probability": 0,
        "risk_score": 24,
        "risk_class": "safe",
        "risk_label": "Aman",
        "condition": "Cerah",
        "temp_c": 18.1,
        "humidity_pct": 96.0,
        "heat_index_c": 18.1,
        "wind_kmh": 4.0,
        "wind_dir": 0.0,
        "cloud_pct": 45.0
      }
    },
    {
      "type": "Feature",
      "geometry": {
        "type": "Point",
        "coordinates": [
          96.94566692384144,
          4.767312077178135
        ]
      },
      "properties": {
        "location_name": "GPM5",
        "slug": "gpm5",
        "date": "Minggu, 23 Agustus 2026",
        "date_iso": "2026-08-23",
        "relative": "Hari ini",
        "hour": "08:00",
        "rain_probability": 14.4,
        "risk_score": 27,
        "risk_class": "watch",
        "risk_label": "Perlu diperhatikan",
        "condition": "Cerah",
        "temp_c": 19.7,
        "humidity_pct": 92.0,
        "heat_index_c": 19.7,
        "wind_kmh": 2.7,
        "wind_dir": 0.0,
        "cloud_pct": 15.0
      }
    },
    {
      "type": "Feature",
      "geometry": {
        "type": "Point",
        "coordinates": [
          96.94566692384144,
          4.767312077178135
        ]
      },
      "properties": {
        "location_name": "GPM5",
        "slug": "gpm5",
        "date": "Minggu, 23 Agustus 2026",
        "date_iso": "2026-08-23",
        "relative": "Hari ini",
        "hour": "09:00",
        "rain_probability": 28.8,
        "risk_score": 35,
        "risk_class": "watch",
        "risk_label": "Perlu diperhatikan",
        "condition": "Hujan Ringan",
        "temp_c": 22.0,
        "humidity_pct": 84.0,
        "heat_index_c": 22.0,
        "wind_kmh": 1.6,
        "wind_dir": 0.0,
        "cloud_pct": 75.0
      }
    },
    {
      "type": "Feature",
      "geometry": {
        "type": "Point",
        "coordinates": [
          96.94566692384144,
          4.767312077178135
        ]
      },
      "properties": {
        "location_name": "GPM5",
        "slug": "gpm5",
        "date": "Minggu, 23 Agustus 2026",
        "date_iso": "2026-08-23",
        "relative": "Hari ini",
        "hour": "10:00",
        "rain_probability": 13.8,
        "risk_score": 25,
        "risk_class": "watch",
        "risk_label": "Perlu diperhatikan",
        "condition": "Cerah Berawan",
        "temp_c": 24.0,
        "humidity_pct": 78.0,
        "heat_index_c": 24.0,
        "wind_kmh": 3.1,
        "wind_dir": 0.0,
        "cloud_pct": 45.0
      }
    },
    {
      "type": "Feature",
      "geometry": {
        "type": "Point",
        "coordinates": [
          96.94566692384144,
          4.767312077178135
        ]
      },
      "properties": {
        "location_name": "GPM5",
        "slug": "gpm5",
        "date": "Minggu, 23 Agustus 2026",
        "date_iso": "2026-08-23",
        "relative": "Hari ini",
        "hour": "11:00",
        "rain_probability": 43.2,
        "risk_score": 43,
        "risk_class": "watch",
        "risk_label": "Perlu diperhatikan",
        "condition": "Hujan Ringan",
        "temp_c": 24.0,
        "humidity_pct": 73.0,
        "heat_index_c": 24.0,
        "wind_kmh": 4.3,
        "wind_dir": 0.0,
        "cloud_pct": 75.0
      }
    },
    {
      "type": "Feature",
      "geometry": {
        "type": "Point",
        "coordinates": [
          96.94566692384144,
          4.767312077178135
        ]
      },
      "properties": {
        "location_name": "GPM5",
        "slug": "gpm5",
        "date": "Minggu, 23 Agustus 2026",
        "date_iso": "2026-08-23",
        "relative": "Hari ini",
        "hour": "12:00",
        "rain_probability": 57.7,
        "risk_score": 58,
        "risk_class": "rain",
        "risk_label": "Waspada",
        "condition": "Hujan Ringan",
        "temp_c": 24.0,
        "humidity_pct": 72.0,
        "heat_index_c": 24.0,
        "wind_kmh": 7.3,
        "wind_dir": 0.0,
        "cloud_pct": 88.0
      }
    },
    {
      "type": "Feature",
      "geometry": {
        "type": "Point",
        "coordinates": [
          96.94566692384144,
          4.767312077178135
        ]
      },
      "properties": {
        "location_name": "GPM5",
        "slug": "gpm5",
        "date": "Minggu, 23 Agustus 2026",
        "date_iso": "2026-08-23",
        "relative": "Hari ini",
        "hour": "13:00",
        "rain_probability": 69.0,
        "risk_score": 69,
        "risk_class": "rain",
        "risk_label": "Waspada",
        "condition": "Hujan Ringan",
        "temp_c": 24.3,
        "humidity_pct": 71.0,
        "heat_index_c": 24.3,
        "wind_kmh": 7.3,
        "wind_dir": 0.0,
        "cloud_pct": 88.0
      }
    },
    {
      "type": "Feature",
      "geometry": {
        "type": "Point",
        "coordinates": [
          96.94566692384144,
          4.767312077178135
        ]
      },
      "properties": {
        "location_name": "GPM5",
        "slug": "gpm5",
        "date": "Minggu, 23 Agustus 2026",
        "date_iso": "2026-08-23",
        "relative": "Hari ini",
        "hour": "14:00",
        "rain_probability": 72.1,
        "risk_score": 76,
        "risk_class": "rain",
        "risk_label": "Waspada",
        "condition": "Hujan Ringan",
        "temp_c": 24.3,
        "humidity_pct": 72.0,
        "heat_index_c": 24.3,
        "wind_kmh": 7.3,
        "wind_dir": 0.0,
        "cloud_pct": 88.0
      }
    },
    {
      "type": "Feature",
      "geometry": {
        "type": "Point",
        "coordinates": [
          96.94566692384144,
          4.767312077178135
        ]
      },
      "properties": {
        "location_name": "GPM5",
        "slug": "gpm5",
        "date": "Minggu, 23 Agustus 2026",
        "date_iso": "2026-08-23",
        "relative": "Hari ini",
        "hour": "15:00",
        "rain_probability": 86.5,
        "risk_score": 87,
        "risk_class": "danger",
        "risk_label": "Berpotensi signifikan",
        "condition": "Hujan Ringan",
        "temp_c": 23.0,
        "humidity_pct": 86.0,
        "heat_index_c": 23.0,
        "wind_kmh": 6.5,
        "wind_dir": 0.0,
        "cloud_pct": 88.0
      }
    },
    {
      "type": "Feature",
      "geometry": {
        "type": "Point",
        "coordinates": [
          96.94566692384144,
          4.767312077178135
        ]
      },
      "properties": {
        "location_name": "GPM5",
        "slug": "gpm5",
        "date": "Minggu, 23 Agustus 2026",
        "date_iso": "2026-08-23",
        "relative": "Hari ini",
        "hour": "16:00",
        "rain_probability": 82.8,
        "risk_score": 83,
        "risk_class": "danger",
        "risk_label": "Berpotensi signifikan",
        "condition": "Hujan Ringan",
        "temp_c": 21.4,
        "humidity_pct": 91.0,
        "heat_index_c": 21.4,
        "wind_kmh": 4.5,
        "wind_dir": 0.0,
        "cloud_pct": 88.0
      }
    },
    {
      "type": "Feature",
      "geometry": {
        "type": "Point",
        "coordinates": [
          96.94566692384144,
          4.767312077178135
        ]
      },
      "properties": {
        "location_name": "GPM5",
        "slug": "gpm5",
        "date": "Minggu, 23 Agustus 2026",
        "date_iso": "2026-08-23",
        "relative": "Hari ini",
        "hour": "17:00",
        "rain_probability": 86.5,
        "risk_score": 86,
        "risk_class": "danger",
        "risk_label": "Berpotensi signifikan",
        "condition": "Hujan Ringan",
        "temp_c": 21.0,
        "humidity_pct": 91.0,
        "heat_index_c": 21.0,
        "wind_kmh": 3.4,
        "wind_dir": 0.0,
        "cloud_pct": 88.0
      }
    },
    {
      "type": "Feature",
      "geometry": {
        "type": "Point",
        "coordinates": [
          96.94566692384144,
          4.767312077178135
        ]
      },
      "properties": {
        "location_name": "GPM5",
        "slug": "gpm5",
        "date": "Minggu, 23 Agustus 2026",
        "date_iso": "2026-08-23",
        "relative": "Hari ini",
        "hour": "18:00",
        "rain_probability": 86.5,
        "risk_score": 86,
        "risk_class": "danger",
        "risk_label": "Berpotensi signifikan",
        "condition": "Hujan Ringan",
        "temp_c": 20.7,
        "humidity_pct": 95.0,
        "heat_index_c": 20.7,
        "wind_kmh": 3.2,
        "wind_dir": 0.0,
        "cloud_pct": 88.0
      }
    },
    {
      "type": "Feature",
      "geometry": {
        "type": "Point",
        "coordinates": [
          96.94566692384144,
          4.767312077178135
        ]
      },
      "properties": {
        "location_name": "GPM5",
        "slug": "gpm5",
        "date": "Minggu, 23 Agustus 2026",
        "date_iso": "2026-08-23",
        "relative": "Hari ini",
        "hour": "19:00",
        "rain_probability": 82.8,
        "risk_score": 83,
        "risk_class": "danger",
        "risk_label": "Berpotensi signifikan",
        "condition": "Hujan Ringan",
        "temp_c": 19.7,
        "humidity_pct": 96.0,
        "heat_index_c": 19.7,
        "wind_kmh": 2.3,
        "wind_dir": 0.0,
        "cloud_pct": 88.0
      }
    },
    {
      "type": "Feature",
      "geometry": {
        "type": "Point",
        "coordinates": [
          96.94566692384144,
          4.767312077178135
        ]
      },
      "properties": {
        "location_name": "GPM5",
        "slug": "gpm5",
        "date": "Minggu, 23 Agustus 2026",
        "date_iso": "2026-08-23",
        "relative": "Hari ini",
        "hour": "20:00",
        "rain_probability": 43.2,
        "risk_score": 46,
        "risk_class": "watch",
        "risk_label": "Perlu diperhatikan",
        "condition": "Berawan",
        "temp_c": 19.4,
        "humidity_pct": 96.0,
        "heat_index_c": 19.4,
        "wind_kmh": 2.6,
        "wind_dir": 0.0,
        "cloud_pct": 75.0
      }
    },
    {
      "type": "Feature",
      "geometry": {
        "type": "Point",
        "coordinates": [
          96.94566692384144,
          4.767312077178135
        ]
      },
      "properties": {
        "location_name": "GPM5",
        "slug": "gpm5",
        "date": "Minggu, 23 Agustus 2026",
        "date_iso": "2026-08-23",
        "relative": "Hari ini",
        "hour": "21:00",
        "rain_probability": 43.2,
        "risk_score": 44,
        "risk_class": "watch",
        "risk_label": "Perlu diperhatikan",
        "condition": "Berawan",
        "temp_c": 19.1,
        "humidity_pct": 96.0,
        "heat_index_c": 19.1,
        "wind_kmh": 2.1,
        "wind_dir": 0.0,
        "cloud_pct": 75.0
      }
    },
    {
      "type": "Feature",
      "geometry": {
        "type": "Point",
        "coordinates": [
          96.94566692384144,
          4.767312077178135
        ]
      },
      "properties": {
        "location_name": "GPM5",
        "slug": "gpm5",
        "date": "Minggu, 23 Agustus 2026",
        "date_iso": "2026-08-23",
        "relative": "Hari ini",
        "hour": "22:00",
        "rain_probability": 27.6,
        "risk_score": 36,
        "risk_class": "watch",
        "risk_label": "Perlu diperhatikan",
        "condition": "Berawan",
        "temp_c": 18.4,
        "humidity_pct": 97.0,
        "heat_index_c": 18.4,
        "wind_kmh": 3.2,
        "wind_dir": 0.0,
        "cloud_pct": 75.0
      }
    },
    {
      "type": "Feature",
      "geometry": {
        "type": "Point",
        "coordinates": [
          96.94566692384144,
          4.767312077178135
        ]
      },
      "properties": {
        "location_name": "GPM5",
        "slug": "gpm5",
        "date": "Minggu, 23 Agustus 2026",
        "date_iso": "2026-08-23",
        "relative": "Hari ini",
        "hour": "23:00",
        "rain_probability": 0,
        "risk_score": 27,
        "risk_class": "watch",
        "risk_label": "Perlu diperhatikan",
        "condition": "Berawan",
        "temp_c": 18.1,
        "humidity_pct": 97.0,
        "heat_index_c": 18.1,
        "wind_kmh": 2.9,
        "wind_dir": 0.0,
        "cloud_pct": 75.0
      }
    },
    {
      "type": "Feature",
      "geometry": {
        "type": "Point",
        "coordinates": [
          96.94566692384144,
          4.767312077178135
        ]
      },
      "properties": {
        "location_name": "GPM5",
        "slug": "gpm5",
        "date": "Senin, 24 Agustus 2026",
        "date_iso": "2026-08-24",
        "relative": "Besok",
        "hour": "00:00",
        "rain_probability": 14.4,
        "risk_score": 29,
        "risk_class": "watch",
        "risk_label": "Perlu diperhatikan",
        "condition": "Berawan",
        "temp_c": 17.7,
        "humidity_pct": 98.0,
        "heat_index_c": 17.7,
        "wind_kmh": 4.5,
        "wind_dir": 0.0,
        "cloud_pct": 75.0
      }
    },
    {
      "type": "Feature",
      "geometry": {
        "type": "Point",
        "coordinates": [
          96.94566692384144,
          4.767312077178135
        ]
      },
      "properties": {
        "location_name": "GPM5",
        "slug": "gpm5",
        "date": "Senin, 24 Agustus 2026",
        "date_iso": "2026-08-24",
        "relative": "Besok",
        "hour": "01:00",
        "rain_probability": 13.8,
        "risk_score": 28,
        "risk_class": "watch",
        "risk_label": "Perlu diperhatikan",
        "condition": "Berawan",
        "temp_c": 17.4,
        "humidity_pct": 98.0,
        "heat_index_c": 17.4,
        "wind_kmh": 4.5,
        "wind_dir": 0.0,
        "cloud_pct": 75.0
      }
    },
    {
      "type": "Feature",
      "geometry": {
        "type": "Point",
        "coordinates": [
          96.94566692384144,
          4.767312077178135
        ]
      },
      "properties": {
        "location_name": "GPM5",
        "slug": "gpm5",
        "date": "Senin, 24 Agustus 2026",
        "date_iso": "2026-08-24",
        "relative": "Besok",
        "hour": "02:00",
        "rain_probability": 14.4,
        "risk_score": 28,
        "risk_class": "watch",
        "risk_label": "Perlu diperhatikan",
        "condition": "Berawan",
        "temp_c": 17.1,
        "humidity_pct": 98.0,
        "heat_index_c": 17.1,
        "wind_kmh": 4.5,
        "wind_dir": 0.0,
        "cloud_pct": 75.0
      }
    },
    {
      "type": "Feature",
      "geometry": {
        "type": "Point",
        "coordinates": [
          96.94566692384144,
          4.767312077178135
        ]
      },
      "properties": {
        "location_name": "GPM5",
        "slug": "gpm5",
        "date": "Senin, 24 Agustus 2026",
        "date_iso": "2026-08-24",
        "relative": "Besok",
        "hour": "03:00",
        "rain_probability": 14.4,
        "risk_score": 28,
        "risk_class": "watch",
        "risk_label": "Perlu diperhatikan",
        "condition": "Berawan",
        "temp_c": 16.8,
        "humidity_pct": 97.0,
        "heat_index_c": 16.8,
        "wind_kmh": 4.6,
        "wind_dir": 0.0,
        "cloud_pct": 75.0
      }
    },
    {
      "type": "Feature",
      "geometry": {
        "type": "Point",
        "coordinates": [
          96.94566692384144,
          4.767312077178135
        ]
      },
      "properties": {
        "location_name": "GPM5",
        "slug": "gpm5",
        "date": "Senin, 24 Agustus 2026",
        "date_iso": "2026-08-24",
        "relative": "Besok",
        "hour": "04:00",
        "rain_probability": 0,
        "risk_score": 27,
        "risk_class": "watch",
        "risk_label": "Perlu diperhatikan",
        "condition": "Berawan",
        "temp_c": 16.7,
        "humidity_pct": 97.0,
        "heat_index_c": 16.7,
        "wind_kmh": 4.6,
        "wind_dir": 0.0,
        "cloud_pct": 75.0
      }
    },
    {
      "type": "Feature",
      "geometry": {
        "type": "Point",
        "coordinates": [
          96.94566692384144,
          4.767312077178135
        ]
      },
      "properties": {
        "location_name": "GPM5",
        "slug": "gpm5",
        "date": "Senin, 24 Agustus 2026",
        "date_iso": "2026-08-24",
        "relative": "Besok",
        "hour": "05:00",
        "rain_probability": 0,
        "risk_score": 27,
        "risk_class": "watch",
        "risk_label": "Perlu diperhatikan",
        "condition": "Berawan",
        "temp_c": 16.6,
        "humidity_pct": 97.0,
        "heat_index_c": 16.6,
        "wind_kmh": 4.6,
        "wind_dir": 0.0,
        "cloud_pct": 75.0
      }
    },
    {
      "type": "Feature",
      "geometry": {
        "type": "Point",
        "coordinates": [
          96.94566692384144,
          4.767312077178135
        ]
      },
      "properties": {
        "location_name": "GPM5",
        "slug": "gpm5",
        "date": "Senin, 24 Agustus 2026",
        "date_iso": "2026-08-24",
        "relative": "Besok",
        "hour": "06:00",
        "rain_probability": 0,
        "risk_score": 27,
        "risk_class": "watch",
        "risk_label": "Perlu diperhatikan",
        "condition": "Berawan",
        "temp_c": 17.2,
        "humidity_pct": 97.0,
        "heat_index_c": 17.2,
        "wind_kmh": 5.0,
        "wind_dir": 0.0,
        "cloud_pct": 75.0
      }
    },
    {
      "type": "Feature",
      "geometry": {
        "type": "Point",
        "coordinates": [
          96.94566692384144,
          4.767312077178135
        ]
      },
      "properties": {
        "location_name": "GPM5",
        "slug": "gpm5",
        "date": "Senin, 24 Agustus 2026",
        "date_iso": "2026-08-24",
        "relative": "Besok",
        "hour": "07:00",
        "rain_probability": 0,
        "risk_score": 27,
        "risk_class": "watch",
        "risk_label": "Perlu diperhatikan",
        "condition": "Berawan",
        "temp_c": 17.9,
        "humidity_pct": 96.0,
        "heat_index_c": 17.9,
        "wind_kmh": 4.5,
        "wind_dir": 0.0,
        "cloud_pct": 75.0
      }
    },
    {
      "type": "Feature",
      "geometry": {
        "type": "Point",
        "coordinates": [
          96.94566692384144,
          4.767312077178135
        ]
      },
      "properties": {
        "location_name": "GPM5",
        "slug": "gpm5",
        "date": "Senin, 24 Agustus 2026",
        "date_iso": "2026-08-24",
        "relative": "Besok",
        "hour": "08:00",
        "rain_probability": 0,
        "risk_score": 26,
        "risk_class": "watch",
        "risk_label": "Perlu diperhatikan",
        "condition": "Berawan",
        "temp_c": 19.2,
        "humidity_pct": 90.0,
        "heat_index_c": 19.2,
        "wind_kmh": 3.6,
        "wind_dir": 0.0,
        "cloud_pct": 75.0
      }
    },
    {
      "type": "Feature",
      "geometry": {
        "type": "Point",
        "coordinates": [
          96.94566692384144,
          4.767312077178135
        ]
      },
      "properties": {
        "location_name": "GPM5",
        "slug": "gpm5",
        "date": "Senin, 24 Agustus 2026",
        "date_iso": "2026-08-24",
        "relative": "Besok",
        "hour": "09:00",
        "rain_probability": 14.4,
        "risk_score": 25,
        "risk_class": "watch",
        "risk_label": "Perlu diperhatikan",
        "condition": "Berawan",
        "temp_c": 21.5,
        "humidity_pct": 82.0,
        "heat_index_c": 21.5,
        "wind_kmh": 2.3,
        "wind_dir": 0.0,
        "cloud_pct": 75.0
      }
    },
    {
      "type": "Feature",
      "geometry": {
        "type": "Point",
        "coordinates": [
          96.94566692384144,
          4.767312077178135
        ]
      },
      "properties": {
        "location_name": "GPM5",
        "slug": "gpm5",
        "date": "Senin, 24 Agustus 2026",
        "date_iso": "2026-08-24",
        "relative": "Besok",
        "hour": "10:00",
        "rain_probability": 13.8,
        "risk_score": 24,
        "risk_class": "safe",
        "risk_label": "Aman",
        "condition": "Berawan",
        "temp_c": 22.9,
        "humidity_pct": 74.0,
        "heat_index_c": 22.9,
        "wind_kmh": 3.1,
        "wind_dir": 0.0,
        "cloud_pct": 75.0
      }
    },
    {
      "type": "Feature",
      "geometry": {
        "type": "Point",
        "coordinates": [
          96.94566692384144,
          4.767312077178135
        ]
      },
      "properties": {
        "location_name": "GPM5",
        "slug": "gpm5",
        "date": "Senin, 24 Agustus 2026",
        "date_iso": "2026-08-24",
        "relative": "Besok",
        "hour": "11:00",
        "rain_probability": 43.3,
        "risk_score": 43,
        "risk_class": "watch",
        "risk_label": "Perlu diperhatikan",
        "condition": "Hujan Ringan",
        "temp_c": 23.8,
        "humidity_pct": 73.0,
        "heat_index_c": 23.8,
        "wind_kmh": 4.3,
        "wind_dir": 0.0,
        "cloud_pct": 75.0
      }
    },
    {
      "type": "Feature",
      "geometry": {
        "type": "Point",
        "coordinates": [
          96.94566692384144,
          4.767312077178135
        ]
      },
      "properties": {
        "location_name": "GPM5",
        "slug": "gpm5",
        "date": "Senin, 24 Agustus 2026",
        "date_iso": "2026-08-24",
        "relative": "Besok",
        "hour": "12:00",
        "rain_probability": 100,
        "risk_score": 100,
        "risk_class": "danger",
        "risk_label": "Berpotensi signifikan",
        "condition": "Hujan Ringan",
        "temp_c": 23.5,
        "humidity_pct": 75.0,
        "heat_index_c": 23.5,
        "wind_kmh": 5.1,
        "wind_dir": 0.0,
        "cloud_pct": 88.0
      }
    },
    {
      "type": "Feature",
      "geometry": {
        "type": "Point",
        "coordinates": [
          96.94566692384144,
          4.767312077178135
        ]
      },
      "properties": {
        "location_name": "GPM5",
        "slug": "gpm5",
        "date": "Senin, 24 Agustus 2026",
        "date_iso": "2026-08-24",
        "relative": "Besok",
        "hour": "13:00",
        "rain_probability": 100,
        "risk_score": 100,
        "risk_class": "danger",
        "risk_label": "Berpotensi signifikan",
        "condition": "Hujan Ringan",
        "temp_c": 23.0,
        "humidity_pct": 88.0,
        "heat_index_c": 23.0,
        "wind_kmh": 5.8,
        "wind_dir": 0.0,
        "cloud_pct": 88.0
      }
    },
    {
      "type": "Feature",
      "geometry": {
        "type": "Point",
        "coordinates": [
          96.94566692384144,
          4.767312077178135
        ]
      },
      "properties": {
        "location_name": "GPM5",
        "slug": "gpm5",
        "date": "Senin, 24 Agustus 2026",
        "date_iso": "2026-08-24",
        "relative": "Besok",
        "hour": "14:00",
        "rain_probability": 100,
        "risk_score": 100,
        "risk_class": "danger",
        "risk_label": "Berpotensi signifikan",
        "condition": "Hujan Lebat",
        "temp_c": 22.5,
        "humidity_pct": 89.0,
        "heat_index_c": 22.5,
        "wind_kmh": 4.8,
        "wind_dir": 0.0,
        "cloud_pct": 94.0
      }
    },
    {
      "type": "Feature",
      "geometry": {
        "type": "Point",
        "coordinates": [
          96.94566692384144,
          4.767312077178135
        ]
      },
      "properties": {
        "location_name": "GPM5",
        "slug": "gpm5",
        "date": "Senin, 24 Agustus 2026",
        "date_iso": "2026-08-24",
        "relative": "Besok",
        "hour": "15:00",
        "rain_probability": 86.6,
        "risk_score": 87,
        "risk_class": "danger",
        "risk_label": "Berpotensi signifikan",
        "condition": "Hujan Lebat",
        "temp_c": 21.6,
        "humidity_pct": 91.0,
        "heat_index_c": 21.6,
        "wind_kmh": 5.0,
        "wind_dir": 0.0,
        "cloud_pct": 98.0
      }
    },
    {
      "type": "Feature",
      "geometry": {
        "type": "Point",
        "coordinates": [
          96.94566692384144,
          4.767312077178135
        ]
      },
      "properties": {
        "location_name": "GPM5",
        "slug": "gpm5",
        "date": "Senin, 24 Agustus 2026",
        "date_iso": "2026-08-24",
        "relative": "Besok",
        "hour": "16:00",
        "rain_probability": 82.9,
        "risk_score": 83,
        "risk_class": "danger",
        "risk_label": "Berpotensi signifikan",
        "condition": "Hujan Sedang",
        "temp_c": 20.9,
        "humidity_pct": 92.0,
        "heat_index_c": 20.9,
        "wind_kmh": 5.5,
        "wind_dir": 0.0,
        "cloud_pct": 94.0
      }
    },
    {
      "type": "Feature",
      "geometry": {
        "type": "Point",
        "coordinates": [
          96.94566692384144,
          4.767312077178135
        ]
      },
      "properties": {
        "location_name": "GPM5",
        "slug": "gpm5",
        "date": "Senin, 24 Agustus 2026",
        "date_iso": "2026-08-24",
        "relative": "Besok",
        "hour": "17:00",
        "rain_probability": 86.6,
        "risk_score": 87,
        "risk_class": "danger",
        "risk_label": "Berpotensi signifikan",
        "condition": "Hujan Ringan",
        "temp_c": 20.6,
        "humidity_pct": 94.0,
        "heat_index_c": 20.6,
        "wind_kmh": 3.1,
        "wind_dir": 0.0,
        "cloud_pct": 88.0
      }
    },
    {
      "type": "Feature",
      "geometry": {
        "type": "Point",
        "coordinates": [
          96.94566692384144,
          4.767312077178135
        ]
      },
      "properties": {
        "location_name": "GPM5",
        "slug": "gpm5",
        "date": "Senin, 24 Agustus 2026",
        "date_iso": "2026-08-24",
        "relative": "Besok",
        "hour": "18:00",
        "rain_probability": 86.6,
        "risk_score": 87,
        "risk_class": "danger",
        "risk_label": "Berpotensi signifikan",
        "condition": "Hujan Ringan",
        "temp_c": 20.0,
        "humidity_pct": 97.0,
        "heat_index_c": 20.0,
        "wind_kmh": 2.2,
        "wind_dir": 0.0,
        "cloud_pct": 88.0
      }
    },
    {
      "type": "Feature",
      "geometry": {
        "type": "Point",
        "coordinates": [
          96.94566692384144,
          4.767312077178135
        ]
      },
      "properties": {
        "location_name": "GPM5",
        "slug": "gpm5",
        "date": "Senin, 24 Agustus 2026",
        "date_iso": "2026-08-24",
        "relative": "Besok",
        "hour": "19:00",
        "rain_probability": 69.1,
        "risk_score": 69,
        "risk_class": "rain",
        "risk_label": "Waspada",
        "condition": "Hujan Ringan",
        "temp_c": 19.2,
        "humidity_pct": 97.0,
        "heat_index_c": 19.2,
        "wind_kmh": 1.8,
        "wind_dir": 0.0,
        "cloud_pct": 88.0
      }
    },
    {
      "type": "Feature",
      "geometry": {
        "type": "Point",
        "coordinates": [
          96.94566692384144,
          4.767312077178135
        ]
      },
      "properties": {
        "location_name": "GPM5",
        "slug": "gpm5",
        "date": "Senin, 24 Agustus 2026",
        "date_iso": "2026-08-24",
        "relative": "Besok",
        "hour": "20:00",
        "rain_probability": 28.9,
        "risk_score": 36,
        "risk_class": "watch",
        "risk_label": "Perlu diperhatikan",
        "condition": "Berawan",
        "temp_c": 18.2,
        "humidity_pct": 98.0,
        "heat_index_c": 18.2,
        "wind_kmh": 1.0,
        "wind_dir": 0.0,
        "cloud_pct": 75.0
      }
    },
    {
      "type": "Feature",
      "geometry": {
        "type": "Point",
        "coordinates": [
          96.94566692384144,
          4.767312077178135
        ]
      },
      "properties": {
        "location_name": "GPM5",
        "slug": "gpm5",
        "date": "Senin, 24 Agustus 2026",
        "date_iso": "2026-08-24",
        "relative": "Besok",
        "hour": "21:00",
        "rain_probability": 0,
        "risk_score": 27,
        "risk_class": "watch",
        "risk_label": "Perlu diperhatikan",
        "condition": "Berawan",
        "temp_c": 18.3,
        "humidity_pct": 97.0,
        "heat_index_c": 18.3,
        "wind_kmh": 1.5,
        "wind_dir": 0.0,
        "cloud_pct": 75.0
      }
    },
    {
      "type": "Feature",
      "geometry": {
        "type": "Point",
        "coordinates": [
          96.94566692384144,
          4.767312077178135
        ]
      },
      "properties": {
        "location_name": "GPM5",
        "slug": "gpm5",
        "date": "Senin, 24 Agustus 2026",
        "date_iso": "2026-08-24",
        "relative": "Besok",
        "hour": "22:00",
        "rain_probability": 0,
        "risk_score": 27,
        "risk_class": "watch",
        "risk_label": "Perlu diperhatikan",
        "condition": "Berawan",
        "temp_c": 18.4,
        "humidity_pct": 96.0,
        "heat_index_c": 18.4,
        "wind_kmh": 2.6,
        "wind_dir": 0.0,
        "cloud_pct": 75.0
      }
    },
    {
      "type": "Feature",
      "geometry": {
        "type": "Point",
        "coordinates": [
          96.94566692384144,
          4.767312077178135
        ]
      },
      "properties": {
        "location_name": "GPM5",
        "slug": "gpm5",
        "date": "Senin, 24 Agustus 2026",
        "date_iso": "2026-08-24",
        "relative": "Besok",
        "hour": "23:00",
        "rain_probability": 14.4,
        "risk_score": 28,
        "risk_class": "watch",
        "risk_label": "Perlu diperhatikan",
        "condition": "Berawan",
        "temp_c": 18.0,
        "humidity_pct": 96.0,
        "heat_index_c": 18.0,
        "wind_kmh": 3.6,
        "wind_dir": 0.0,
        "cloud_pct": 75.0
      }
    },
    {
      "type": "Feature",
      "geometry": {
        "type": "Point",
        "coordinates": [
          96.94566692384144,
          4.767312077178135
        ]
      },
      "properties": {
        "location_name": "GPM5",
        "slug": "gpm5",
        "date": "Selasa, 25 Agustus 2026",
        "date_iso": "2026-08-25",
        "relative": "Lusa",
        "hour": "00:00",
        "rain_probability": 0,
        "risk_score": 27,
        "risk_class": "watch",
        "risk_label": "Perlu diperhatikan",
        "condition": "Berawan",
        "temp_c": 17.5,
        "humidity_pct": 96.0,
        "heat_index_c": 17.5,
        "wind_kmh": 4.5,
        "wind_dir": 0.0,
        "cloud_pct": 75.0
      }
    },
    {
      "type": "Feature",
      "geometry": {
        "type": "Point",
        "coordinates": [
          96.94566692384144,
          4.767312077178135
        ]
      },
      "properties": {
        "location_name": "GPM5",
        "slug": "gpm5",
        "date": "Selasa, 25 Agustus 2026",
        "date_iso": "2026-08-25",
        "relative": "Lusa",
        "hour": "01:00",
        "rain_probability": 0,
        "risk_score": 27,
        "risk_class": "watch",
        "risk_label": "Perlu diperhatikan",
        "condition": "Berawan",
        "temp_c": 17.4,
        "humidity_pct": 96.0,
        "heat_index_c": 17.4,
        "wind_kmh": 5.0,
        "wind_dir": 0.0,
        "cloud_pct": 75.0
      }
    },
    {
      "type": "Feature",
      "geometry": {
        "type": "Point",
        "coordinates": [
          96.94566692384144,
          4.767312077178135
        ]
      },
      "properties": {
        "location_name": "GPM5",
        "slug": "gpm5",
        "date": "Selasa, 25 Agustus 2026",
        "date_iso": "2026-08-25",
        "relative": "Lusa",
        "hour": "02:00",
        "rain_probability": 14.4,
        "risk_score": 27,
        "risk_class": "watch",
        "risk_label": "Perlu diperhatikan",
        "condition": "Berawan",
        "temp_c": 17.5,
        "humidity_pct": 97.0,
        "heat_index_c": 17.5,
        "wind_kmh": 5.4,
        "wind_dir": 0.0,
        "cloud_pct": 75.0
      }
    },
    {
      "type": "Feature",
      "geometry": {
        "type": "Point",
        "coordinates": [
          96.94566692384144,
          4.767312077178135
        ]
      },
      "properties": {
        "location_name": "GPM5",
        "slug": "gpm5",
        "date": "Selasa, 25 Agustus 2026",
        "date_iso": "2026-08-25",
        "relative": "Lusa",
        "hour": "03:00",
        "rain_probability": 14.4,
        "risk_score": 27,
        "risk_class": "watch",
        "risk_label": "Perlu diperhatikan",
        "condition": "Berawan",
        "temp_c": 17.2,
        "humidity_pct": 97.0,
        "heat_index_c": 17.2,
        "wind_kmh": 5.9,
        "wind_dir": 0.0,
        "cloud_pct": 75.0
      }
    },
    {
      "type": "Feature",
      "geometry": {
        "type": "Point",
        "coordinates": [
          96.94566692384144,
          4.767312077178135
        ]
      },
      "properties": {
        "location_name": "GPM5",
        "slug": "gpm5",
        "date": "Selasa, 25 Agustus 2026",
        "date_iso": "2026-08-25",
        "relative": "Lusa",
        "hour": "04:00",
        "rain_probability": 0,
        "risk_score": 27,
        "risk_class": "watch",
        "risk_label": "Perlu diperhatikan",
        "condition": "Berawan",
        "temp_c": 17.1,
        "humidity_pct": 97.0,
        "heat_index_c": 17.1,
        "wind_kmh": 5.6,
        "wind_dir": 0.0,
        "cloud_pct": 75.0
      }
    },
    {
      "type": "Feature",
      "geometry": {
        "type": "Point",
        "coordinates": [
          96.94566692384144,
          4.767312077178135
        ]
      },
      "properties": {
        "location_name": "GPM5",
        "slug": "gpm5",
        "date": "Selasa, 25 Agustus 2026",
        "date_iso": "2026-08-25",
        "relative": "Lusa",
        "hour": "05:00",
        "rain_probability": 0,
        "risk_score": 27,
        "risk_class": "watch",
        "risk_label": "Perlu diperhatikan",
        "condition": "Berawan",
        "temp_c": 16.9,
        "humidity_pct": 97.0,
        "heat_index_c": 16.9,
        "wind_kmh": 5.8,
        "wind_dir": 0.0,
        "cloud_pct": 75.0
      }
    },
    {
      "type": "Feature",
      "geometry": {
        "type": "Point",
        "coordinates": [
          96.94566692384144,
          4.767312077178135
        ]
      },
      "properties": {
        "location_name": "GPM5",
        "slug": "gpm5",
        "date": "Selasa, 25 Agustus 2026",
        "date_iso": "2026-08-25",
        "relative": "Lusa",
        "hour": "06:00",
        "rain_probability": 0,
        "risk_score": 26,
        "risk_class": "watch",
        "risk_label": "Perlu diperhatikan",
        "condition": "Berawan",
        "temp_c": 17.2,
        "humidity_pct": 95.0,
        "heat_index_c": 17.2,
        "wind_kmh": 5.4,
        "wind_dir": 0.0,
        "cloud_pct": 75.0
      }
    },
    {
      "type": "Feature",
      "geometry": {
        "type": "Point",
        "coordinates": [
          96.94566692384144,
          4.767312077178135
        ]
      },
      "properties": {
        "location_name": "GPM5",
        "slug": "gpm5",
        "date": "Selasa, 25 Agustus 2026",
        "date_iso": "2026-08-25",
        "relative": "Lusa",
        "hour": "07:00",
        "rain_probability": 0,
        "risk_score": 26,
        "risk_class": "watch",
        "risk_label": "Perlu diperhatikan",
        "condition": "Berawan",
        "temp_c": 17.3,
        "humidity_pct": 93.0,
        "heat_index_c": 17.3,
        "wind_kmh": 5.0,
        "wind_dir": 0.0,
        "cloud_pct": 75.0
      }
    },
    {
      "type": "Feature",
      "geometry": {
        "type": "Point",
        "coordinates": [
          96.94566692384144,
          4.767312077178135
        ]
      },
      "properties": {
        "location_name": "GPM5",
        "slug": "gpm5",
        "date": "Selasa, 25 Agustus 2026",
        "date_iso": "2026-08-25",
        "relative": "Lusa",
        "hour": "08:00",
        "rain_probability": 0,
        "risk_score": 26,
        "risk_class": "watch",
        "risk_label": "Perlu diperhatikan",
        "condition": "Berawan",
        "temp_c": 18.2,
        "humidity_pct": 91.0,
        "heat_index_c": 18.2,
        "wind_kmh": 3.3,
        "wind_dir": 0.0,
        "cloud_pct": 75.0
      }
    },
    {
      "type": "Feature",
      "geometry": {
        "type": "Point",
        "coordinates": [
          96.94566692384144,
          4.767312077178135
        ]
      },
      "properties": {
        "location_name": "GPM5",
        "slug": "gpm5",
        "date": "Selasa, 25 Agustus 2026",
        "date_iso": "2026-08-25",
        "relative": "Lusa",
        "hour": "09:00",
        "rain_probability": 0,
        "risk_score": 24,
        "risk_class": "safe",
        "risk_label": "Aman",
        "condition": "Berawan",
        "temp_c": 20.7,
        "humidity_pct": 82.0,
        "heat_index_c": 20.7,
        "wind_kmh": 2.3,
        "wind_dir": 0.0,
        "cloud_pct": 75.0
      }
    },
    {
      "type": "Feature",
      "geometry": {
        "type": "Point",
        "coordinates": [
          96.94566692384144,
          4.767312077178135
        ]
      },
      "properties": {
        "location_name": "GPM5",
        "slug": "gpm5",
        "date": "Selasa, 25 Agustus 2026",
        "date_iso": "2026-08-25",
        "relative": "Lusa",
        "hour": "10:00",
        "rain_probability": 0,
        "risk_score": 23,
        "risk_class": "safe",
        "risk_label": "Aman",
        "condition": "Berawan",
        "temp_c": 22.2,
        "humidity_pct": 77.0,
        "heat_index_c": 22.2,
        "wind_kmh": 2.5,
        "wind_dir": 0.0,
        "cloud_pct": 75.0
      }
    },
    {
      "type": "Feature",
      "geometry": {
        "type": "Point",
        "coordinates": [
          96.94566692384144,
          4.767312077178135
        ]
      },
      "properties": {
        "location_name": "GPM5",
        "slug": "gpm5",
        "date": "Selasa, 25 Agustus 2026",
        "date_iso": "2026-08-25",
        "relative": "Lusa",
        "hour": "11:00",
        "rain_probability": 28.9,
        "risk_score": 32,
        "risk_class": "watch",
        "risk_label": "Perlu diperhatikan",
        "condition": "Berawan",
        "temp_c": 23.6,
        "humidity_pct": 73.0,
        "heat_index_c": 23.6,
        "wind_kmh": 3.6,
        "wind_dir": 0.0,
        "cloud_pct": 75.0
      }
    },
    {
      "type": "Feature",
      "geometry": {
        "type": "Point",
        "coordinates": [
          96.94566692384144,
          4.767312077178135
        ]
      },
      "properties": {
        "location_name": "GPM5",
        "slug": "gpm5",
        "date": "Selasa, 25 Agustus 2026",
        "date_iso": "2026-08-25",
        "relative": "Lusa",
        "hour": "12:00",
        "rain_probability": 57.7,
        "risk_score": 58,
        "risk_class": "rain",
        "risk_label": "Waspada",
        "condition": "Hujan Ringan",
        "temp_c": 23.0,
        "humidity_pct": 73.0,
        "heat_index_c": 23.0,
        "wind_kmh": 4.0,
        "wind_dir": 0.0,
        "cloud_pct": 88.0
      }
    },
    {
      "type": "Feature",
      "geometry": {
        "type": "Point",
        "coordinates": [
          96.94566692384144,
          4.767312077178135
        ]
      },
      "properties": {
        "location_name": "GPM5",
        "slug": "gpm5",
        "date": "Selasa, 25 Agustus 2026",
        "date_iso": "2026-08-25",
        "relative": "Lusa",
        "hour": "13:00",
        "rain_probability": 55.2,
        "risk_score": 55,
        "risk_class": "rain",
        "risk_label": "Waspada",
        "condition": "Hujan Ringan",
        "temp_c": 23.4,
        "humidity_pct": 71.0,
        "heat_index_c": 23.4,
        "wind_kmh": 6.0,
        "wind_dir": 0.0,
        "cloud_pct": 88.0
      }
    },
    {
      "type": "Feature",
      "geometry": {
        "type": "Point",
        "coordinates": [
          96.94566692384144,
          4.767312077178135
        ]
      },
      "properties": {
        "location_name": "GPM5",
        "slug": "gpm5",
        "date": "Selasa, 25 Agustus 2026",
        "date_iso": "2026-08-25",
        "relative": "Lusa",
        "hour": "14:00",
        "rain_probability": 86.6,
        "risk_score": 87,
        "risk_class": "danger",
        "risk_label": "Berpotensi signifikan",
        "condition": "Hujan Ringan",
        "temp_c": 23.9,
        "humidity_pct": 71.0,
        "heat_index_c": 23.9,
        "wind_kmh": 5.9,
        "wind_dir": 0.0,
        "cloud_pct": 88.0
      }
    },
    {
      "type": "Feature",
      "geometry": {
        "type": "Point",
        "coordinates": [
          96.94566692384144,
          4.767312077178135
        ]
      },
      "properties": {
        "location_name": "GPM5",
        "slug": "gpm5",
        "date": "Selasa, 25 Agustus 2026",
        "date_iso": "2026-08-25",
        "relative": "Lusa",
        "hour": "15:00",
        "rain_probability": 86.6,
        "risk_score": 87,
        "risk_class": "danger",
        "risk_label": "Berpotensi signifikan",
        "condition": "Hujan Ringan",
        "temp_c": 22.3,
        "humidity_pct": 91.0,
        "heat_index_c": 22.3,
        "wind_kmh": 3.8,
        "wind_dir": 0.0,
        "cloud_pct": 88.0
      }
    },
    {
      "type": "Feature",
      "geometry": {
        "type": "Point",
        "coordinates": [
          96.94566692384144,
          4.767312077178135
        ]
      },
      "properties": {
        "location_name": "GPM5",
        "slug": "gpm5",
        "date": "Selasa, 25 Agustus 2026",
        "date_iso": "2026-08-25",
        "relative": "Lusa",
        "hour": "16:00",
        "rain_probability": 82.9,
        "risk_score": 83,
        "risk_class": "danger",
        "risk_label": "Berpotensi signifikan",
        "condition": "Hujan Ringan",
        "temp_c": 21.8,
        "humidity_pct": 90.0,
        "heat_index_c": 21.8,
        "wind_kmh": 3.8,
        "wind_dir": 0.0,
        "cloud_pct": 88.0
      }
    },
    {
      "type": "Feature",
      "geometry": {
        "type": "Point",
        "coordinates": [
          96.94566692384144,
          4.767312077178135
        ]
      },
      "properties": {
        "location_name": "GPM5",
        "slug": "gpm5",
        "date": "Selasa, 25 Agustus 2026",
        "date_iso": "2026-08-25",
        "relative": "Lusa",
        "hour": "17:00",
        "rain_probability": 72.1,
        "risk_score": 72,
        "risk_class": "rain",
        "risk_label": "Waspada",
        "condition": "Hujan Ringan",
        "temp_c": 20.8,
        "humidity_pct": 93.0,
        "heat_index_c": 20.8,
        "wind_kmh": 3.8,
        "wind_dir": 0.0,
        "cloud_pct": 88.0
      }
    },
    {
      "type": "Feature",
      "geometry": {
        "type": "Point",
        "coordinates": [
          96.94566692384144,
          4.767312077178135
        ]
      },
      "properties": {
        "location_name": "GPM5",
        "slug": "gpm5",
        "date": "Selasa, 25 Agustus 2026",
        "date_iso": "2026-08-25",
        "relative": "Lusa",
        "hour": "18:00",
        "rain_probability": 72.1,
        "risk_score": 72,
        "risk_class": "rain",
        "risk_label": "Waspada",
        "condition": "Hujan Ringan",
        "temp_c": 20.1,
        "humidity_pct": 94.0,
        "heat_index_c": 20.1,
        "wind_kmh": 1.6,
        "wind_dir": 0.0,
        "cloud_pct": 88.0
      }
    },
    {
      "type": "Feature",
      "geometry": {
        "type": "Point",
        "coordinates": [
          96.94566692384144,
          4.767312077178135
        ]
      },
      "properties": {
        "location_name": "GPM5",
        "slug": "gpm5",
        "date": "Selasa, 25 Agustus 2026",
        "date_iso": "2026-08-25",
        "relative": "Lusa",
        "hour": "19:00",
        "rain_probability": 55.2,
        "risk_score": 56,
        "risk_class": "rain",
        "risk_label": "Waspada",
        "condition": "Berawan",
        "temp_c": 19.3,
        "humidity_pct": 96.0,
        "heat_index_c": 19.3,
        "wind_kmh": 1.8,
        "wind_dir": 0.0,
        "cloud_pct": 88.0
      }
    },
    {
      "type": "Feature",
      "geometry": {
        "type": "Point",
        "coordinates": [
          96.94566692384144,
          4.767312077178135
        ]
      },
      "properties": {
        "location_name": "GPM5",
        "slug": "gpm5",
        "date": "Selasa, 25 Agustus 2026",
        "date_iso": "2026-08-25",
        "relative": "Lusa",
        "hour": "20:00",
        "rain_probability": 28.9,
        "risk_score": 38,
        "risk_class": "watch",
        "risk_label": "Perlu diperhatikan",
        "condition": "Berawan",
        "temp_c": 18.3,
        "humidity_pct": 97.0,
        "heat_index_c": 18.3,
        "wind_kmh": 1.9,
        "wind_dir": 0.0,
        "cloud_pct": 75.0
      }
    },
    {
      "type": "Feature",
      "geometry": {
        "type": "Point",
        "coordinates": [
          96.94566692384144,
          4.767312077178135
        ]
      },
      "properties": {
        "location_name": "GPM5",
        "slug": "gpm5",
        "date": "Selasa, 25 Agustus 2026",
        "date_iso": "2026-08-25",
        "relative": "Lusa",
        "hour": "21:00",
        "rain_probability": 28.9,
        "risk_score": 37,
        "risk_class": "watch",
        "risk_label": "Perlu diperhatikan",
        "condition": "Berawan",
        "temp_c": 18.1,
        "humidity_pct": 96.0,
        "heat_index_c": 18.1,
        "wind_kmh": 4.0,
        "wind_dir": 0.0,
        "cloud_pct": 75.0
      }
    },
    {
      "type": "Feature",
      "geometry": {
        "type": "Point",
        "coordinates": [
          96.94566692384144,
          4.767312077178135
        ]
      },
      "properties": {
        "location_name": "GPM5",
        "slug": "gpm5",
        "date": "Selasa, 25 Agustus 2026",
        "date_iso": "2026-08-25",
        "relative": "Lusa",
        "hour": "22:00",
        "rain_probability": 27.6,
        "risk_score": 36,
        "risk_class": "watch",
        "risk_label": "Perlu diperhatikan",
        "condition": "Berawan",
        "temp_c": 17.8,
        "humidity_pct": 97.0,
        "heat_index_c": 17.8,
        "wind_kmh": 4.0,
        "wind_dir": 0.0,
        "cloud_pct": 75.0
      }
    },
    {
      "type": "Feature",
      "geometry": {
        "type": "Point",
        "coordinates": [
          96.94566692384144,
          4.767312077178135
        ]
      },
      "properties": {
        "location_name": "GPM5",
        "slug": "gpm5",
        "date": "Selasa, 25 Agustus 2026",
        "date_iso": "2026-08-25",
        "relative": "Lusa",
        "hour": "23:00",
        "rain_probability": 14.4,
        "risk_score": 28,
        "risk_class": "watch",
        "risk_label": "Perlu diperhatikan",
        "condition": "Berawan",
        "temp_c": 17.7,
        "humidity_pct": 97.0,
        "heat_index_c": 17.7,
        "wind_kmh": 4.7,
        "wind_dir": 0.0,
        "cloud_pct": 75.0
      }
    },
    {
      "type": "Feature",
      "geometry": {
        "type": "Point",
        "coordinates": [
          97.0098682419131,
          4.796061970712406
        ]
      },
      "properties": {
        "location_name": "GPM6",
        "slug": "gpm6",
        "date": "Minggu, 23 Agustus 2026",
        "date_iso": "2026-08-23",
        "relative": "Hari ini",
        "hour": "00:00",
        "rain_probability": 0,
        "risk_score": 27,
        "risk_class": "watch",
        "risk_label": "Perlu diperhatikan",
        "condition": "Berawan",
        "temp_c": 14.9,
        "humidity_pct": 97.0,
        "heat_index_c": 14.9,
        "wind_kmh": 1.9,
        "wind_dir": 0.0,
        "cloud_pct": 75.0
      }
    },
    {
      "type": "Feature",
      "geometry": {
        "type": "Point",
        "coordinates": [
          97.0098682419131,
          4.796061970712406
        ]
      },
      "properties": {
        "location_name": "GPM6",
        "slug": "gpm6",
        "date": "Minggu, 23 Agustus 2026",
        "date_iso": "2026-08-23",
        "relative": "Hari ini",
        "hour": "01:00",
        "rain_probability": 0,
        "risk_score": 27,
        "risk_class": "watch",
        "risk_label": "Perlu diperhatikan",
        "condition": "Berawan",
        "temp_c": 14.6,
        "humidity_pct": 96.0,
        "heat_index_c": 14.6,
        "wind_kmh": 2.3,
        "wind_dir": 0.0,
        "cloud_pct": 75.0
      }
    },
    {
      "type": "Feature",
      "geometry": {
        "type": "Point",
        "coordinates": [
          97.0098682419131,
          4.796061970712406
        ]
      },
      "properties": {
        "location_name": "GPM6",
        "slug": "gpm6",
        "date": "Minggu, 23 Agustus 2026",
        "date_iso": "2026-08-23",
        "relative": "Hari ini",
        "hour": "02:00",
        "rain_probability": 0,
        "risk_score": 27,
        "risk_class": "watch",
        "risk_label": "Perlu diperhatikan",
        "condition": "Berawan",
        "temp_c": 14.3,
        "humidity_pct": 97.0,
        "heat_index_c": 14.3,
        "wind_kmh": 2.6,
        "wind_dir": 0.0,
        "cloud_pct": 75.0
      }
    },
    {
      "type": "Feature",
      "geometry": {
        "type": "Point",
        "coordinates": [
          97.0098682419131,
          4.796061970712406
        ]
      },
      "properties": {
        "location_name": "GPM6",
        "slug": "gpm6",
        "date": "Minggu, 23 Agustus 2026",
        "date_iso": "2026-08-23",
        "relative": "Hari ini",
        "hour": "03:00",
        "rain_probability": 0,
        "risk_score": 27,
        "risk_class": "watch",
        "risk_label": "Perlu diperhatikan",
        "condition": "Berawan",
        "temp_c": 14.1,
        "humidity_pct": 96.0,
        "heat_index_c": 14.1,
        "wind_kmh": 2.6,
        "wind_dir": 0.0,
        "cloud_pct": 75.0
      }
    },
    {
      "type": "Feature",
      "geometry": {
        "type": "Point",
        "coordinates": [
          97.0098682419131,
          4.796061970712406
        ]
      },
      "properties": {
        "location_name": "GPM6",
        "slug": "gpm6",
        "date": "Minggu, 23 Agustus 2026",
        "date_iso": "2026-08-23",
        "relative": "Hari ini",
        "hour": "04:00",
        "rain_probability": 0,
        "risk_score": 27,
        "risk_class": "watch",
        "risk_label": "Perlu diperhatikan",
        "condition": "Berawan",
        "temp_c": 14.2,
        "humidity_pct": 96.0,
        "heat_index_c": 14.2,
        "wind_kmh": 2.7,
        "wind_dir": 0.0,
        "cloud_pct": 75.0
      }
    },
    {
      "type": "Feature",
      "geometry": {
        "type": "Point",
        "coordinates": [
          97.0098682419131,
          4.796061970712406
        ]
      },
      "properties": {
        "location_name": "GPM6",
        "slug": "gpm6",
        "date": "Minggu, 23 Agustus 2026",
        "date_iso": "2026-08-23",
        "relative": "Hari ini",
        "hour": "05:00",
        "rain_probability": 0,
        "risk_score": 27,
        "risk_class": "watch",
        "risk_label": "Perlu diperhatikan",
        "condition": "Berawan",
        "temp_c": 14.3,
        "humidity_pct": 97.0,
        "heat_index_c": 14.3,
        "wind_kmh": 3.5,
        "wind_dir": 0.0,
        "cloud_pct": 75.0
      }
    },
    {
      "type": "Feature",
      "geometry": {
        "type": "Point",
        "coordinates": [
          97.0098682419131,
          4.796061970712406
        ]
      },
      "properties": {
        "location_name": "GPM6",
        "slug": "gpm6",
        "date": "Minggu, 23 Agustus 2026",
        "date_iso": "2026-08-23",
        "relative": "Hari ini",
        "hour": "06:00",
        "rain_probability": 0,
        "risk_score": 24,
        "risk_class": "safe",
        "risk_label": "Aman",
        "condition": "Berawan",
        "temp_c": 14.8,
        "humidity_pct": 97.0,
        "heat_index_c": 14.8,
        "wind_kmh": 4.6,
        "wind_dir": 0.0,
        "cloud_pct": 45.0
      }
    },
    {
      "type": "Feature",
      "geometry": {
        "type": "Point",
        "coordinates": [
          97.0098682419131,
          4.796061970712406
        ]
      },
      "properties": {
        "location_name": "GPM6",
        "slug": "gpm6",
        "date": "Minggu, 23 Agustus 2026",
        "date_iso": "2026-08-23",
        "relative": "Hari ini",
        "hour": "07:00",
        "rain_probability": 0,
        "risk_score": 24,
        "risk_class": "safe",
        "risk_label": "Aman",
        "condition": "Cerah",
        "temp_c": 15.5,
        "humidity_pct": 95.0,
        "heat_index_c": 15.5,
        "wind_kmh": 4.0,
        "wind_dir": 0.0,
        "cloud_pct": 45.0
      }
    },
    {
      "type": "Feature",
      "geometry": {
        "type": "Point",
        "coordinates": [
          97.0098682419131,
          4.796061970712406
        ]
      },
      "properties": {
        "location_name": "GPM6",
        "slug": "gpm6",
        "date": "Minggu, 23 Agustus 2026",
        "date_iso": "2026-08-23",
        "relative": "Hari ini",
        "hour": "08:00",
        "rain_probability": 14.4,
        "risk_score": 27,
        "risk_class": "watch",
        "risk_label": "Perlu diperhatikan",
        "condition": "Cerah",
        "temp_c": 17.5,
        "humidity_pct": 91.0,
        "heat_index_c": 17.5,
        "wind_kmh": 2.7,
        "wind_dir": 0.0,
        "cloud_pct": 15.0
      }
    },
    {
      "type": "Feature",
      "geometry": {
        "type": "Point",
        "coordinates": [
          97.0098682419131,
          4.796061970712406
        ]
      },
      "properties": {
        "location_name": "GPM6",
        "slug": "gpm6",
        "date": "Minggu, 23 Agustus 2026",
        "date_iso": "2026-08-23",
        "relative": "Hari ini",
        "hour": "09:00",
        "rain_probability": 14.4,
        "risk_score": 27,
        "risk_class": "watch",
        "risk_label": "Perlu diperhatikan",
        "condition": "Cerah",
        "temp_c": 19.4,
        "humidity_pct": 84.0,
        "heat_index_c": 19.4,
        "wind_kmh": 2.5,
        "wind_dir": 0.0,
        "cloud_pct": 45.0
      }
    },
    {
      "type": "Feature",
      "geometry": {
        "type": "Point",
        "coordinates": [
          97.0098682419131,
          4.796061970712406
        ]
      },
      "properties": {
        "location_name": "GPM6",
        "slug": "gpm6",
        "date": "Minggu, 23 Agustus 2026",
        "date_iso": "2026-08-23",
        "relative": "Hari ini",
        "hour": "10:00",
        "rain_probability": 13.8,
        "risk_score": 25,
        "risk_class": "watch",
        "risk_label": "Perlu diperhatikan",
        "condition": "Cerah Berawan",
        "temp_c": 21.3,
        "humidity_pct": 78.0,
        "heat_index_c": 21.3,
        "wind_kmh": 4.0,
        "wind_dir": 0.0,
        "cloud_pct": 45.0
      }
    },
    {
      "type": "Feature",
      "geometry": {
        "type": "Point",
        "coordinates": [
          97.0098682419131,
          4.796061970712406
        ]
      },
      "properties": {
        "location_name": "GPM6",
        "slug": "gpm6",
        "date": "Minggu, 23 Agustus 2026",
        "date_iso": "2026-08-23",
        "relative": "Hari ini",
        "hour": "11:00",
        "rain_probability": 43.2,
        "risk_score": 43,
        "risk_class": "watch",
        "risk_label": "Perlu diperhatikan",
        "condition": "Hujan Ringan",
        "temp_c": 21.3,
        "humidity_pct": 73.0,
        "heat_index_c": 21.3,
        "wind_kmh": 5.0,
        "wind_dir": 0.0,
        "cloud_pct": 75.0
      }
    },
    {
      "type": "Feature",
      "geometry": {
        "type": "Point",
        "coordinates": [
          97.0098682419131,
          4.796061970712406
        ]
      },
      "properties": {
        "location_name": "GPM6",
        "slug": "gpm6",
        "date": "Minggu, 23 Agustus 2026",
        "date_iso": "2026-08-23",
        "relative": "Hari ini",
        "hour": "12:00",
        "rain_probability": 57.7,
        "risk_score": 58,
        "risk_class": "rain",
        "risk_label": "Waspada",
        "condition": "Hujan Ringan",
        "temp_c": 21.9,
        "humidity_pct": 72.0,
        "heat_index_c": 21.9,
        "wind_kmh": 7.6,
        "wind_dir": 0.0,
        "cloud_pct": 88.0
      }
    },
    {
      "type": "Feature",
      "geometry": {
        "type": "Point",
        "coordinates": [
          97.0098682419131,
          4.796061970712406
        ]
      },
      "properties": {
        "location_name": "GPM6",
        "slug": "gpm6",
        "date": "Minggu, 23 Agustus 2026",
        "date_iso": "2026-08-23",
        "relative": "Hari ini",
        "hour": "13:00",
        "rain_probability": 69.0,
        "risk_score": 69,
        "risk_class": "rain",
        "risk_label": "Waspada",
        "condition": "Hujan Ringan",
        "temp_c": 21.7,
        "humidity_pct": 72.0,
        "heat_index_c": 21.7,
        "wind_kmh": 7.3,
        "wind_dir": 0.0,
        "cloud_pct": 88.0
      }
    },
    {
      "type": "Feature",
      "geometry": {
        "type": "Point",
        "coordinates": [
          97.0098682419131,
          4.796061970712406
        ]
      },
      "properties": {
        "location_name": "GPM6",
        "slug": "gpm6",
        "date": "Minggu, 23 Agustus 2026",
        "date_iso": "2026-08-23",
        "relative": "Hari ini",
        "hour": "14:00",
        "rain_probability": 72.1,
        "risk_score": 77,
        "risk_class": "rain",
        "risk_label": "Waspada",
        "condition": "Hujan Ringan",
        "temp_c": 21.6,
        "humidity_pct": 76.0,
        "heat_index_c": 21.6,
        "wind_kmh": 6.7,
        "wind_dir": 0.0,
        "cloud_pct": 88.0
      }
    },
    {
      "type": "Feature",
      "geometry": {
        "type": "Point",
        "coordinates": [
          97.0098682419131,
          4.796061970712406
        ]
      },
      "properties": {
        "location_name": "GPM6",
        "slug": "gpm6",
        "date": "Minggu, 23 Agustus 2026",
        "date_iso": "2026-08-23",
        "relative": "Hari ini",
        "hour": "15:00",
        "rain_probability": 86.5,
        "risk_score": 87,
        "risk_class": "danger",
        "risk_label": "Berpotensi signifikan",
        "condition": "Hujan Ringan",
        "temp_c": 20.3,
        "humidity_pct": 86.0,
        "heat_index_c": 20.3,
        "wind_kmh": 6.5,
        "wind_dir": 0.0,
        "cloud_pct": 88.0
      }
    },
    {
      "type": "Feature",
      "geometry": {
        "type": "Point",
        "coordinates": [
          97.0098682419131,
          4.796061970712406
        ]
      },
      "properties": {
        "location_name": "GPM6",
        "slug": "gpm6",
        "date": "Minggu, 23 Agustus 2026",
        "date_iso": "2026-08-23",
        "relative": "Hari ini",
        "hour": "16:00",
        "rain_probability": 82.8,
        "risk_score": 83,
        "risk_class": "danger",
        "risk_label": "Berpotensi signifikan",
        "condition": "Hujan Ringan",
        "temp_c": 19.5,
        "humidity_pct": 91.0,
        "heat_index_c": 19.5,
        "wind_kmh": 4.5,
        "wind_dir": 0.0,
        "cloud_pct": 88.0
      }
    },
    {
      "type": "Feature",
      "geometry": {
        "type": "Point",
        "coordinates": [
          97.0098682419131,
          4.796061970712406
        ]
      },
      "properties": {
        "location_name": "GPM6",
        "slug": "gpm6",
        "date": "Minggu, 23 Agustus 2026",
        "date_iso": "2026-08-23",
        "relative": "Hari ini",
        "hour": "17:00",
        "rain_probability": 86.5,
        "risk_score": 86,
        "risk_class": "danger",
        "risk_label": "Berpotensi signifikan",
        "condition": "Hujan Ringan",
        "temp_c": 18.4,
        "humidity_pct": 91.0,
        "heat_index_c": 18.4,
        "wind_kmh": 3.4,
        "wind_dir": 0.0,
        "cloud_pct": 88.0
      }
    },
    {
      "type": "Feature",
      "geometry": {
        "type": "Point",
        "coordinates": [
          97.0098682419131,
          4.796061970712406
        ]
      },
      "properties": {
        "location_name": "GPM6",
        "slug": "gpm6",
        "date": "Minggu, 23 Agustus 2026",
        "date_iso": "2026-08-23",
        "relative": "Hari ini",
        "hour": "18:00",
        "rain_probability": 86.5,
        "risk_score": 86,
        "risk_class": "danger",
        "risk_label": "Berpotensi signifikan",
        "condition": "Hujan Ringan",
        "temp_c": 17.6,
        "humidity_pct": 95.0,
        "heat_index_c": 17.6,
        "wind_kmh": 3.2,
        "wind_dir": 0.0,
        "cloud_pct": 88.0
      }
    },
    {
      "type": "Feature",
      "geometry": {
        "type": "Point",
        "coordinates": [
          97.0098682419131,
          4.796061970712406
        ]
      },
      "properties": {
        "location_name": "GPM6",
        "slug": "gpm6",
        "date": "Minggu, 23 Agustus 2026",
        "date_iso": "2026-08-23",
        "relative": "Hari ini",
        "hour": "19:00",
        "rain_probability": 82.8,
        "risk_score": 83,
        "risk_class": "danger",
        "risk_label": "Berpotensi signifikan",
        "condition": "Hujan Ringan",
        "temp_c": 17.0,
        "humidity_pct": 96.0,
        "heat_index_c": 17.0,
        "wind_kmh": 2.3,
        "wind_dir": 0.0,
        "cloud_pct": 88.0
      }
    },
    {
      "type": "Feature",
      "geometry": {
        "type": "Point",
        "coordinates": [
          97.0098682419131,
          4.796061970712406
        ]
      },
      "properties": {
        "location_name": "GPM6",
        "slug": "gpm6",
        "date": "Minggu, 23 Agustus 2026",
        "date_iso": "2026-08-23",
        "relative": "Hari ini",
        "hour": "20:00",
        "rain_probability": 43.2,
        "risk_score": 47,
        "risk_class": "watch",
        "risk_label": "Perlu diperhatikan",
        "condition": "Berawan",
        "temp_c": 16.8,
        "humidity_pct": 97.0,
        "heat_index_c": 16.8,
        "wind_kmh": 2.6,
        "wind_dir": 0.0,
        "cloud_pct": 75.0
      }
    },
    {
      "type": "Feature",
      "geometry": {
        "type": "Point",
        "coordinates": [
          97.0098682419131,
          4.796061970712406
        ]
      },
      "properties": {
        "location_name": "GPM6",
        "slug": "gpm6",
        "date": "Minggu, 23 Agustus 2026",
        "date_iso": "2026-08-23",
        "relative": "Hari ini",
        "hour": "21:00",
        "rain_probability": 43.2,
        "risk_score": 45,
        "risk_class": "watch",
        "risk_label": "Perlu diperhatikan",
        "condition": "Berawan",
        "temp_c": 16.4,
        "humidity_pct": 96.0,
        "heat_index_c": 16.4,
        "wind_kmh": 2.1,
        "wind_dir": 0.0,
        "cloud_pct": 75.0
      }
    },
    {
      "type": "Feature",
      "geometry": {
        "type": "Point",
        "coordinates": [
          97.0098682419131,
          4.796061970712406
        ]
      },
      "properties": {
        "location_name": "GPM6",
        "slug": "gpm6",
        "date": "Minggu, 23 Agustus 2026",
        "date_iso": "2026-08-23",
        "relative": "Hari ini",
        "hour": "22:00",
        "rain_probability": 13.8,
        "risk_score": 28,
        "risk_class": "watch",
        "risk_label": "Perlu diperhatikan",
        "condition": "Berawan",
        "temp_c": 15.9,
        "humidity_pct": 96.0,
        "heat_index_c": 15.9,
        "wind_kmh": 3.2,
        "wind_dir": 0.0,
        "cloud_pct": 75.0
      }
    },
    {
      "type": "Feature",
      "geometry": {
        "type": "Point",
        "coordinates": [
          97.0098682419131,
          4.796061970712406
        ]
      },
      "properties": {
        "location_name": "GPM6",
        "slug": "gpm6",
        "date": "Minggu, 23 Agustus 2026",
        "date_iso": "2026-08-23",
        "relative": "Hari ini",
        "hour": "23:00",
        "rain_probability": 0,
        "risk_score": 27,
        "risk_class": "watch",
        "risk_label": "Perlu diperhatikan",
        "condition": "Berawan",
        "temp_c": 15.5,
        "humidity_pct": 96.0,
        "heat_index_c": 15.5,
        "wind_kmh": 2.9,
        "wind_dir": 0.0,
        "cloud_pct": 75.0
      }
    },
    {
      "type": "Feature",
      "geometry": {
        "type": "Point",
        "coordinates": [
          97.0098682419131,
          4.796061970712406
        ]
      },
      "properties": {
        "location_name": "GPM6",
        "slug": "gpm6",
        "date": "Senin, 24 Agustus 2026",
        "date_iso": "2026-08-24",
        "relative": "Besok",
        "hour": "00:00",
        "rain_probability": 14.4,
        "risk_score": 28,
        "risk_class": "watch",
        "risk_label": "Perlu diperhatikan",
        "condition": "Berawan",
        "temp_c": 15.2,
        "humidity_pct": 97.0,
        "heat_index_c": 15.2,
        "wind_kmh": 4.5,
        "wind_dir": 0.0,
        "cloud_pct": 75.0
      }
    },
    {
      "type": "Feature",
      "geometry": {
        "type": "Point",
        "coordinates": [
          97.0098682419131,
          4.796061970712406
        ]
      },
      "properties": {
        "location_name": "GPM6",
        "slug": "gpm6",
        "date": "Senin, 24 Agustus 2026",
        "date_iso": "2026-08-24",
        "relative": "Besok",
        "hour": "01:00",
        "rain_probability": 13.8,
        "risk_score": 28,
        "risk_class": "watch",
        "risk_label": "Perlu diperhatikan",
        "condition": "Berawan",
        "temp_c": 14.9,
        "humidity_pct": 97.0,
        "heat_index_c": 14.9,
        "wind_kmh": 4.5,
        "wind_dir": 0.0,
        "cloud_pct": 75.0
      }
    },
    {
      "type": "Feature",
      "geometry": {
        "type": "Point",
        "coordinates": [
          97.0098682419131,
          4.796061970712406
        ]
      },
      "properties": {
        "location_name": "GPM6",
        "slug": "gpm6",
        "date": "Senin, 24 Agustus 2026",
        "date_iso": "2026-08-24",
        "relative": "Besok",
        "hour": "02:00",
        "rain_probability": 14.4,
        "risk_score": 29,
        "risk_class": "watch",
        "risk_label": "Perlu diperhatikan",
        "condition": "Berawan",
        "temp_c": 14.6,
        "humidity_pct": 97.0,
        "heat_index_c": 14.6,
        "wind_kmh": 4.5,
        "wind_dir": 0.0,
        "cloud_pct": 75.0
      }
    },
    {
      "type": "Feature",
      "geometry": {
        "type": "Point",
        "coordinates": [
          97.0098682419131,
          4.796061970712406
        ]
      },
      "properties": {
        "location_name": "GPM6",
        "slug": "gpm6",
        "date": "Senin, 24 Agustus 2026",
        "date_iso": "2026-08-24",
        "relative": "Besok",
        "hour": "03:00",
        "rain_probability": 14.4,
        "risk_score": 30,
        "risk_class": "watch",
        "risk_label": "Perlu diperhatikan",
        "condition": "Berawan",
        "temp_c": 14.4,
        "humidity_pct": 97.0,
        "heat_index_c": 14.4,
        "wind_kmh": 4.6,
        "wind_dir": 0.0,
        "cloud_pct": 75.0
      }
    },
    {
      "type": "Feature",
      "geometry": {
        "type": "Point",
        "coordinates": [
          97.0098682419131,
          4.796061970712406
        ]
      },
      "properties": {
        "location_name": "GPM6",
        "slug": "gpm6",
        "date": "Senin, 24 Agustus 2026",
        "date_iso": "2026-08-24",
        "relative": "Besok",
        "hour": "04:00",
        "rain_probability": 0,
        "risk_score": 27,
        "risk_class": "watch",
        "risk_label": "Perlu diperhatikan",
        "condition": "Berawan",
        "temp_c": 14.3,
        "humidity_pct": 97.0,
        "heat_index_c": 14.3,
        "wind_kmh": 4.6,
        "wind_dir": 0.0,
        "cloud_pct": 75.0
      }
    },
    {
      "type": "Feature",
      "geometry": {
        "type": "Point",
        "coordinates": [
          97.0098682419131,
          4.796061970712406
        ]
      },
      "properties": {
        "location_name": "GPM6",
        "slug": "gpm6",
        "date": "Senin, 24 Agustus 2026",
        "date_iso": "2026-08-24",
        "relative": "Besok",
        "hour": "05:00",
        "rain_probability": 0,
        "risk_score": 27,
        "risk_class": "watch",
        "risk_label": "Perlu diperhatikan",
        "condition": "Berawan",
        "temp_c": 14.3,
        "humidity_pct": 97.0,
        "heat_index_c": 14.3,
        "wind_kmh": 4.6,
        "wind_dir": 0.0,
        "cloud_pct": 75.0
      }
    },
    {
      "type": "Feature",
      "geometry": {
        "type": "Point",
        "coordinates": [
          97.0098682419131,
          4.796061970712406
        ]
      },
      "properties": {
        "location_name": "GPM6",
        "slug": "gpm6",
        "date": "Senin, 24 Agustus 2026",
        "date_iso": "2026-08-24",
        "relative": "Besok",
        "hour": "06:00",
        "rain_probability": 0,
        "risk_score": 26,
        "risk_class": "watch",
        "risk_label": "Perlu diperhatikan",
        "condition": "Berawan",
        "temp_c": 14.6,
        "humidity_pct": 95.0,
        "heat_index_c": 14.6,
        "wind_kmh": 5.0,
        "wind_dir": 0.0,
        "cloud_pct": 75.0
      }
    },
    {
      "type": "Feature",
      "geometry": {
        "type": "Point",
        "coordinates": [
          97.0098682419131,
          4.796061970712406
        ]
      },
      "properties": {
        "location_name": "GPM6",
        "slug": "gpm6",
        "date": "Senin, 24 Agustus 2026",
        "date_iso": "2026-08-24",
        "relative": "Besok",
        "hour": "07:00",
        "rain_probability": 0,
        "risk_score": 26,
        "risk_class": "watch",
        "risk_label": "Perlu diperhatikan",
        "condition": "Berawan",
        "temp_c": 15.3,
        "humidity_pct": 94.0,
        "heat_index_c": 15.3,
        "wind_kmh": 4.5,
        "wind_dir": 0.0,
        "cloud_pct": 75.0
      }
    },
    {
      "type": "Feature",
      "geometry": {
        "type": "Point",
        "coordinates": [
          97.0098682419131,
          4.796061970712406
        ]
      },
      "properties": {
        "location_name": "GPM6",
        "slug": "gpm6",
        "date": "Senin, 24 Agustus 2026",
        "date_iso": "2026-08-24",
        "relative": "Besok",
        "hour": "08:00",
        "rain_probability": 0,
        "risk_score": 26,
        "risk_class": "watch",
        "risk_label": "Perlu diperhatikan",
        "condition": "Berawan",
        "temp_c": 16.8,
        "humidity_pct": 90.0,
        "heat_index_c": 16.8,
        "wind_kmh": 3.6,
        "wind_dir": 0.0,
        "cloud_pct": 75.0
      }
    },
    {
      "type": "Feature",
      "geometry": {
        "type": "Point",
        "coordinates": [
          97.0098682419131,
          4.796061970712406
        ]
      },
      "properties": {
        "location_name": "GPM6",
        "slug": "gpm6",
        "date": "Senin, 24 Agustus 2026",
        "date_iso": "2026-08-24",
        "relative": "Besok",
        "hour": "09:00",
        "rain_probability": 14.4,
        "risk_score": 24,
        "risk_class": "safe",
        "risk_label": "Aman",
        "condition": "Berawan",
        "temp_c": 18.8,
        "humidity_pct": 78.0,
        "heat_index_c": 18.8,
        "wind_kmh": 1.1,
        "wind_dir": 0.0,
        "cloud_pct": 75.0
      }
    },
    {
      "type": "Feature",
      "geometry": {
        "type": "Point",
        "coordinates": [
          97.0098682419131,
          4.796061970712406
        ]
      },
      "properties": {
        "location_name": "GPM6",
        "slug": "gpm6",
        "date": "Senin, 24 Agustus 2026",
        "date_iso": "2026-08-24",
        "relative": "Besok",
        "hour": "10:00",
        "rain_probability": 13.8,
        "risk_score": 24,
        "risk_class": "safe",
        "risk_label": "Aman",
        "condition": "Berawan",
        "temp_c": 20.3,
        "humidity_pct": 74.0,
        "heat_index_c": 20.3,
        "wind_kmh": 3.1,
        "wind_dir": 0.0,
        "cloud_pct": 75.0
      }
    },
    {
      "type": "Feature",
      "geometry": {
        "type": "Point",
        "coordinates": [
          97.0098682419131,
          4.796061970712406
        ]
      },
      "properties": {
        "location_name": "GPM6",
        "slug": "gpm6",
        "date": "Senin, 24 Agustus 2026",
        "date_iso": "2026-08-24",
        "relative": "Besok",
        "hour": "11:00",
        "rain_probability": 43.3,
        "risk_score": 43,
        "risk_class": "watch",
        "risk_label": "Perlu diperhatikan",
        "condition": "Hujan Ringan",
        "temp_c": 21.2,
        "humidity_pct": 73.0,
        "heat_index_c": 21.2,
        "wind_kmh": 4.3,
        "wind_dir": 0.0,
        "cloud_pct": 75.0
      }
    },
    {
      "type": "Feature",
      "geometry": {
        "type": "Point",
        "coordinates": [
          97.0098682419131,
          4.796061970712406
        ]
      },
      "properties": {
        "location_name": "GPM6",
        "slug": "gpm6",
        "date": "Senin, 24 Agustus 2026",
        "date_iso": "2026-08-24",
        "relative": "Besok",
        "hour": "12:00",
        "rain_probability": 100,
        "risk_score": 100,
        "risk_class": "danger",
        "risk_label": "Berpotensi signifikan",
        "condition": "Hujan Ringan",
        "temp_c": 20.9,
        "humidity_pct": 75.0,
        "heat_index_c": 20.9,
        "wind_kmh": 5.3,
        "wind_dir": 0.0,
        "cloud_pct": 88.0
      }
    },
    {
      "type": "Feature",
      "geometry": {
        "type": "Point",
        "coordinates": [
          97.0098682419131,
          4.796061970712406
        ]
      },
      "properties": {
        "location_name": "GPM6",
        "slug": "gpm6",
        "date": "Senin, 24 Agustus 2026",
        "date_iso": "2026-08-24",
        "relative": "Besok",
        "hour": "13:00",
        "rain_probability": 100,
        "risk_score": 100,
        "risk_class": "danger",
        "risk_label": "Berpotensi signifikan",
        "condition": "Hujan Ringan",
        "temp_c": 20.0,
        "humidity_pct": 88.0,
        "heat_index_c": 20.0,
        "wind_kmh": 5.9,
        "wind_dir": 0.0,
        "cloud_pct": 88.0
      }
    },
    {
      "type": "Feature",
      "geometry": {
        "type": "Point",
        "coordinates": [
          97.0098682419131,
          4.796061970712406
        ]
      },
      "properties": {
        "location_name": "GPM6",
        "slug": "gpm6",
        "date": "Senin, 24 Agustus 2026",
        "date_iso": "2026-08-24",
        "relative": "Besok",
        "hour": "14:00",
        "rain_probability": 100,
        "risk_score": 100,
        "risk_class": "danger",
        "risk_label": "Berpotensi signifikan",
        "condition": "Hujan Lebat",
        "temp_c": 19.8,
        "humidity_pct": 89.0,
        "heat_index_c": 19.8,
        "wind_kmh": 4.8,
        "wind_dir": 0.0,
        "cloud_pct": 94.0
      }
    },
    {
      "type": "Feature",
      "geometry": {
        "type": "Point",
        "coordinates": [
          97.0098682419131,
          4.796061970712406
        ]
      },
      "properties": {
        "location_name": "GPM6",
        "slug": "gpm6",
        "date": "Senin, 24 Agustus 2026",
        "date_iso": "2026-08-24",
        "relative": "Besok",
        "hour": "15:00",
        "rain_probability": 86.6,
        "risk_score": 87,
        "risk_class": "danger",
        "risk_label": "Berpotensi signifikan",
        "condition": "Hujan Sedang",
        "temp_c": 19.0,
        "humidity_pct": 92.0,
        "heat_index_c": 19.0,
        "wind_kmh": 4.0,
        "wind_dir": 0.0,
        "cloud_pct": 94.0
      }
    },
    {
      "type": "Feature",
      "geometry": {
        "type": "Point",
        "coordinates": [
          97.0098682419131,
          4.796061970712406
        ]
      },
      "properties": {
        "location_name": "GPM6",
        "slug": "gpm6",
        "date": "Senin, 24 Agustus 2026",
        "date_iso": "2026-08-24",
        "relative": "Besok",
        "hour": "16:00",
        "rain_probability": 82.9,
        "risk_score": 83,
        "risk_class": "danger",
        "risk_label": "Berpotensi signifikan",
        "condition": "Hujan Sedang",
        "temp_c": 18.4,
        "humidity_pct": 92.0,
        "heat_index_c": 18.4,
        "wind_kmh": 3.9,
        "wind_dir": 0.0,
        "cloud_pct": 94.0
      }
    },
    {
      "type": "Feature",
      "geometry": {
        "type": "Point",
        "coordinates": [
          97.0098682419131,
          4.796061970712406
        ]
      },
      "properties": {
        "location_name": "GPM6",
        "slug": "gpm6",
        "date": "Senin, 24 Agustus 2026",
        "date_iso": "2026-08-24",
        "relative": "Besok",
        "hour": "17:00",
        "rain_probability": 86.6,
        "risk_score": 87,
        "risk_class": "danger",
        "risk_label": "Berpotensi signifikan",
        "condition": "Hujan Ringan",
        "temp_c": 18.0,
        "humidity_pct": 94.0,
        "heat_index_c": 18.0,
        "wind_kmh": 3.1,
        "wind_dir": 0.0,
        "cloud_pct": 88.0
      }
    },
    {
      "type": "Feature",
      "geometry": {
        "type": "Point",
        "coordinates": [
          97.0098682419131,
          4.796061970712406
        ]
      },
      "properties": {
        "location_name": "GPM6",
        "slug": "gpm6",
        "date": "Senin, 24 Agustus 2026",
        "date_iso": "2026-08-24",
        "relative": "Besok",
        "hour": "18:00",
        "rain_probability": 86.6,
        "risk_score": 87,
        "risk_class": "danger",
        "risk_label": "Berpotensi signifikan",
        "condition": "Hujan Ringan",
        "temp_c": 17.3,
        "humidity_pct": 97.0,
        "heat_index_c": 17.3,
        "wind_kmh": 2.2,
        "wind_dir": 0.0,
        "cloud_pct": 88.0
      }
    },
    {
      "type": "Feature",
      "geometry": {
        "type": "Point",
        "coordinates": [
          97.0098682419131,
          4.796061970712406
        ]
      },
      "properties": {
        "location_name": "GPM6",
        "slug": "gpm6",
        "date": "Senin, 24 Agustus 2026",
        "date_iso": "2026-08-24",
        "relative": "Besok",
        "hour": "19:00",
        "rain_probability": 69.1,
        "risk_score": 69,
        "risk_class": "rain",
        "risk_label": "Waspada",
        "condition": "Hujan Ringan",
        "temp_c": 17.0,
        "humidity_pct": 97.0,
        "heat_index_c": 17.0,
        "wind_kmh": 1.8,
        "wind_dir": 0.0,
        "cloud_pct": 88.0
      }
    },
    {
      "type": "Feature",
      "geometry": {
        "type": "Point",
        "coordinates": [
          97.0098682419131,
          4.796061970712406
        ]
      },
      "properties": {
        "location_name": "GPM6",
        "slug": "gpm6",
        "date": "Senin, 24 Agustus 2026",
        "date_iso": "2026-08-24",
        "relative": "Besok",
        "hour": "20:00",
        "rain_probability": 43.3,
        "risk_score": 45,
        "risk_class": "watch",
        "risk_label": "Perlu diperhatikan",
        "condition": "Berawan",
        "temp_c": 16.7,
        "humidity_pct": 97.0,
        "heat_index_c": 16.7,
        "wind_kmh": 1.0,
        "wind_dir": 0.0,
        "cloud_pct": 75.0
      }
    },
    {
      "type": "Feature",
      "geometry": {
        "type": "Point",
        "coordinates": [
          97.0098682419131,
          4.796061970712406
        ]
      },
      "properties": {
        "location_name": "GPM6",
        "slug": "gpm6",
        "date": "Senin, 24 Agustus 2026",
        "date_iso": "2026-08-24",
        "relative": "Besok",
        "hour": "21:00",
        "rain_probability": 14.4,
        "risk_score": 28,
        "risk_class": "watch",
        "risk_label": "Perlu diperhatikan",
        "condition": "Berawan",
        "temp_c": 16.5,
        "humidity_pct": 97.0,
        "heat_index_c": 16.5,
        "wind_kmh": 1.5,
        "wind_dir": 0.0,
        "cloud_pct": 75.0
      }
    },
    {
      "type": "Feature",
      "geometry": {
        "type": "Point",
        "coordinates": [
          97.0098682419131,
          4.796061970712406
        ]
      },
      "properties": {
        "location_name": "GPM6",
        "slug": "gpm6",
        "date": "Senin, 24 Agustus 2026",
        "date_iso": "2026-08-24",
        "relative": "Besok",
        "hour": "22:00",
        "rain_probability": 13.8,
        "risk_score": 27,
        "risk_class": "watch",
        "risk_label": "Perlu diperhatikan",
        "condition": "Berawan",
        "temp_c": 16.2,
        "humidity_pct": 96.0,
        "heat_index_c": 16.2,
        "wind_kmh": 2.6,
        "wind_dir": 0.0,
        "cloud_pct": 75.0
      }
    },
    {
      "type": "Feature",
      "geometry": {
        "type": "Point",
        "coordinates": [
          97.0098682419131,
          4.796061970712406
        ]
      },
      "properties": {
        "location_name": "GPM6",
        "slug": "gpm6",
        "date": "Senin, 24 Agustus 2026",
        "date_iso": "2026-08-24",
        "relative": "Besok",
        "hour": "23:00",
        "rain_probability": 28.9,
        "risk_score": 37,
        "risk_class": "watch",
        "risk_label": "Perlu diperhatikan",
        "condition": "Berawan",
        "temp_c": 15.7,
        "humidity_pct": 96.0,
        "heat_index_c": 15.7,
        "wind_kmh": 3.6,
        "wind_dir": 0.0,
        "cloud_pct": 75.0
      }
    },
    {
      "type": "Feature",
      "geometry": {
        "type": "Point",
        "coordinates": [
          97.0098682419131,
          4.796061970712406
        ]
      },
      "properties": {
        "location_name": "GPM6",
        "slug": "gpm6",
        "date": "Selasa, 25 Agustus 2026",
        "date_iso": "2026-08-25",
        "relative": "Lusa",
        "hour": "00:00",
        "rain_probability": 28.9,
        "risk_score": 36,
        "risk_class": "watch",
        "risk_label": "Perlu diperhatikan",
        "condition": "Berawan",
        "temp_c": 15.0,
        "humidity_pct": 96.0,
        "heat_index_c": 15.0,
        "wind_kmh": 4.5,
        "wind_dir": 0.0,
        "cloud_pct": 75.0
      }
    },
    {
      "type": "Feature",
      "geometry": {
        "type": "Point",
        "coordinates": [
          97.0098682419131,
          4.796061970712406
        ]
      },
      "properties": {
        "location_name": "GPM6",
        "slug": "gpm6",
        "date": "Selasa, 25 Agustus 2026",
        "date_iso": "2026-08-25",
        "relative": "Lusa",
        "hour": "01:00",
        "rain_probability": 27.6,
        "risk_score": 35,
        "risk_class": "watch",
        "risk_label": "Perlu diperhatikan",
        "condition": "Berawan",
        "temp_c": 14.9,
        "humidity_pct": 96.0,
        "heat_index_c": 14.9,
        "wind_kmh": 5.0,
        "wind_dir": 0.0,
        "cloud_pct": 75.0
      }
    },
    {
      "type": "Feature",
      "geometry": {
        "type": "Point",
        "coordinates": [
          97.0098682419131,
          4.796061970712406
        ]
      },
      "properties": {
        "location_name": "GPM6",
        "slug": "gpm6",
        "date": "Selasa, 25 Agustus 2026",
        "date_iso": "2026-08-25",
        "relative": "Lusa",
        "hour": "02:00",
        "rain_probability": 14.4,
        "risk_score": 28,
        "risk_class": "watch",
        "risk_label": "Perlu diperhatikan",
        "condition": "Berawan",
        "temp_c": 14.8,
        "humidity_pct": 97.0,
        "heat_index_c": 14.8,
        "wind_kmh": 5.4,
        "wind_dir": 0.0,
        "cloud_pct": 75.0
      }
    },
    {
      "type": "Feature",
      "geometry": {
        "type": "Point",
        "coordinates": [
          97.0098682419131,
          4.796061970712406
        ]
      },
      "properties": {
        "location_name": "GPM6",
        "slug": "gpm6",
        "date": "Selasa, 25 Agustus 2026",
        "date_iso": "2026-08-25",
        "relative": "Lusa",
        "hour": "03:00",
        "rain_probability": 14.4,
        "risk_score": 27,
        "risk_class": "watch",
        "risk_label": "Perlu diperhatikan",
        "condition": "Berawan",
        "temp_c": 14.6,
        "humidity_pct": 97.0,
        "heat_index_c": 14.6,
        "wind_kmh": 5.9,
        "wind_dir": 0.0,
        "cloud_pct": 75.0
      }
    },
    {
      "type": "Feature",
      "geometry": {
        "type": "Point",
        "coordinates": [
          97.0098682419131,
          4.796061970712406
        ]
      },
      "properties": {
        "location_name": "GPM6",
        "slug": "gpm6",
        "date": "Selasa, 25 Agustus 2026",
        "date_iso": "2026-08-25",
        "relative": "Lusa",
        "hour": "04:00",
        "rain_probability": 0,
        "risk_score": 27,
        "risk_class": "watch",
        "risk_label": "Perlu diperhatikan",
        "condition": "Berawan",
        "temp_c": 14.7,
        "humidity_pct": 97.0,
        "heat_index_c": 14.7,
        "wind_kmh": 5.6,
        "wind_dir": 0.0,
        "cloud_pct": 75.0
      }
    },
    {
      "type": "Feature",
      "geometry": {
        "type": "Point",
        "coordinates": [
          97.0098682419131,
          4.796061970712406
        ]
      },
      "properties": {
        "location_name": "GPM6",
        "slug": "gpm6",
        "date": "Selasa, 25 Agustus 2026",
        "date_iso": "2026-08-25",
        "relative": "Lusa",
        "hour": "05:00",
        "rain_probability": 0,
        "risk_score": 27,
        "risk_class": "watch",
        "risk_label": "Perlu diperhatikan",
        "condition": "Berawan",
        "temp_c": 14.5,
        "humidity_pct": 97.0,
        "heat_index_c": 14.5,
        "wind_kmh": 5.8,
        "wind_dir": 0.0,
        "cloud_pct": 75.0
      }
    },
    {
      "type": "Feature",
      "geometry": {
        "type": "Point",
        "coordinates": [
          97.0098682419131,
          4.796061970712406
        ]
      },
      "properties": {
        "location_name": "GPM6",
        "slug": "gpm6",
        "date": "Selasa, 25 Agustus 2026",
        "date_iso": "2026-08-25",
        "relative": "Lusa",
        "hour": "06:00",
        "rain_probability": 0,
        "risk_score": 27,
        "risk_class": "watch",
        "risk_label": "Perlu diperhatikan",
        "condition": "Berawan",
        "temp_c": 14.4,
        "humidity_pct": 96.0,
        "heat_index_c": 14.4,
        "wind_kmh": 5.4,
        "wind_dir": 0.0,
        "cloud_pct": 75.0
      }
    },
    {
      "type": "Feature",
      "geometry": {
        "type": "Point",
        "coordinates": [
          97.0098682419131,
          4.796061970712406
        ]
      },
      "properties": {
        "location_name": "GPM6",
        "slug": "gpm6",
        "date": "Selasa, 25 Agustus 2026",
        "date_iso": "2026-08-25",
        "relative": "Lusa",
        "hour": "07:00",
        "rain_probability": 0,
        "risk_score": 26,
        "risk_class": "watch",
        "risk_label": "Perlu diperhatikan",
        "condition": "Berawan",
        "temp_c": 14.7,
        "humidity_pct": 94.0,
        "heat_index_c": 14.7,
        "wind_kmh": 5.0,
        "wind_dir": 0.0,
        "cloud_pct": 75.0
      }
    },
    {
      "type": "Feature",
      "geometry": {
        "type": "Point",
        "coordinates": [
          97.0098682419131,
          4.796061970712406
        ]
      },
      "properties": {
        "location_name": "GPM6",
        "slug": "gpm6",
        "date": "Selasa, 25 Agustus 2026",
        "date_iso": "2026-08-25",
        "relative": "Lusa",
        "hour": "08:00",
        "rain_probability": 0,
        "risk_score": 26,
        "risk_class": "watch",
        "risk_label": "Perlu diperhatikan",
        "condition": "Berawan",
        "temp_c": 16.1,
        "humidity_pct": 91.0,
        "heat_index_c": 16.1,
        "wind_kmh": 3.3,
        "wind_dir": 0.0,
        "cloud_pct": 75.0
      }
    },
    {
      "type": "Feature",
      "geometry": {
        "type": "Point",
        "coordinates": [
          97.0098682419131,
          4.796061970712406
        ]
      },
      "properties": {
        "location_name": "GPM6",
        "slug": "gpm6",
        "date": "Selasa, 25 Agustus 2026",
        "date_iso": "2026-08-25",
        "relative": "Lusa",
        "hour": "09:00",
        "rain_probability": 0,
        "risk_score": 24,
        "risk_class": "safe",
        "risk_label": "Aman",
        "condition": "Berawan",
        "temp_c": 18.1,
        "humidity_pct": 81.0,
        "heat_index_c": 18.1,
        "wind_kmh": 2.3,
        "wind_dir": 0.0,
        "cloud_pct": 75.0
      }
    },
    {
      "type": "Feature",
      "geometry": {
        "type": "Point",
        "coordinates": [
          97.0098682419131,
          4.796061970712406
        ]
      },
      "properties": {
        "location_name": "GPM6",
        "slug": "gpm6",
        "date": "Selasa, 25 Agustus 2026",
        "date_iso": "2026-08-25",
        "relative": "Lusa",
        "hour": "10:00",
        "rain_probability": 0,
        "risk_score": 23,
        "risk_class": "safe",
        "risk_label": "Aman",
        "condition": "Berawan",
        "temp_c": 20.1,
        "humidity_pct": 77.0,
        "heat_index_c": 20.1,
        "wind_kmh": 3.1,
        "wind_dir": 0.0,
        "cloud_pct": 75.0
      }
    },
    {
      "type": "Feature",
      "geometry": {
        "type": "Point",
        "coordinates": [
          97.0098682419131,
          4.796061970712406
        ]
      },
      "properties": {
        "location_name": "GPM6",
        "slug": "gpm6",
        "date": "Selasa, 25 Agustus 2026",
        "date_iso": "2026-08-25",
        "relative": "Lusa",
        "hour": "11:00",
        "rain_probability": 28.9,
        "risk_score": 34,
        "risk_class": "watch",
        "risk_label": "Perlu diperhatikan",
        "condition": "Berawan",
        "temp_c": 21.3,
        "humidity_pct": 75.0,
        "heat_index_c": 21.3,
        "wind_kmh": 4.5,
        "wind_dir": 0.0,
        "cloud_pct": 75.0
      }
    },
    {
      "type": "Feature",
      "geometry": {
        "type": "Point",
        "coordinates": [
          97.0098682419131,
          4.796061970712406
        ]
      },
      "properties": {
        "location_name": "GPM6",
        "slug": "gpm6",
        "date": "Selasa, 25 Agustus 2026",
        "date_iso": "2026-08-25",
        "relative": "Lusa",
        "hour": "12:00",
        "rain_probability": 57.7,
        "risk_score": 58,
        "risk_class": "rain",
        "risk_label": "Waspada",
        "condition": "Hujan Ringan",
        "temp_c": 22.1,
        "humidity_pct": 73.0,
        "heat_index_c": 22.1,
        "wind_kmh": 6.1,
        "wind_dir": 0.0,
        "cloud_pct": 88.0
      }
    },
    {
      "type": "Feature",
      "geometry": {
        "type": "Point",
        "coordinates": [
          97.0098682419131,
          4.796061970712406
        ]
      },
      "properties": {
        "location_name": "GPM6",
        "slug": "gpm6",
        "date": "Selasa, 25 Agustus 2026",
        "date_iso": "2026-08-25",
        "relative": "Lusa",
        "hour": "13:00",
        "rain_probability": 55.2,
        "risk_score": 55,
        "risk_class": "rain",
        "risk_label": "Waspada",
        "condition": "Hujan Ringan",
        "temp_c": 21.1,
        "humidity_pct": 71.0,
        "heat_index_c": 21.1,
        "wind_kmh": 6.4,
        "wind_dir": 0.0,
        "cloud_pct": 88.0
      }
    },
    {
      "type": "Feature",
      "geometry": {
        "type": "Point",
        "coordinates": [
          97.0098682419131,
          4.796061970712406
        ]
      },
      "properties": {
        "location_name": "GPM6",
        "slug": "gpm6",
        "date": "Selasa, 25 Agustus 2026",
        "date_iso": "2026-08-25",
        "relative": "Lusa",
        "hour": "14:00",
        "rain_probability": 86.6,
        "risk_score": 87,
        "risk_class": "danger",
        "risk_label": "Berpotensi signifikan",
        "condition": "Hujan Ringan",
        "temp_c": 21.3,
        "humidity_pct": 78.0,
        "heat_index_c": 21.3,
        "wind_kmh": 6.8,
        "wind_dir": 0.0,
        "cloud_pct": 88.0
      }
    },
    {
      "type": "Feature",
      "geometry": {
        "type": "Point",
        "coordinates": [
          97.0098682419131,
          4.796061970712406
        ]
      },
      "properties": {
        "location_name": "GPM6",
        "slug": "gpm6",
        "date": "Selasa, 25 Agustus 2026",
        "date_iso": "2026-08-25",
        "relative": "Lusa",
        "hour": "15:00",
        "rain_probability": 86.6,
        "risk_score": 87,
        "risk_class": "danger",
        "risk_label": "Berpotensi signifikan",
        "condition": "Hujan Ringan",
        "temp_c": 19.2,
        "humidity_pct": 91.0,
        "heat_index_c": 19.2,
        "wind_kmh": 3.8,
        "wind_dir": 0.0,
        "cloud_pct": 88.0
      }
    },
    {
      "type": "Feature",
      "geometry": {
        "type": "Point",
        "coordinates": [
          97.0098682419131,
          4.796061970712406
        ]
      },
      "properties": {
        "location_name": "GPM6",
        "slug": "gpm6",
        "date": "Selasa, 25 Agustus 2026",
        "date_iso": "2026-08-25",
        "relative": "Lusa",
        "hour": "16:00",
        "rain_probability": 82.9,
        "risk_score": 83,
        "risk_class": "danger",
        "risk_label": "Berpotensi signifikan",
        "condition": "Hujan Ringan",
        "temp_c": 19.1,
        "humidity_pct": 90.0,
        "heat_index_c": 19.1,
        "wind_kmh": 3.8,
        "wind_dir": 0.0,
        "cloud_pct": 88.0
      }
    },
    {
      "type": "Feature",
      "geometry": {
        "type": "Point",
        "coordinates": [
          97.0098682419131,
          4.796061970712406
        ]
      },
      "properties": {
        "location_name": "GPM6",
        "slug": "gpm6",
        "date": "Selasa, 25 Agustus 2026",
        "date_iso": "2026-08-25",
        "relative": "Lusa",
        "hour": "17:00",
        "rain_probability": 72.1,
        "risk_score": 72,
        "risk_class": "rain",
        "risk_label": "Waspada",
        "condition": "Hujan Ringan",
        "temp_c": 18.7,
        "humidity_pct": 93.0,
        "heat_index_c": 18.7,
        "wind_kmh": 2.4,
        "wind_dir": 0.0,
        "cloud_pct": 88.0
      }
    },
    {
      "type": "Feature",
      "geometry": {
        "type": "Point",
        "coordinates": [
          97.0098682419131,
          4.796061970712406
        ]
      },
      "properties": {
        "location_name": "GPM6",
        "slug": "gpm6",
        "date": "Selasa, 25 Agustus 2026",
        "date_iso": "2026-08-25",
        "relative": "Lusa",
        "hour": "18:00",
        "rain_probability": 72.1,
        "risk_score": 72,
        "risk_class": "rain",
        "risk_label": "Waspada",
        "condition": "Hujan Ringan",
        "temp_c": 17.4,
        "humidity_pct": 94.0,
        "heat_index_c": 17.4,
        "wind_kmh": 1.6,
        "wind_dir": 0.0,
        "cloud_pct": 88.0
      }
    },
    {
      "type": "Feature",
      "geometry": {
        "type": "Point",
        "coordinates": [
          97.0098682419131,
          4.796061970712406
        ]
      },
      "properties": {
        "location_name": "GPM6",
        "slug": "gpm6",
        "date": "Selasa, 25 Agustus 2026",
        "date_iso": "2026-08-25",
        "relative": "Lusa",
        "hour": "19:00",
        "rain_probability": 55.2,
        "risk_score": 56,
        "risk_class": "rain",
        "risk_label": "Waspada",
        "condition": "Berawan",
        "temp_c": 16.8,
        "humidity_pct": 96.0,
        "heat_index_c": 16.8,
        "wind_kmh": 1.8,
        "wind_dir": 0.0,
        "cloud_pct": 88.0
      }
    },
    {
      "type": "Feature",
      "geometry": {
        "type": "Point",
        "coordinates": [
          97.0098682419131,
          4.796061970712406
        ]
      },
      "properties": {
        "location_name": "GPM6",
        "slug": "gpm6",
        "date": "Selasa, 25 Agustus 2026",
        "date_iso": "2026-08-25",
        "relative": "Lusa",
        "hour": "20:00",
        "rain_probability": 28.9,
        "risk_score": 39,
        "risk_class": "watch",
        "risk_label": "Perlu diperhatikan",
        "condition": "Berawan",
        "temp_c": 16.5,
        "humidity_pct": 97.0,
        "heat_index_c": 16.5,
        "wind_kmh": 1.9,
        "wind_dir": 0.0,
        "cloud_pct": 75.0
      }
    },
    {
      "type": "Feature",
      "geometry": {
        "type": "Point",
        "coordinates": [
          97.0098682419131,
          4.796061970712406
        ]
      },
      "properties": {
        "location_name": "GPM6",
        "slug": "gpm6",
        "date": "Selasa, 25 Agustus 2026",
        "date_iso": "2026-08-25",
        "relative": "Lusa",
        "hour": "21:00",
        "rain_probability": 28.9,
        "risk_score": 38,
        "risk_class": "watch",
        "risk_label": "Perlu diperhatikan",
        "condition": "Berawan",
        "temp_c": 16.4,
        "humidity_pct": 97.0,
        "heat_index_c": 16.4,
        "wind_kmh": 3.7,
        "wind_dir": 0.0,
        "cloud_pct": 75.0
      }
    },
    {
      "type": "Feature",
      "geometry": {
        "type": "Point",
        "coordinates": [
          97.0098682419131,
          4.796061970712406
        ]
      },
      "properties": {
        "location_name": "GPM6",
        "slug": "gpm6",
        "date": "Selasa, 25 Agustus 2026",
        "date_iso": "2026-08-25",
        "relative": "Lusa",
        "hour": "22:00",
        "rain_probability": 27.6,
        "risk_score": 35,
        "risk_class": "watch",
        "risk_label": "Perlu diperhatikan",
        "condition": "Berawan",
        "temp_c": 16.1,
        "humidity_pct": 96.0,
        "heat_index_c": 16.1,
        "wind_kmh": 3.8,
        "wind_dir": 0.0,
        "cloud_pct": 75.0
      }
    },
    {
      "type": "Feature",
      "geometry": {
        "type": "Point",
        "coordinates": [
          97.0098682419131,
          4.796061970712406
        ]
      },
      "properties": {
        "location_name": "GPM6",
        "slug": "gpm6",
        "date": "Selasa, 25 Agustus 2026",
        "date_iso": "2026-08-25",
        "relative": "Lusa",
        "hour": "23:00",
        "rain_probability": 14.4,
        "risk_score": 27,
        "risk_class": "watch",
        "risk_label": "Perlu diperhatikan",
        "condition": "Berawan",
        "temp_c": 15.7,
        "humidity_pct": 97.0,
        "heat_index_c": 15.7,
        "wind_kmh": 4.1,
        "wind_dir": 0.0,
        "cloud_pct": 75.0
      }
    },
    {
      "type": "Feature",
      "geometry": {
        "type": "Point",
        "coordinates": [
          96.85017949357464,
          4.649902718619309
        ]
      },
      "properties": {
        "location_name": "GPM Grid TamaTue",
        "slug": "gpm_grid_tamatue",
        "date": "Minggu, 23 Agustus 2026",
        "date_iso": "2026-08-23",
        "relative": "Hari ini",
        "hour": "00:00",
        "rain_probability": 0,
        "risk_score": 27,
        "risk_class": "watch",
        "risk_label": "Perlu diperhatikan",
        "condition": "Berawan",
        "temp_c": 18.1,
        "humidity_pct": 98.0,
        "heat_index_c": 18.1,
        "wind_kmh": 3.7,
        "wind_dir": 0.0,
        "cloud_pct": 75.0
      }
    },
    {
      "type": "Feature",
      "geometry": {
        "type": "Point",
        "coordinates": [
          96.85017949357464,
          4.649902718619309
        ]
      },
      "properties": {
        "location_name": "GPM Grid TamaTue",
        "slug": "gpm_grid_tamatue",
        "date": "Minggu, 23 Agustus 2026",
        "date_iso": "2026-08-23",
        "relative": "Hari ini",
        "hour": "01:00",
        "rain_probability": 0,
        "risk_score": 27,
        "risk_class": "watch",
        "risk_label": "Perlu diperhatikan",
        "condition": "Berawan",
        "temp_c": 17.8,
        "humidity_pct": 97.0,
        "heat_index_c": 17.8,
        "wind_kmh": 4.0,
        "wind_dir": 0.0,
        "cloud_pct": 75.0
      }
    },
    {
      "type": "Feature",
      "geometry": {
        "type": "Point",
        "coordinates": [
          96.85017949357464,
          4.649902718619309
        ]
      },
      "properties": {
        "location_name": "GPM Grid TamaTue",
        "slug": "gpm_grid_tamatue",
        "date": "Minggu, 23 Agustus 2026",
        "date_iso": "2026-08-23",
        "relative": "Hari ini",
        "hour": "02:00",
        "rain_probability": 0,
        "risk_score": 27,
        "risk_class": "watch",
        "risk_label": "Perlu diperhatikan",
        "condition": "Berawan",
        "temp_c": 17.5,
        "humidity_pct": 97.0,
        "heat_index_c": 17.5,
        "wind_kmh": 3.4,
        "wind_dir": 0.0,
        "cloud_pct": 75.0
      }
    },
    {
      "type": "Feature",
      "geometry": {
        "type": "Point",
        "coordinates": [
          96.85017949357464,
          4.649902718619309
        ]
      },
      "properties": {
        "location_name": "GPM Grid TamaTue",
        "slug": "gpm_grid_tamatue",
        "date": "Minggu, 23 Agustus 2026",
        "date_iso": "2026-08-23",
        "relative": "Hari ini",
        "hour": "03:00",
        "rain_probability": 0,
        "risk_score": 27,
        "risk_class": "watch",
        "risk_label": "Perlu diperhatikan",
        "condition": "Berawan",
        "temp_c": 17.3,
        "humidity_pct": 97.0,
        "heat_index_c": 17.3,
        "wind_kmh": 3.4,
        "wind_dir": 0.0,
        "cloud_pct": 75.0
      }
    },
    {
      "type": "Feature",
      "geometry": {
        "type": "Point",
        "coordinates": [
          96.85017949357464,
          4.649902718619309
        ]
      },
      "properties": {
        "location_name": "GPM Grid TamaTue",
        "slug": "gpm_grid_tamatue",
        "date": "Minggu, 23 Agustus 2026",
        "date_iso": "2026-08-23",
        "relative": "Hari ini",
        "hour": "04:00",
        "rain_probability": 0,
        "risk_score": 27,
        "risk_class": "watch",
        "risk_label": "Perlu diperhatikan",
        "condition": "Berawan",
        "temp_c": 17.3,
        "humidity_pct": 97.0,
        "heat_index_c": 17.3,
        "wind_kmh": 3.7,
        "wind_dir": 0.0,
        "cloud_pct": 75.0
      }
    },
    {
      "type": "Feature",
      "geometry": {
        "type": "Point",
        "coordinates": [
          96.85017949357464,
          4.649902718619309
        ]
      },
      "properties": {
        "location_name": "GPM Grid TamaTue",
        "slug": "gpm_grid_tamatue",
        "date": "Minggu, 23 Agustus 2026",
        "date_iso": "2026-08-23",
        "relative": "Hari ini",
        "hour": "05:00",
        "rain_probability": 0,
        "risk_score": 27,
        "risk_class": "watch",
        "risk_label": "Perlu diperhatikan",
        "condition": "Berawan",
        "temp_c": 17.2,
        "humidity_pct": 97.0,
        "heat_index_c": 17.2,
        "wind_kmh": 3.7,
        "wind_dir": 0.0,
        "cloud_pct": 75.0
      }
    },
    {
      "type": "Feature",
      "geometry": {
        "type": "Point",
        "coordinates": [
          96.85017949357464,
          4.649902718619309
        ]
      },
      "properties": {
        "location_name": "GPM Grid TamaTue",
        "slug": "gpm_grid_tamatue",
        "date": "Minggu, 23 Agustus 2026",
        "date_iso": "2026-08-23",
        "relative": "Hari ini",
        "hour": "06:00",
        "rain_probability": 0,
        "risk_score": 27,
        "risk_class": "watch",
        "risk_label": "Perlu diperhatikan",
        "condition": "Berawan",
        "temp_c": 17.1,
        "humidity_pct": 97.0,
        "heat_index_c": 17.1,
        "wind_kmh": 4.2,
        "wind_dir": 0.0,
        "cloud_pct": 75.0
      }
    },
    {
      "type": "Feature",
      "geometry": {
        "type": "Point",
        "coordinates": [
          96.85017949357464,
          4.649902718619309
        ]
      },
      "properties": {
        "location_name": "GPM Grid TamaTue",
        "slug": "gpm_grid_tamatue",
        "date": "Minggu, 23 Agustus 2026",
        "date_iso": "2026-08-23",
        "relative": "Hari ini",
        "hour": "07:00",
        "rain_probability": 0,
        "risk_score": 27,
        "risk_class": "watch",
        "risk_label": "Perlu diperhatikan",
        "condition": "Berawan",
        "temp_c": 17.4,
        "humidity_pct": 96.0,
        "heat_index_c": 17.4,
        "wind_kmh": 5.0,
        "wind_dir": 0.0,
        "cloud_pct": 75.0
      }
    },
    {
      "type": "Feature",
      "geometry": {
        "type": "Point",
        "coordinates": [
          96.85017949357464,
          4.649902718619309
        ]
      },
      "properties": {
        "location_name": "GPM Grid TamaTue",
        "slug": "gpm_grid_tamatue",
        "date": "Minggu, 23 Agustus 2026",
        "date_iso": "2026-08-23",
        "relative": "Hari ini",
        "hour": "08:00",
        "rain_probability": 0,
        "risk_score": 26,
        "risk_class": "watch",
        "risk_label": "Perlu diperhatikan",
        "condition": "Berawan",
        "temp_c": 19.3,
        "humidity_pct": 90.0,
        "heat_index_c": 19.3,
        "wind_kmh": 3.7,
        "wind_dir": 0.0,
        "cloud_pct": 75.0
      }
    },
    {
      "type": "Feature",
      "geometry": {
        "type": "Point",
        "coordinates": [
          96.85017949357464,
          4.649902718619309
        ]
      },
      "properties": {
        "location_name": "GPM Grid TamaTue",
        "slug": "gpm_grid_tamatue",
        "date": "Minggu, 23 Agustus 2026",
        "date_iso": "2026-08-23",
        "relative": "Hari ini",
        "hour": "09:00",
        "rain_probability": 0,
        "risk_score": 20,
        "risk_class": "safe",
        "risk_label": "Aman",
        "condition": "Berawan",
        "temp_c": 22.4,
        "humidity_pct": 76.0,
        "heat_index_c": 22.4,
        "wind_kmh": 2.0,
        "wind_dir": 0.0,
        "cloud_pct": 45.0
      }
    },
    {
      "type": "Feature",
      "geometry": {
        "type": "Point",
        "coordinates": [
          96.85017949357464,
          4.649902718619309
        ]
      },
      "properties": {
        "location_name": "GPM Grid TamaTue",
        "slug": "gpm_grid_tamatue",
        "date": "Minggu, 23 Agustus 2026",
        "date_iso": "2026-08-23",
        "relative": "Hari ini",
        "hour": "10:00",
        "rain_probability": 0,
        "risk_score": 17,
        "risk_class": "safe",
        "risk_label": "Aman",
        "condition": "Cerah Berawan",
        "temp_c": 24.5,
        "humidity_pct": 63.0,
        "heat_index_c": 24.5,
        "wind_kmh": 3.1,
        "wind_dir": 0.0,
        "cloud_pct": 45.0
      }
    },
    {
      "type": "Feature",
      "geometry": {
        "type": "Point",
        "coordinates": [
          96.85017949357464,
          4.649902718619309
        ]
      },
      "properties": {
        "location_name": "GPM Grid TamaTue",
        "slug": "gpm_grid_tamatue",
        "date": "Minggu, 23 Agustus 2026",
        "date_iso": "2026-08-23",
        "relative": "Hari ini",
        "hour": "11:00",
        "rain_probability": 0,
        "risk_score": 19,
        "risk_class": "safe",
        "risk_label": "Aman",
        "condition": "Berawan",
        "temp_c": 26.2,
        "humidity_pct": 59.0,
        "heat_index_c": 26.2,
        "wind_kmh": 4.7,
        "wind_dir": 0.0,
        "cloud_pct": 75.0
      }
    },
    {
      "type": "Feature",
      "geometry": {
        "type": "Point",
        "coordinates": [
          96.85017949357464,
          4.649902718619309
        ]
      },
      "properties": {
        "location_name": "GPM Grid TamaTue",
        "slug": "gpm_grid_tamatue",
        "date": "Minggu, 23 Agustus 2026",
        "date_iso": "2026-08-23",
        "relative": "Hari ini",
        "hour": "12:00",
        "rain_probability": 0,
        "risk_score": 18,
        "risk_class": "safe",
        "risk_label": "Aman",
        "condition": "Berawan",
        "temp_c": 27.0,
        "humidity_pct": 55.0,
        "heat_index_c": 27.13,
        "wind_kmh": 6.8,
        "wind_dir": 0.0,
        "cloud_pct": 75.0
      }
    },
    {
      "type": "Feature",
      "geometry": {
        "type": "Point",
        "coordinates": [
          96.85017949357464,
          4.649902718619309
        ]
      },
      "properties": {
        "location_name": "GPM Grid TamaTue",
        "slug": "gpm_grid_tamatue",
        "date": "Minggu, 23 Agustus 2026",
        "date_iso": "2026-08-23",
        "relative": "Hari ini",
        "hour": "13:00",
        "rain_probability": 13.8,
        "risk_score": 22,
        "risk_class": "safe",
        "risk_label": "Aman",
        "condition": "Berawan",
        "temp_c": 26.8,
        "humidity_pct": 52.0,
        "heat_index_c": 27.35,
        "wind_kmh": 7.6,
        "wind_dir": 0.0,
        "cloud_pct": 75.0
      }
    },
    {
      "type": "Feature",
      "geometry": {
        "type": "Point",
        "coordinates": [
          96.85017949357464,
          4.649902718619309
        ]
      },
      "properties": {
        "location_name": "GPM Grid TamaTue",
        "slug": "gpm_grid_tamatue",
        "date": "Minggu, 23 Agustus 2026",
        "date_iso": "2026-08-23",
        "relative": "Hari ini",
        "hour": "14:00",
        "rain_probability": 43.2,
        "risk_score": 43,
        "risk_class": "watch",
        "risk_label": "Perlu diperhatikan",
        "condition": "Berawan",
        "temp_c": 25.8,
        "humidity_pct": 56.0,
        "heat_index_c": 25.8,
        "wind_kmh": 7.8,
        "wind_dir": 0.0,
        "cloud_pct": 75.0
      }
    },
    {
      "type": "Feature",
      "geometry": {
        "type": "Point",
        "coordinates": [
          96.85017949357464,
          4.649902718619309
        ]
      },
      "properties": {
        "location_name": "GPM Grid TamaTue",
        "slug": "gpm_grid_tamatue",
        "date": "Minggu, 23 Agustus 2026",
        "date_iso": "2026-08-23",
        "relative": "Hari ini",
        "hour": "15:00",
        "rain_probability": 57.7,
        "risk_score": 58,
        "risk_class": "rain",
        "risk_label": "Waspada",
        "condition": "Hujan Ringan",
        "temp_c": 24.4,
        "humidity_pct": 65.0,
        "heat_index_c": 24.4,
        "wind_kmh": 8.5,
        "wind_dir": 0.0,
        "cloud_pct": 88.0
      }
    },
    {
      "type": "Feature",
      "geometry": {
        "type": "Point",
        "coordinates": [
          96.85017949357464,
          4.649902718619309
        ]
      },
      "properties": {
        "location_name": "GPM Grid TamaTue",
        "slug": "gpm_grid_tamatue",
        "date": "Minggu, 23 Agustus 2026",
        "date_iso": "2026-08-23",
        "relative": "Hari ini",
        "hour": "16:00",
        "rain_probability": 82.8,
        "risk_score": 83,
        "risk_class": "danger",
        "risk_label": "Berpotensi signifikan",
        "condition": "Hujan Ringan",
        "temp_c": 22.5,
        "humidity_pct": 81.0,
        "heat_index_c": 22.5,
        "wind_kmh": 7.6,
        "wind_dir": 0.0,
        "cloud_pct": 88.0
      }
    },
    {
      "type": "Feature",
      "geometry": {
        "type": "Point",
        "coordinates": [
          96.85017949357464,
          4.649902718619309
        ]
      },
      "properties": {
        "location_name": "GPM Grid TamaTue",
        "slug": "gpm_grid_tamatue",
        "date": "Minggu, 23 Agustus 2026",
        "date_iso": "2026-08-23",
        "relative": "Hari ini",
        "hour": "17:00",
        "rain_probability": 86.5,
        "risk_score": 86,
        "risk_class": "danger",
        "risk_label": "Berpotensi signifikan",
        "condition": "Hujan Ringan",
        "temp_c": 21.5,
        "humidity_pct": 81.0,
        "heat_index_c": 21.5,
        "wind_kmh": 5.2,
        "wind_dir": 0.0,
        "cloud_pct": 88.0
      }
    },
    {
      "type": "Feature",
      "geometry": {
        "type": "Point",
        "coordinates": [
          96.85017949357464,
          4.649902718619309
        ]
      },
      "properties": {
        "location_name": "GPM Grid TamaTue",
        "slug": "gpm_grid_tamatue",
        "date": "Minggu, 23 Agustus 2026",
        "date_iso": "2026-08-23",
        "relative": "Hari ini",
        "hour": "18:00",
        "rain_probability": 72.1,
        "risk_score": 72,
        "risk_class": "rain",
        "risk_label": "Waspada",
        "condition": "Hujan Ringan",
        "temp_c": 20.5,
        "humidity_pct": 92.0,
        "heat_index_c": 20.5,
        "wind_kmh": 4.4,
        "wind_dir": 0.0,
        "cloud_pct": 88.0
      }
    },
    {
      "type": "Feature",
      "geometry": {
        "type": "Point",
        "coordinates": [
          96.85017949357464,
          4.649902718619309
        ]
      },
      "properties": {
        "location_name": "GPM Grid TamaTue",
        "slug": "gpm_grid_tamatue",
        "date": "Minggu, 23 Agustus 2026",
        "date_iso": "2026-08-23",
        "relative": "Hari ini",
        "hour": "19:00",
        "rain_probability": 69.0,
        "risk_score": 69,
        "risk_class": "rain",
        "risk_label": "Waspada",
        "condition": "Hujan Ringan",
        "temp_c": 18.9,
        "humidity_pct": 97.0,
        "heat_index_c": 18.9,
        "wind_kmh": 4.7,
        "wind_dir": 0.0,
        "cloud_pct": 88.0
      }
    },
    {
      "type": "Feature",
      "geometry": {
        "type": "Point",
        "coordinates": [
          96.85017949357464,
          4.649902718619309
        ]
      },
      "properties": {
        "location_name": "GPM Grid TamaTue",
        "slug": "gpm_grid_tamatue",
        "date": "Minggu, 23 Agustus 2026",
        "date_iso": "2026-08-23",
        "relative": "Hari ini",
        "hour": "20:00",
        "rain_probability": 28.8,
        "risk_score": 36,
        "risk_class": "watch",
        "risk_label": "Perlu diperhatikan",
        "condition": "Berawan",
        "temp_c": 19.4,
        "humidity_pct": 97.0,
        "heat_index_c": 19.4,
        "wind_kmh": 4.7,
        "wind_dir": 0.0,
        "cloud_pct": 75.0
      }
    },
    {
      "type": "Feature",
      "geometry": {
        "type": "Point",
        "coordinates": [
          96.85017949357464,
          4.649902718619309
        ]
      },
      "properties": {
        "location_name": "GPM Grid TamaTue",
        "slug": "gpm_grid_tamatue",
        "date": "Minggu, 23 Agustus 2026",
        "date_iso": "2026-08-23",
        "relative": "Hari ini",
        "hour": "21:00",
        "rain_probability": 14.4,
        "risk_score": 27,
        "risk_class": "watch",
        "risk_label": "Perlu diperhatikan",
        "condition": "Berawan",
        "temp_c": 18.7,
        "humidity_pct": 96.0,
        "heat_index_c": 18.7,
        "wind_kmh": 3.8,
        "wind_dir": 0.0,
        "cloud_pct": 75.0
      }
    },
    {
      "type": "Feature",
      "geometry": {
        "type": "Point",
        "coordinates": [
          96.85017949357464,
          4.649902718619309
        ]
      },
      "properties": {
        "location_name": "GPM Grid TamaTue",
        "slug": "gpm_grid_tamatue",
        "date": "Minggu, 23 Agustus 2026",
        "date_iso": "2026-08-23",
        "relative": "Hari ini",
        "hour": "22:00",
        "rain_probability": 0,
        "risk_score": 27,
        "risk_class": "watch",
        "risk_label": "Perlu diperhatikan",
        "condition": "Berawan",
        "temp_c": 18.2,
        "humidity_pct": 96.0,
        "heat_index_c": 18.2,
        "wind_kmh": 4.0,
        "wind_dir": 0.0,
        "cloud_pct": 75.0
      }
    },
    {
      "type": "Feature",
      "geometry": {
        "type": "Point",
        "coordinates": [
          96.85017949357464,
          4.649902718619309
        ]
      },
      "properties": {
        "location_name": "GPM Grid TamaTue",
        "slug": "gpm_grid_tamatue",
        "date": "Minggu, 23 Agustus 2026",
        "date_iso": "2026-08-23",
        "relative": "Hari ini",
        "hour": "23:00",
        "rain_probability": 0,
        "risk_score": 27,
        "risk_class": "watch",
        "risk_label": "Perlu diperhatikan",
        "condition": "Berawan",
        "temp_c": 17.9,
        "humidity_pct": 96.0,
        "heat_index_c": 17.9,
        "wind_kmh": 4.0,
        "wind_dir": 0.0,
        "cloud_pct": 75.0
      }
    },
    {
      "type": "Feature",
      "geometry": {
        "type": "Point",
        "coordinates": [
          96.85017949357464,
          4.649902718619309
        ]
      },
      "properties": {
        "location_name": "GPM Grid TamaTue",
        "slug": "gpm_grid_tamatue",
        "date": "Senin, 24 Agustus 2026",
        "date_iso": "2026-08-24",
        "relative": "Besok",
        "hour": "00:00",
        "rain_probability": 0,
        "risk_score": 27,
        "risk_class": "watch",
        "risk_label": "Perlu diperhatikan",
        "condition": "Berawan",
        "temp_c": 17.7,
        "humidity_pct": 97.0,
        "heat_index_c": 17.7,
        "wind_kmh": 4.5,
        "wind_dir": 0.0,
        "cloud_pct": 75.0
      }
    },
    {
      "type": "Feature",
      "geometry": {
        "type": "Point",
        "coordinates": [
          96.85017949357464,
          4.649902718619309
        ]
      },
      "properties": {
        "location_name": "GPM Grid TamaTue",
        "slug": "gpm_grid_tamatue",
        "date": "Senin, 24 Agustus 2026",
        "date_iso": "2026-08-24",
        "relative": "Besok",
        "hour": "01:00",
        "rain_probability": 0,
        "risk_score": 27,
        "risk_class": "watch",
        "risk_label": "Perlu diperhatikan",
        "condition": "Berawan",
        "temp_c": 17.3,
        "humidity_pct": 97.0,
        "heat_index_c": 17.3,
        "wind_kmh": 5.1,
        "wind_dir": 0.0,
        "cloud_pct": 75.0
      }
    },
    {
      "type": "Feature",
      "geometry": {
        "type": "Point",
        "coordinates": [
          96.85017949357464,
          4.649902718619309
        ]
      },
      "properties": {
        "location_name": "GPM Grid TamaTue",
        "slug": "gpm_grid_tamatue",
        "date": "Senin, 24 Agustus 2026",
        "date_iso": "2026-08-24",
        "relative": "Besok",
        "hour": "02:00",
        "rain_probability": 0,
        "risk_score": 27,
        "risk_class": "watch",
        "risk_label": "Perlu diperhatikan",
        "condition": "Berawan",
        "temp_c": 17.1,
        "humidity_pct": 97.0,
        "heat_index_c": 17.1,
        "wind_kmh": 4.5,
        "wind_dir": 0.0,
        "cloud_pct": 75.0
      }
    },
    {
      "type": "Feature",
      "geometry": {
        "type": "Point",
        "coordinates": [
          96.85017949357464,
          4.649902718619309
        ]
      },
      "properties": {
        "location_name": "GPM Grid TamaTue",
        "slug": "gpm_grid_tamatue",
        "date": "Senin, 24 Agustus 2026",
        "date_iso": "2026-08-24",
        "relative": "Besok",
        "hour": "03:00",
        "rain_probability": 0,
        "risk_score": 27,
        "risk_class": "watch",
        "risk_label": "Perlu diperhatikan",
        "condition": "Berawan",
        "temp_c": 16.9,
        "humidity_pct": 97.0,
        "heat_index_c": 16.9,
        "wind_kmh": 4.7,
        "wind_dir": 0.0,
        "cloud_pct": 75.0
      }
    },
    {
      "type": "Feature",
      "geometry": {
        "type": "Point",
        "coordinates": [
          96.85017949357464,
          4.649902718619309
        ]
      },
      "properties": {
        "location_name": "GPM Grid TamaTue",
        "slug": "gpm_grid_tamatue",
        "date": "Senin, 24 Agustus 2026",
        "date_iso": "2026-08-24",
        "relative": "Besok",
        "hour": "04:00",
        "rain_probability": 0,
        "risk_score": 27,
        "risk_class": "watch",
        "risk_label": "Perlu diperhatikan",
        "condition": "Berawan",
        "temp_c": 16.7,
        "humidity_pct": 97.0,
        "heat_index_c": 16.7,
        "wind_kmh": 4.7,
        "wind_dir": 0.0,
        "cloud_pct": 75.0
      }
    },
    {
      "type": "Feature",
      "geometry": {
        "type": "Point",
        "coordinates": [
          96.85017949357464,
          4.649902718619309
        ]
      },
      "properties": {
        "location_name": "GPM Grid TamaTue",
        "slug": "gpm_grid_tamatue",
        "date": "Senin, 24 Agustus 2026",
        "date_iso": "2026-08-24",
        "relative": "Besok",
        "hour": "05:00",
        "rain_probability": 0,
        "risk_score": 27,
        "risk_class": "watch",
        "risk_label": "Perlu diperhatikan",
        "condition": "Berawan",
        "temp_c": 16.4,
        "humidity_pct": 97.0,
        "heat_index_c": 16.4,
        "wind_kmh": 5.1,
        "wind_dir": 0.0,
        "cloud_pct": 75.0
      }
    },
    {
      "type": "Feature",
      "geometry": {
        "type": "Point",
        "coordinates": [
          96.85017949357464,
          4.649902718619309
        ]
      },
      "properties": {
        "location_name": "GPM Grid TamaTue",
        "slug": "gpm_grid_tamatue",
        "date": "Senin, 24 Agustus 2026",
        "date_iso": "2026-08-24",
        "relative": "Besok",
        "hour": "06:00",
        "rain_probability": 0,
        "risk_score": 27,
        "risk_class": "watch",
        "risk_label": "Perlu diperhatikan",
        "condition": "Berawan",
        "temp_c": 16.4,
        "humidity_pct": 97.0,
        "heat_index_c": 16.4,
        "wind_kmh": 5.8,
        "wind_dir": 0.0,
        "cloud_pct": 75.0
      }
    },
    {
      "type": "Feature",
      "geometry": {
        "type": "Point",
        "coordinates": [
          96.85017949357464,
          4.649902718619309
        ]
      },
      "properties": {
        "location_name": "GPM Grid TamaTue",
        "slug": "gpm_grid_tamatue",
        "date": "Senin, 24 Agustus 2026",
        "date_iso": "2026-08-24",
        "relative": "Besok",
        "hour": "07:00",
        "rain_probability": 0,
        "risk_score": 27,
        "risk_class": "watch",
        "risk_label": "Perlu diperhatikan",
        "condition": "Berawan",
        "temp_c": 17.1,
        "humidity_pct": 96.0,
        "heat_index_c": 17.1,
        "wind_kmh": 5.5,
        "wind_dir": 0.0,
        "cloud_pct": 75.0
      }
    },
    {
      "type": "Feature",
      "geometry": {
        "type": "Point",
        "coordinates": [
          96.85017949357464,
          4.649902718619309
        ]
      },
      "properties": {
        "location_name": "GPM Grid TamaTue",
        "slug": "gpm_grid_tamatue",
        "date": "Senin, 24 Agustus 2026",
        "date_iso": "2026-08-24",
        "relative": "Besok",
        "hour": "08:00",
        "rain_probability": 0,
        "risk_score": 26,
        "risk_class": "watch",
        "risk_label": "Perlu diperhatikan",
        "condition": "Berawan",
        "temp_c": 18.7,
        "humidity_pct": 90.0,
        "heat_index_c": 18.7,
        "wind_kmh": 3.8,
        "wind_dir": 0.0,
        "cloud_pct": 75.0
      }
    },
    {
      "type": "Feature",
      "geometry": {
        "type": "Point",
        "coordinates": [
          96.85017949357464,
          4.649902718619309
        ]
      },
      "properties": {
        "location_name": "GPM Grid TamaTue",
        "slug": "gpm_grid_tamatue",
        "date": "Senin, 24 Agustus 2026",
        "date_iso": "2026-08-24",
        "relative": "Besok",
        "hour": "09:00",
        "rain_probability": 0,
        "risk_score": 23,
        "risk_class": "safe",
        "risk_label": "Aman",
        "condition": "Berawan",
        "temp_c": 21.8,
        "humidity_pct": 79.0,
        "heat_index_c": 21.8,
        "wind_kmh": 4.0,
        "wind_dir": 0.0,
        "cloud_pct": 75.0
      }
    },
    {
      "type": "Feature",
      "geometry": {
        "type": "Point",
        "coordinates": [
          96.85017949357464,
          4.649902718619309
        ]
      },
      "properties": {
        "location_name": "GPM Grid TamaTue",
        "slug": "gpm_grid_tamatue",
        "date": "Senin, 24 Agustus 2026",
        "date_iso": "2026-08-24",
        "relative": "Besok",
        "hour": "10:00",
        "rain_probability": 0,
        "risk_score": 22,
        "risk_class": "safe",
        "risk_label": "Aman",
        "condition": "Berawan",
        "temp_c": 23.6,
        "humidity_pct": 70.0,
        "heat_index_c": 23.6,
        "wind_kmh": 4.0,
        "wind_dir": 0.0,
        "cloud_pct": 75.0
      }
    },
    {
      "type": "Feature",
      "geometry": {
        "type": "Point",
        "coordinates": [
          96.85017949357464,
          4.649902718619309
        ]
      },
      "properties": {
        "location_name": "GPM Grid TamaTue",
        "slug": "gpm_grid_tamatue",
        "date": "Senin, 24 Agustus 2026",
        "date_iso": "2026-08-24",
        "relative": "Besok",
        "hour": "11:00",
        "rain_probability": 28.9,
        "risk_score": 32,
        "risk_class": "watch",
        "risk_label": "Perlu diperhatikan",
        "condition": "Berawan",
        "temp_c": 24.1,
        "humidity_pct": 67.0,
        "heat_index_c": 24.1,
        "wind_kmh": 4.7,
        "wind_dir": 0.0,
        "cloud_pct": 75.0
      }
    },
    {
      "type": "Feature",
      "geometry": {
        "type": "Point",
        "coordinates": [
          96.85017949357464,
          4.649902718619309
        ]
      },
      "properties": {
        "location_name": "GPM Grid TamaTue",
        "slug": "gpm_grid_tamatue",
        "date": "Senin, 24 Agustus 2026",
        "date_iso": "2026-08-24",
        "relative": "Besok",
        "hour": "12:00",
        "rain_probability": 71.1,
        "risk_score": 71,
        "risk_class": "rain",
        "risk_label": "Waspada",
        "condition": "Hujan Ringan",
        "temp_c": 25.0,
        "humidity_pct": 66.0,
        "heat_index_c": 25.0,
        "wind_kmh": 6.2,
        "wind_dir": 0.0,
        "cloud_pct": 88.0
      }
    },
    {
      "type": "Feature",
      "geometry": {
        "type": "Point",
        "coordinates": [
          96.85017949357464,
          4.649902718619309
        ]
      },
      "properties": {
        "location_name": "GPM Grid TamaTue",
        "slug": "gpm_grid_tamatue",
        "date": "Senin, 24 Agustus 2026",
        "date_iso": "2026-08-24",
        "relative": "Besok",
        "hour": "13:00",
        "rain_probability": 72.4,
        "risk_score": 72,
        "risk_class": "rain",
        "risk_label": "Waspada",
        "condition": "Hujan Ringan",
        "temp_c": 25.1,
        "humidity_pct": 67.0,
        "heat_index_c": 25.1,
        "wind_kmh": 7.2,
        "wind_dir": 0.0,
        "cloud_pct": 88.0
      }
    },
    {
      "type": "Feature",
      "geometry": {
        "type": "Point",
        "coordinates": [
          96.85017949357464,
          4.649902718619309
        ]
      },
      "properties": {
        "location_name": "GPM Grid TamaTue",
        "slug": "gpm_grid_tamatue",
        "date": "Senin, 24 Agustus 2026",
        "date_iso": "2026-08-24",
        "relative": "Besok",
        "hour": "14:00",
        "rain_probability": 85.6,
        "risk_score": 86,
        "risk_class": "danger",
        "risk_label": "Berpotensi signifikan",
        "condition": "Hujan Ringan",
        "temp_c": 23.4,
        "humidity_pct": 73.0,
        "heat_index_c": 23.4,
        "wind_kmh": 6.9,
        "wind_dir": 0.0,
        "cloud_pct": 88.0
      }
    },
    {
      "type": "Feature",
      "geometry": {
        "type": "Point",
        "coordinates": [
          96.85017949357464,
          4.649902718619309
        ]
      },
      "properties": {
        "location_name": "GPM Grid TamaTue",
        "slug": "gpm_grid_tamatue",
        "date": "Senin, 24 Agustus 2026",
        "date_iso": "2026-08-24",
        "relative": "Besok",
        "hour": "15:00",
        "rain_probability": 72.2,
        "risk_score": 72,
        "risk_class": "rain",
        "risk_label": "Waspada",
        "condition": "Hujan Ringan",
        "temp_c": 21.5,
        "humidity_pct": 86.0,
        "heat_index_c": 21.5,
        "wind_kmh": 7.0,
        "wind_dir": 0.0,
        "cloud_pct": 88.0
      }
    },
    {
      "type": "Feature",
      "geometry": {
        "type": "Point",
        "coordinates": [
          96.85017949357464,
          4.649902718619309
        ]
      },
      "properties": {
        "location_name": "GPM Grid TamaTue",
        "slug": "gpm_grid_tamatue",
        "date": "Senin, 24 Agustus 2026",
        "date_iso": "2026-08-24",
        "relative": "Besok",
        "hour": "16:00",
        "rain_probability": 69.1,
        "risk_score": 69,
        "risk_class": "rain",
        "risk_label": "Waspada",
        "condition": "Hujan Ringan",
        "temp_c": 22.0,
        "humidity_pct": 89.0,
        "heat_index_c": 22.0,
        "wind_kmh": 6.5,
        "wind_dir": 0.0,
        "cloud_pct": 88.0
      }
    },
    {
      "type": "Feature",
      "geometry": {
        "type": "Point",
        "coordinates": [
          96.85017949357464,
          4.649902718619309
        ]
      },
      "properties": {
        "location_name": "GPM Grid TamaTue",
        "slug": "gpm_grid_tamatue",
        "date": "Senin, 24 Agustus 2026",
        "date_iso": "2026-08-24",
        "relative": "Besok",
        "hour": "17:00",
        "rain_probability": 72.2,
        "risk_score": 72,
        "risk_class": "rain",
        "risk_label": "Waspada",
        "condition": "Hujan Ringan",
        "temp_c": 20.4,
        "humidity_pct": 92.0,
        "heat_index_c": 20.4,
        "wind_kmh": 5.9,
        "wind_dir": 0.0,
        "cloud_pct": 88.0
      }
    },
    {
      "type": "Feature",
      "geometry": {
        "type": "Point",
        "coordinates": [
          96.85017949357464,
          4.649902718619309
        ]
      },
      "properties": {
        "location_name": "GPM Grid TamaTue",
        "slug": "gpm_grid_tamatue",
        "date": "Senin, 24 Agustus 2026",
        "date_iso": "2026-08-24",
        "relative": "Besok",
        "hour": "18:00",
        "rain_probability": 72.2,
        "risk_score": 72,
        "risk_class": "rain",
        "risk_label": "Waspada",
        "condition": "Hujan Ringan",
        "temp_c": 19.9,
        "humidity_pct": 96.0,
        "heat_index_c": 19.9,
        "wind_kmh": 4.8,
        "wind_dir": 0.0,
        "cloud_pct": 88.0
      }
    },
    {
      "type": "Feature",
      "geometry": {
        "type": "Point",
        "coordinates": [
          96.85017949357464,
          4.649902718619309
        ]
      },
      "properties": {
        "location_name": "GPM Grid TamaTue",
        "slug": "gpm_grid_tamatue",
        "date": "Senin, 24 Agustus 2026",
        "date_iso": "2026-08-24",
        "relative": "Besok",
        "hour": "19:00",
        "rain_probability": 69.1,
        "risk_score": 69,
        "risk_class": "rain",
        "risk_label": "Waspada",
        "condition": "Hujan Ringan",
        "temp_c": 18.6,
        "humidity_pct": 97.0,
        "heat_index_c": 18.6,
        "wind_kmh": 3.8,
        "wind_dir": 0.0,
        "cloud_pct": 88.0
      }
    },
    {
      "type": "Feature",
      "geometry": {
        "type": "Point",
        "coordinates": [
          96.85017949357464,
          4.649902718619309
        ]
      },
      "properties": {
        "location_name": "GPM Grid TamaTue",
        "slug": "gpm_grid_tamatue",
        "date": "Senin, 24 Agustus 2026",
        "date_iso": "2026-08-24",
        "relative": "Besok",
        "hour": "20:00",
        "rain_probability": 28.9,
        "risk_score": 35,
        "risk_class": "watch",
        "risk_label": "Perlu diperhatikan",
        "condition": "Berawan",
        "temp_c": 18.4,
        "humidity_pct": 97.0,
        "heat_index_c": 18.4,
        "wind_kmh": 4.0,
        "wind_dir": 0.0,
        "cloud_pct": 75.0
      }
    },
    {
      "type": "Feature",
      "geometry": {
        "type": "Point",
        "coordinates": [
          96.85017949357464,
          4.649902718619309
        ]
      },
      "properties": {
        "location_name": "GPM Grid TamaTue",
        "slug": "gpm_grid_tamatue",
        "date": "Senin, 24 Agustus 2026",
        "date_iso": "2026-08-24",
        "relative": "Besok",
        "hour": "21:00",
        "rain_probability": 28.9,
        "risk_score": 35,
        "risk_class": "watch",
        "risk_label": "Perlu diperhatikan",
        "condition": "Berawan",
        "temp_c": 18.3,
        "humidity_pct": 95.0,
        "heat_index_c": 18.3,
        "wind_kmh": 3.8,
        "wind_dir": 0.0,
        "cloud_pct": 75.0
      }
    },
    {
      "type": "Feature",
      "geometry": {
        "type": "Point",
        "coordinates": [
          96.85017949357464,
          4.649902718619309
        ]
      },
      "properties": {
        "location_name": "GPM Grid TamaTue",
        "slug": "gpm_grid_tamatue",
        "date": "Senin, 24 Agustus 2026",
        "date_iso": "2026-08-24",
        "relative": "Besok",
        "hour": "22:00",
        "rain_probability": 13.8,
        "risk_score": 26,
        "risk_class": "watch",
        "risk_label": "Perlu diperhatikan",
        "condition": "Berawan",
        "temp_c": 18.0,
        "humidity_pct": 95.0,
        "heat_index_c": 18.0,
        "wind_kmh": 3.8,
        "wind_dir": 0.0,
        "cloud_pct": 75.0
      }
    },
    {
      "type": "Feature",
      "geometry": {
        "type": "Point",
        "coordinates": [
          96.85017949357464,
          4.649902718619309
        ]
      },
      "properties": {
        "location_name": "GPM Grid TamaTue",
        "slug": "gpm_grid_tamatue",
        "date": "Senin, 24 Agustus 2026",
        "date_iso": "2026-08-24",
        "relative": "Besok",
        "hour": "23:00",
        "rain_probability": 0,
        "risk_score": 27,
        "risk_class": "watch",
        "risk_label": "Perlu diperhatikan",
        "condition": "Berawan",
        "temp_c": 17.9,
        "humidity_pct": 96.0,
        "heat_index_c": 17.9,
        "wind_kmh": 4.1,
        "wind_dir": 0.0,
        "cloud_pct": 75.0
      }
    },
    {
      "type": "Feature",
      "geometry": {
        "type": "Point",
        "coordinates": [
          96.85017949357464,
          4.649902718619309
        ]
      },
      "properties": {
        "location_name": "GPM Grid TamaTue",
        "slug": "gpm_grid_tamatue",
        "date": "Selasa, 25 Agustus 2026",
        "date_iso": "2026-08-25",
        "relative": "Lusa",
        "hour": "00:00",
        "rain_probability": 0,
        "risk_score": 27,
        "risk_class": "watch",
        "risk_label": "Perlu diperhatikan",
        "condition": "Berawan",
        "temp_c": 17.9,
        "humidity_pct": 97.0,
        "heat_index_c": 17.9,
        "wind_kmh": 4.0,
        "wind_dir": 0.0,
        "cloud_pct": 75.0
      }
    },
    {
      "type": "Feature",
      "geometry": {
        "type": "Point",
        "coordinates": [
          96.85017949357464,
          4.649902718619309
        ]
      },
      "properties": {
        "location_name": "GPM Grid TamaTue",
        "slug": "gpm_grid_tamatue",
        "date": "Selasa, 25 Agustus 2026",
        "date_iso": "2026-08-25",
        "relative": "Lusa",
        "hour": "01:00",
        "rain_probability": 0,
        "risk_score": 27,
        "risk_class": "watch",
        "risk_label": "Perlu diperhatikan",
        "condition": "Berawan",
        "temp_c": 17.5,
        "humidity_pct": 97.0,
        "heat_index_c": 17.5,
        "wind_kmh": 4.7,
        "wind_dir": 0.0,
        "cloud_pct": 75.0
      }
    },
    {
      "type": "Feature",
      "geometry": {
        "type": "Point",
        "coordinates": [
          96.85017949357464,
          4.649902718619309
        ]
      },
      "properties": {
        "location_name": "GPM Grid TamaTue",
        "slug": "gpm_grid_tamatue",
        "date": "Selasa, 25 Agustus 2026",
        "date_iso": "2026-08-25",
        "relative": "Lusa",
        "hour": "02:00",
        "rain_probability": 0,
        "risk_score": 27,
        "risk_class": "watch",
        "risk_label": "Perlu diperhatikan",
        "condition": "Berawan",
        "temp_c": 17.4,
        "humidity_pct": 97.0,
        "heat_index_c": 17.4,
        "wind_kmh": 4.5,
        "wind_dir": 0.0,
        "cloud_pct": 75.0
      }
    },
    {
      "type": "Feature",
      "geometry": {
        "type": "Point",
        "coordinates": [
          96.85017949357464,
          4.649902718619309
        ]
      },
      "properties": {
        "location_name": "GPM Grid TamaTue",
        "slug": "gpm_grid_tamatue",
        "date": "Selasa, 25 Agustus 2026",
        "date_iso": "2026-08-25",
        "relative": "Lusa",
        "hour": "03:00",
        "rain_probability": 0,
        "risk_score": 27,
        "risk_class": "watch",
        "risk_label": "Perlu diperhatikan",
        "condition": "Berawan",
        "temp_c": 17.4,
        "humidity_pct": 97.0,
        "heat_index_c": 17.4,
        "wind_kmh": 5.3,
        "wind_dir": 0.0,
        "cloud_pct": 75.0
      }
    },
    {
      "type": "Feature",
      "geometry": {
        "type": "Point",
        "coordinates": [
          96.85017949357464,
          4.649902718619309
        ]
      },
      "properties": {
        "location_name": "GPM Grid TamaTue",
        "slug": "gpm_grid_tamatue",
        "date": "Selasa, 25 Agustus 2026",
        "date_iso": "2026-08-25",
        "relative": "Lusa",
        "hour": "04:00",
        "rain_probability": 0,
        "risk_score": 27,
        "risk_class": "watch",
        "risk_label": "Perlu diperhatikan",
        "condition": "Berawan",
        "temp_c": 17.4,
        "humidity_pct": 97.0,
        "heat_index_c": 17.4,
        "wind_kmh": 4.5,
        "wind_dir": 0.0,
        "cloud_pct": 75.0
      }
    },
    {
      "type": "Feature",
      "geometry": {
        "type": "Point",
        "coordinates": [
          96.85017949357464,
          4.649902718619309
        ]
      },
      "properties": {
        "location_name": "GPM Grid TamaTue",
        "slug": "gpm_grid_tamatue",
        "date": "Selasa, 25 Agustus 2026",
        "date_iso": "2026-08-25",
        "relative": "Lusa",
        "hour": "05:00",
        "rain_probability": 0,
        "risk_score": 27,
        "risk_class": "watch",
        "risk_label": "Perlu diperhatikan",
        "condition": "Berawan",
        "temp_c": 17.4,
        "humidity_pct": 97.0,
        "heat_index_c": 17.4,
        "wind_kmh": 4.8,
        "wind_dir": 0.0,
        "cloud_pct": 75.0
      }
    },
    {
      "type": "Feature",
      "geometry": {
        "type": "Point",
        "coordinates": [
          96.85017949357464,
          4.649902718619309
        ]
      },
      "properties": {
        "location_name": "GPM Grid TamaTue",
        "slug": "gpm_grid_tamatue",
        "date": "Selasa, 25 Agustus 2026",
        "date_iso": "2026-08-25",
        "relative": "Lusa",
        "hour": "06:00",
        "rain_probability": 0,
        "risk_score": 27,
        "risk_class": "watch",
        "risk_label": "Perlu diperhatikan",
        "condition": "Berawan",
        "temp_c": 17.4,
        "humidity_pct": 97.0,
        "heat_index_c": 17.4,
        "wind_kmh": 4.2,
        "wind_dir": 0.0,
        "cloud_pct": 75.0
      }
    },
    {
      "type": "Feature",
      "geometry": {
        "type": "Point",
        "coordinates": [
          96.85017949357464,
          4.649902718619309
        ]
      },
      "properties": {
        "location_name": "GPM Grid TamaTue",
        "slug": "gpm_grid_tamatue",
        "date": "Selasa, 25 Agustus 2026",
        "date_iso": "2026-08-25",
        "relative": "Lusa",
        "hour": "07:00",
        "rain_probability": 0,
        "risk_score": 26,
        "risk_class": "watch",
        "risk_label": "Perlu diperhatikan",
        "condition": "Berawan",
        "temp_c": 17.7,
        "humidity_pct": 95.0,
        "heat_index_c": 17.7,
        "wind_kmh": 4.2,
        "wind_dir": 0.0,
        "cloud_pct": 75.0
      }
    },
    {
      "type": "Feature",
      "geometry": {
        "type": "Point",
        "coordinates": [
          96.85017949357464,
          4.649902718619309
        ]
      },
      "properties": {
        "location_name": "GPM Grid TamaTue",
        "slug": "gpm_grid_tamatue",
        "date": "Selasa, 25 Agustus 2026",
        "date_iso": "2026-08-25",
        "relative": "Lusa",
        "hour": "08:00",
        "rain_probability": 14.4,
        "risk_score": 26,
        "risk_class": "watch",
        "risk_label": "Perlu diperhatikan",
        "condition": "Berawan",
        "temp_c": 18.6,
        "humidity_pct": 92.0,
        "heat_index_c": 18.6,
        "wind_kmh": 4.0,
        "wind_dir": 0.0,
        "cloud_pct": 75.0
      }
    },
    {
      "type": "Feature",
      "geometry": {
        "type": "Point",
        "coordinates": [
          96.85017949357464,
          4.649902718619309
        ]
      },
      "properties": {
        "location_name": "GPM Grid TamaTue",
        "slug": "gpm_grid_tamatue",
        "date": "Selasa, 25 Agustus 2026",
        "date_iso": "2026-08-25",
        "relative": "Lusa",
        "hour": "09:00",
        "rain_probability": 14.4,
        "risk_score": 25,
        "risk_class": "safe",
        "risk_label": "Aman",
        "condition": "Berawan",
        "temp_c": 20.5,
        "humidity_pct": 83.0,
        "heat_index_c": 20.5,
        "wind_kmh": 6.0,
        "wind_dir": 0.0,
        "cloud_pct": 75.0
      }
    },
    {
      "type": "Feature",
      "geometry": {
        "type": "Point",
        "coordinates": [
          96.85017949357464,
          4.649902718619309
        ]
      },
      "properties": {
        "location_name": "GPM Grid TamaTue",
        "slug": "gpm_grid_tamatue",
        "date": "Selasa, 25 Agustus 2026",
        "date_iso": "2026-08-25",
        "relative": "Lusa",
        "hour": "10:00",
        "rain_probability": 13.8,
        "risk_score": 24,
        "risk_class": "safe",
        "risk_label": "Aman",
        "condition": "Berawan",
        "temp_c": 22.0,
        "humidity_pct": 78.0,
        "heat_index_c": 22.0,
        "wind_kmh": 5.8,
        "wind_dir": 0.0,
        "cloud_pct": 75.0
      }
    },
    {
      "type": "Feature",
      "geometry": {
        "type": "Point",
        "coordinates": [
          96.85017949357464,
          4.649902718619309
        ]
      },
      "properties": {
        "location_name": "GPM Grid TamaTue",
        "slug": "gpm_grid_tamatue",
        "date": "Selasa, 25 Agustus 2026",
        "date_iso": "2026-08-25",
        "relative": "Lusa",
        "hour": "11:00",
        "rain_probability": 43.3,
        "risk_score": 43,
        "risk_class": "watch",
        "risk_label": "Perlu diperhatikan",
        "condition": "Berawan",
        "temp_c": 23.0,
        "humidity_pct": 74.0,
        "heat_index_c": 23.0,
        "wind_kmh": 5.9,
        "wind_dir": 0.0,
        "cloud_pct": 75.0
      }
    },
    {
      "type": "Feature",
      "geometry": {
        "type": "Point",
        "coordinates": [
          96.85017949357464,
          4.649902718619309
        ]
      },
      "properties": {
        "location_name": "GPM Grid TamaTue",
        "slug": "gpm_grid_tamatue",
        "date": "Selasa, 25 Agustus 2026",
        "date_iso": "2026-08-25",
        "relative": "Lusa",
        "hour": "12:00",
        "rain_probability": 43.3,
        "risk_score": 43,
        "risk_class": "watch",
        "risk_label": "Perlu diperhatikan",
        "condition": "Hujan Ringan",
        "temp_c": 24.3,
        "humidity_pct": 71.0,
        "heat_index_c": 24.3,
        "wind_kmh": 7.1,
        "wind_dir": 0.0,
        "cloud_pct": 75.0
      }
    },
    {
      "type": "Feature",
      "geometry": {
        "type": "Point",
        "coordinates": [
          96.85017949357464,
          4.649902718619309
        ]
      },
      "properties": {
        "location_name": "GPM Grid TamaTue",
        "slug": "gpm_grid_tamatue",
        "date": "Selasa, 25 Agustus 2026",
        "date_iso": "2026-08-25",
        "relative": "Lusa",
        "hour": "13:00",
        "rain_probability": 41.4,
        "risk_score": 42,
        "risk_class": "watch",
        "risk_label": "Perlu diperhatikan",
        "condition": "Hujan Ringan",
        "temp_c": 24.8,
        "humidity_pct": 71.0,
        "heat_index_c": 24.8,
        "wind_kmh": 7.1,
        "wind_dir": 0.0,
        "cloud_pct": 75.0
      }
    },
    {
      "type": "Feature",
      "geometry": {
        "type": "Point",
        "coordinates": [
          96.85017949357464,
          4.649902718619309
        ]
      },
      "properties": {
        "location_name": "GPM Grid TamaTue",
        "slug": "gpm_grid_tamatue",
        "date": "Selasa, 25 Agustus 2026",
        "date_iso": "2026-08-25",
        "relative": "Lusa",
        "hour": "14:00",
        "rain_probability": 57.7,
        "risk_score": 58,
        "risk_class": "rain",
        "risk_label": "Waspada",
        "condition": "Hujan Ringan",
        "temp_c": 24.5,
        "humidity_pct": 71.0,
        "heat_index_c": 24.5,
        "wind_kmh": 7.3,
        "wind_dir": 0.0,
        "cloud_pct": 88.0
      }
    },
    {
      "type": "Feature",
      "geometry": {
        "type": "Point",
        "coordinates": [
          96.85017949357464,
          4.649902718619309
        ]
      },
      "properties": {
        "location_name": "GPM Grid TamaTue",
        "slug": "gpm_grid_tamatue",
        "date": "Selasa, 25 Agustus 2026",
        "date_iso": "2026-08-25",
        "relative": "Lusa",
        "hour": "15:00",
        "rain_probability": 72.1,
        "risk_score": 72,
        "risk_class": "rain",
        "risk_label": "Waspada",
        "condition": "Hujan Ringan",
        "temp_c": 24.1,
        "humidity_pct": 81.0,
        "heat_index_c": 24.1,
        "wind_kmh": 7.0,
        "wind_dir": 0.0,
        "cloud_pct": 88.0
      }
    },
    {
      "type": "Feature",
      "geometry": {
        "type": "Point",
        "coordinates": [
          96.85017949357464,
          4.649902718619309
        ]
      },
      "properties": {
        "location_name": "GPM Grid TamaTue",
        "slug": "gpm_grid_tamatue",
        "date": "Selasa, 25 Agustus 2026",
        "date_iso": "2026-08-25",
        "relative": "Lusa",
        "hour": "16:00",
        "rain_probability": 69.0,
        "risk_score": 69,
        "risk_class": "rain",
        "risk_label": "Waspada",
        "condition": "Hujan Ringan",
        "temp_c": 23.0,
        "humidity_pct": 86.0,
        "heat_index_c": 23.0,
        "wind_kmh": 6.2,
        "wind_dir": 0.0,
        "cloud_pct": 88.0
      }
    },
    {
      "type": "Feature",
      "geometry": {
        "type": "Point",
        "coordinates": [
          96.85017949357464,
          4.649902718619309
        ]
      },
      "properties": {
        "location_name": "GPM Grid TamaTue",
        "slug": "gpm_grid_tamatue",
        "date": "Selasa, 25 Agustus 2026",
        "date_iso": "2026-08-25",
        "relative": "Lusa",
        "hour": "17:00",
        "rain_probability": 72.1,
        "risk_score": 72,
        "risk_class": "rain",
        "risk_label": "Waspada",
        "condition": "Hujan Ringan",
        "temp_c": 22.7,
        "humidity_pct": 88.0,
        "heat_index_c": 22.7,
        "wind_kmh": 5.4,
        "wind_dir": 0.0,
        "cloud_pct": 88.0
      }
    },
    {
      "type": "Feature",
      "geometry": {
        "type": "Point",
        "coordinates": [
          96.85017949357464,
          4.649902718619309
        ]
      },
      "properties": {
        "location_name": "GPM Grid TamaTue",
        "slug": "gpm_grid_tamatue",
        "date": "Selasa, 25 Agustus 2026",
        "date_iso": "2026-08-25",
        "relative": "Lusa",
        "hour": "18:00",
        "rain_probability": 57.7,
        "risk_score": 58,
        "risk_class": "rain",
        "risk_label": "Waspada",
        "condition": "Hujan Ringan",
        "temp_c": 20.3,
        "humidity_pct": 90.0,
        "heat_index_c": 20.3,
        "wind_kmh": 4.7,
        "wind_dir": 0.0,
        "cloud_pct": 88.0
      }
    },
    {
      "type": "Feature",
      "geometry": {
        "type": "Point",
        "coordinates": [
          96.85017949357464,
          4.649902718619309
        ]
      },
      "properties": {
        "location_name": "GPM Grid TamaTue",
        "slug": "gpm_grid_tamatue",
        "date": "Selasa, 25 Agustus 2026",
        "date_iso": "2026-08-25",
        "relative": "Lusa",
        "hour": "19:00",
        "rain_probability": 55.2,
        "risk_score": 55,
        "risk_class": "rain",
        "risk_label": "Waspada",
        "condition": "Hujan Ringan",
        "temp_c": 19.0,
        "humidity_pct": 95.0,
        "heat_index_c": 19.0,
        "wind_kmh": 4.4,
        "wind_dir": 0.0,
        "cloud_pct": 88.0
      }
    },
    {
      "type": "Feature",
      "geometry": {
        "type": "Point",
        "coordinates": [
          96.85017949357464,
          4.649902718619309
        ]
      },
      "properties": {
        "location_name": "GPM Grid TamaTue",
        "slug": "gpm_grid_tamatue",
        "date": "Selasa, 25 Agustus 2026",
        "date_iso": "2026-08-25",
        "relative": "Lusa",
        "hour": "20:00",
        "rain_probability": 28.9,
        "risk_score": 35,
        "risk_class": "watch",
        "risk_label": "Perlu diperhatikan",
        "condition": "Berawan",
        "temp_c": 18.6,
        "humidity_pct": 96.0,
        "heat_index_c": 18.6,
        "wind_kmh": 4.0,
        "wind_dir": 0.0,
        "cloud_pct": 75.0
      }
    },
    {
      "type": "Feature",
      "geometry": {
        "type": "Point",
        "coordinates": [
          96.85017949357464,
          4.649902718619309
        ]
      },
      "properties": {
        "location_name": "GPM Grid TamaTue",
        "slug": "gpm_grid_tamatue",
        "date": "Selasa, 25 Agustus 2026",
        "date_iso": "2026-08-25",
        "relative": "Lusa",
        "hour": "21:00",
        "rain_probability": 28.9,
        "risk_score": 36,
        "risk_class": "watch",
        "risk_label": "Perlu diperhatikan",
        "condition": "Berawan",
        "temp_c": 18.0,
        "humidity_pct": 96.0,
        "heat_index_c": 18.0,
        "wind_kmh": 4.3,
        "wind_dir": 0.0,
        "cloud_pct": 75.0
      }
    },
    {
      "type": "Feature",
      "geometry": {
        "type": "Point",
        "coordinates": [
          96.85017949357464,
          4.649902718619309
        ]
      },
      "properties": {
        "location_name": "GPM Grid TamaTue",
        "slug": "gpm_grid_tamatue",
        "date": "Selasa, 25 Agustus 2026",
        "date_iso": "2026-08-25",
        "relative": "Lusa",
        "hour": "22:00",
        "rain_probability": 27.6,
        "risk_score": 35,
        "risk_class": "watch",
        "risk_label": "Perlu diperhatikan",
        "condition": "Berawan",
        "temp_c": 17.7,
        "humidity_pct": 96.0,
        "heat_index_c": 17.7,
        "wind_kmh": 4.5,
        "wind_dir": 0.0,
        "cloud_pct": 75.0
      }
    },
    {
      "type": "Feature",
      "geometry": {
        "type": "Point",
        "coordinates": [
          96.85017949357464,
          4.649902718619309
        ]
      },
      "properties": {
        "location_name": "GPM Grid TamaTue",
        "slug": "gpm_grid_tamatue",
        "date": "Selasa, 25 Agustus 2026",
        "date_iso": "2026-08-25",
        "relative": "Lusa",
        "hour": "23:00",
        "rain_probability": 14.4,
        "risk_score": 27,
        "risk_class": "watch",
        "risk_label": "Perlu diperhatikan",
        "condition": "Berawan",
        "temp_c": 17.6,
        "humidity_pct": 97.0,
        "heat_index_c": 17.6,
        "wind_kmh": 4.2,
        "wind_dir": 0.0,
        "cloud_pct": 75.0
      }
    },
    {
      "type": "Feature",
      "geometry": {
        "type": "Point",
        "coordinates": [
          96.977344,
          4.748139
        ]
      },
      "properties": {
        "location_name": "PLTA Redelong",
        "slug": "plta_redelong",
        "date": "Minggu, 23 Agustus 2026",
        "date_iso": "2026-08-23",
        "relative": "Hari ini",
        "hour": "00:00",
        "rain_probability": 0,
        "risk_score": 27,
        "risk_class": "watch",
        "risk_label": "Perlu diperhatikan",
        "condition": "Berawan",
        "temp_c": 19.0,
        "humidity_pct": 97.0,
        "heat_index_c": 19.0,
        "wind_kmh": 1.9,
        "wind_dir": 0.0,
        "cloud_pct": 75.0
      }
    },
    {
      "type": "Feature",
      "geometry": {
        "type": "Point",
        "coordinates": [
          96.977344,
          4.748139
        ]
      },
      "properties": {
        "location_name": "PLTA Redelong",
        "slug": "plta_redelong",
        "date": "Minggu, 23 Agustus 2026",
        "date_iso": "2026-08-23",
        "relative": "Hari ini",
        "hour": "01:00",
        "rain_probability": 0,
        "risk_score": 27,
        "risk_class": "watch",
        "risk_label": "Perlu diperhatikan",
        "condition": "Berawan",
        "temp_c": 18.7,
        "humidity_pct": 96.0,
        "heat_index_c": 18.7,
        "wind_kmh": 2.3,
        "wind_dir": 0.0,
        "cloud_pct": 75.0
      }
    },
    {
      "type": "Feature",
      "geometry": {
        "type": "Point",
        "coordinates": [
          96.977344,
          4.748139
        ]
      },
      "properties": {
        "location_name": "PLTA Redelong",
        "slug": "plta_redelong",
        "date": "Minggu, 23 Agustus 2026",
        "date_iso": "2026-08-23",
        "relative": "Hari ini",
        "hour": "02:00",
        "rain_probability": 0,
        "risk_score": 27,
        "risk_class": "watch",
        "risk_label": "Perlu diperhatikan",
        "condition": "Berawan",
        "temp_c": 18.3,
        "humidity_pct": 96.0,
        "heat_index_c": 18.3,
        "wind_kmh": 2.6,
        "wind_dir": 0.0,
        "cloud_pct": 75.0
      }
    },
    {
      "type": "Feature",
      "geometry": {
        "type": "Point",
        "coordinates": [
          96.977344,
          4.748139
        ]
      },
      "properties": {
        "location_name": "PLTA Redelong",
        "slug": "plta_redelong",
        "date": "Minggu, 23 Agustus 2026",
        "date_iso": "2026-08-23",
        "relative": "Hari ini",
        "hour": "03:00",
        "rain_probability": 0,
        "risk_score": 27,
        "risk_class": "watch",
        "risk_label": "Perlu diperhatikan",
        "condition": "Berawan",
        "temp_c": 18.2,
        "humidity_pct": 96.0,
        "heat_index_c": 18.2,
        "wind_kmh": 2.8,
        "wind_dir": 0.0,
        "cloud_pct": 75.0
      }
    },
    {
      "type": "Feature",
      "geometry": {
        "type": "Point",
        "coordinates": [
          96.977344,
          4.748139
        ]
      },
      "properties": {
        "location_name": "PLTA Redelong",
        "slug": "plta_redelong",
        "date": "Minggu, 23 Agustus 2026",
        "date_iso": "2026-08-23",
        "relative": "Hari ini",
        "hour": "04:00",
        "rain_probability": 0,
        "risk_score": 24,
        "risk_class": "safe",
        "risk_label": "Aman",
        "condition": "Berawan",
        "temp_c": 18.2,
        "humidity_pct": 96.0,
        "heat_index_c": 18.2,
        "wind_kmh": 3.6,
        "wind_dir": 0.0,
        "cloud_pct": 45.0
      }
    },
    {
      "type": "Feature",
      "geometry": {
        "type": "Point",
        "coordinates": [
          96.977344,
          4.748139
        ]
      },
      "properties": {
        "location_name": "PLTA Redelong",
        "slug": "plta_redelong",
        "date": "Minggu, 23 Agustus 2026",
        "date_iso": "2026-08-23",
        "relative": "Hari ini",
        "hour": "05:00",
        "rain_probability": 0,
        "risk_score": 24,
        "risk_class": "safe",
        "risk_label": "Aman",
        "condition": "Cerah Berawan",
        "temp_c": 18.3,
        "humidity_pct": 97.0,
        "heat_index_c": 18.3,
        "wind_kmh": 4.3,
        "wind_dir": 0.0,
        "cloud_pct": 45.0
      }
    },
    {
      "type": "Feature",
      "geometry": {
        "type": "Point",
        "coordinates": [
          96.977344,
          4.748139
        ]
      },
      "properties": {
        "location_name": "PLTA Redelong",
        "slug": "plta_redelong",
        "date": "Minggu, 23 Agustus 2026",
        "date_iso": "2026-08-23",
        "relative": "Hari ini",
        "hour": "06:00",
        "rain_probability": 0,
        "risk_score": 24,
        "risk_class": "safe",
        "risk_label": "Aman",
        "condition": "Cerah Berawan",
        "temp_c": 18.4,
        "humidity_pct": 97.0,
        "heat_index_c": 18.4,
        "wind_kmh": 5.1,
        "wind_dir": 0.0,
        "cloud_pct": 45.0
      }
    },
    {
      "type": "Feature",
      "geometry": {
        "type": "Point",
        "coordinates": [
          96.977344,
          4.748139
        ]
      },
      "properties": {
        "location_name": "PLTA Redelong",
        "slug": "plta_redelong",
        "date": "Minggu, 23 Agustus 2026",
        "date_iso": "2026-08-23",
        "relative": "Hari ini",
        "hour": "07:00",
        "rain_probability": 0,
        "risk_score": 24,
        "risk_class": "safe",
        "risk_label": "Aman",
        "condition": "Cerah Berawan",
        "temp_c": 19.0,
        "humidity_pct": 95.0,
        "heat_index_c": 19.0,
        "wind_kmh": 4.6,
        "wind_dir": 0.0,
        "cloud_pct": 45.0
      }
    },
    {
      "type": "Feature",
      "geometry": {
        "type": "Point",
        "coordinates": [
          96.977344,
          4.748139
        ]
      },
      "properties": {
        "location_name": "PLTA Redelong",
        "slug": "plta_redelong",
        "date": "Minggu, 23 Agustus 2026",
        "date_iso": "2026-08-23",
        "relative": "Hari ini",
        "hour": "08:00",
        "rain_probability": 14.4,
        "risk_score": 28,
        "risk_class": "watch",
        "risk_label": "Perlu diperhatikan",
        "condition": "Cerah",
        "temp_c": 21.2,
        "humidity_pct": 91.0,
        "heat_index_c": 21.2,
        "wind_kmh": 2.9,
        "wind_dir": 0.0,
        "cloud_pct": 45.0
      }
    },
    {
      "type": "Feature",
      "geometry": {
        "type": "Point",
        "coordinates": [
          96.977344,
          4.748139
        ]
      },
      "properties": {
        "location_name": "PLTA Redelong",
        "slug": "plta_redelong",
        "date": "Minggu, 23 Agustus 2026",
        "date_iso": "2026-08-23",
        "relative": "Hari ini",
        "hour": "09:00",
        "rain_probability": 14.4,
        "risk_score": 26,
        "risk_class": "watch",
        "risk_label": "Perlu diperhatikan",
        "condition": "Cerah",
        "temp_c": 23.4,
        "humidity_pct": 84.0,
        "heat_index_c": 23.4,
        "wind_kmh": 2.5,
        "wind_dir": 0.0,
        "cloud_pct": 15.0
      }
    },
    {
      "type": "Feature",
      "geometry": {
        "type": "Point",
        "coordinates": [
          96.977344,
          4.748139
        ]
      },
      "properties": {
        "location_name": "PLTA Redelong",
        "slug": "plta_redelong",
        "date": "Minggu, 23 Agustus 2026",
        "date_iso": "2026-08-23",
        "relative": "Hari ini",
        "hour": "10:00",
        "rain_probability": 13.8,
        "risk_score": 25,
        "risk_class": "watch",
        "risk_label": "Perlu diperhatikan",
        "condition": "Cerah",
        "temp_c": 24.2,
        "humidity_pct": 75.0,
        "heat_index_c": 24.2,
        "wind_kmh": 4.7,
        "wind_dir": 0.0,
        "cloud_pct": 45.0
      }
    },
    {
      "type": "Feature",
      "geometry": {
        "type": "Point",
        "coordinates": [
          96.977344,
          4.748139
        ]
      },
      "properties": {
        "location_name": "PLTA Redelong",
        "slug": "plta_redelong",
        "date": "Minggu, 23 Agustus 2026",
        "date_iso": "2026-08-23",
        "relative": "Hari ini",
        "hour": "11:00",
        "rain_probability": 43.2,
        "risk_score": 48,
        "risk_class": "watch",
        "risk_label": "Perlu diperhatikan",
        "condition": "Hujan Ringan",
        "temp_c": 25.2,
        "humidity_pct": 73.0,
        "heat_index_c": 25.2,
        "wind_kmh": 7.1,
        "wind_dir": 0.0,
        "cloud_pct": 75.0
      }
    },
    {
      "type": "Feature",
      "geometry": {
        "type": "Point",
        "coordinates": [
          96.977344,
          4.748139
        ]
      },
      "properties": {
        "location_name": "PLTA Redelong",
        "slug": "plta_redelong",
        "date": "Minggu, 23 Agustus 2026",
        "date_iso": "2026-08-23",
        "relative": "Hari ini",
        "hour": "12:00",
        "rain_probability": 43.2,
        "risk_score": 65,
        "risk_class": "rain",
        "risk_label": "Waspada",
        "condition": "Hujan Ringan",
        "temp_c": 25.9,
        "humidity_pct": 69.0,
        "heat_index_c": 25.9,
        "wind_kmh": 8.4,
        "wind_dir": 0.0,
        "cloud_pct": 75.0
      }
    },
    {
      "type": "Feature",
      "geometry": {
        "type": "Point",
        "coordinates": [
          96.977344,
          4.748139
        ]
      },
      "properties": {
        "location_name": "PLTA Redelong",
        "slug": "plta_redelong",
        "date": "Minggu, 23 Agustus 2026",
        "date_iso": "2026-08-23",
        "relative": "Hari ini",
        "hour": "13:00",
        "rain_probability": 55.2,
        "risk_score": 71,
        "risk_class": "rain",
        "risk_label": "Waspada",
        "condition": "Hujan Ringan",
        "temp_c": 25.7,
        "humidity_pct": 71.0,
        "heat_index_c": 25.7,
        "wind_kmh": 8.7,
        "wind_dir": 0.0,
        "cloud_pct": 88.0
      }
    },
    {
      "type": "Feature",
      "geometry": {
        "type": "Point",
        "coordinates": [
          96.977344,
          4.748139
        ]
      },
      "properties": {
        "location_name": "PLTA Redelong",
        "slug": "plta_redelong",
        "date": "Minggu, 23 Agustus 2026",
        "date_iso": "2026-08-23",
        "relative": "Hari ini",
        "hour": "14:00",
        "rain_probability": 72.1,
        "risk_score": 72,
        "risk_class": "rain",
        "risk_label": "Waspada",
        "condition": "Hujan Ringan",
        "temp_c": 25.6,
        "humidity_pct": 72.0,
        "heat_index_c": 25.6,
        "wind_kmh": 6.7,
        "wind_dir": 0.0,
        "cloud_pct": 88.0
      }
    },
    {
      "type": "Feature",
      "geometry": {
        "type": "Point",
        "coordinates": [
          96.977344,
          4.748139
        ]
      },
      "properties": {
        "location_name": "PLTA Redelong",
        "slug": "plta_redelong",
        "date": "Minggu, 23 Agustus 2026",
        "date_iso": "2026-08-23",
        "relative": "Hari ini",
        "hour": "15:00",
        "rain_probability": 86.5,
        "risk_score": 86,
        "risk_class": "danger",
        "risk_label": "Berpotensi signifikan",
        "condition": "Hujan Ringan",
        "temp_c": 24.4,
        "humidity_pct": 81.0,
        "heat_index_c": 24.4,
        "wind_kmh": 5.5,
        "wind_dir": 0.0,
        "cloud_pct": 88.0
      }
    },
    {
      "type": "Feature",
      "geometry": {
        "type": "Point",
        "coordinates": [
          96.977344,
          4.748139
        ]
      },
      "properties": {
        "location_name": "PLTA Redelong",
        "slug": "plta_redelong",
        "date": "Minggu, 23 Agustus 2026",
        "date_iso": "2026-08-23",
        "relative": "Hari ini",
        "hour": "16:00",
        "rain_probability": 82.8,
        "risk_score": 83,
        "risk_class": "danger",
        "risk_label": "Berpotensi signifikan",
        "condition": "Hujan Ringan",
        "temp_c": 22.8,
        "humidity_pct": 91.0,
        "heat_index_c": 22.8,
        "wind_kmh": 4.1,
        "wind_dir": 0.0,
        "cloud_pct": 88.0
      }
    },
    {
      "type": "Feature",
      "geometry": {
        "type": "Point",
        "coordinates": [
          96.977344,
          4.748139
        ]
      },
      "properties": {
        "location_name": "PLTA Redelong",
        "slug": "plta_redelong",
        "date": "Minggu, 23 Agustus 2026",
        "date_iso": "2026-08-23",
        "relative": "Hari ini",
        "hour": "17:00",
        "rain_probability": 86.5,
        "risk_score": 86,
        "risk_class": "danger",
        "risk_label": "Berpotensi signifikan",
        "condition": "Hujan Ringan",
        "temp_c": 22.3,
        "humidity_pct": 91.0,
        "heat_index_c": 22.3,
        "wind_kmh": 3.4,
        "wind_dir": 0.0,
        "cloud_pct": 88.0
      }
    },
    {
      "type": "Feature",
      "geometry": {
        "type": "Point",
        "coordinates": [
          96.977344,
          4.748139
        ]
      },
      "properties": {
        "location_name": "PLTA Redelong",
        "slug": "plta_redelong",
        "date": "Minggu, 23 Agustus 2026",
        "date_iso": "2026-08-23",
        "relative": "Hari ini",
        "hour": "18:00",
        "rain_probability": 86.5,
        "risk_score": 86,
        "risk_class": "danger",
        "risk_label": "Berpotensi signifikan",
        "condition": "Hujan Ringan",
        "temp_c": 21.5,
        "humidity_pct": 95.0,
        "heat_index_c": 21.5,
        "wind_kmh": 2.9,
        "wind_dir": 0.0,
        "cloud_pct": 88.0
      }
    },
    {
      "type": "Feature",
      "geometry": {
        "type": "Point",
        "coordinates": [
          96.977344,
          4.748139
        ]
      },
      "properties": {
        "location_name": "PLTA Redelong",
        "slug": "plta_redelong",
        "date": "Minggu, 23 Agustus 2026",
        "date_iso": "2026-08-23",
        "relative": "Hari ini",
        "hour": "19:00",
        "rain_probability": 82.8,
        "risk_score": 83,
        "risk_class": "danger",
        "risk_label": "Berpotensi signifikan",
        "condition": "Hujan Ringan",
        "temp_c": 20.6,
        "humidity_pct": 96.0,
        "heat_index_c": 20.6,
        "wind_kmh": 2.2,
        "wind_dir": 0.0,
        "cloud_pct": 88.0
      }
    },
    {
      "type": "Feature",
      "geometry": {
        "type": "Point",
        "coordinates": [
          96.977344,
          4.748139
        ]
      },
      "properties": {
        "location_name": "PLTA Redelong",
        "slug": "plta_redelong",
        "date": "Minggu, 23 Agustus 2026",
        "date_iso": "2026-08-23",
        "relative": "Hari ini",
        "hour": "20:00",
        "rain_probability": 43.2,
        "risk_score": 67,
        "risk_class": "rain",
        "risk_label": "Waspada",
        "condition": "Berawan",
        "temp_c": 20.3,
        "humidity_pct": 96.0,
        "heat_index_c": 20.3,
        "wind_kmh": 2.9,
        "wind_dir": 0.0,
        "cloud_pct": 75.0
      }
    },
    {
      "type": "Feature",
      "geometry": {
        "type": "Point",
        "coordinates": [
          96.977344,
          4.748139
        ]
      },
      "properties": {
        "location_name": "PLTA Redelong",
        "slug": "plta_redelong",
        "date": "Minggu, 23 Agustus 2026",
        "date_iso": "2026-08-23",
        "relative": "Hari ini",
        "hour": "21:00",
        "rain_probability": 43.2,
        "risk_score": 57,
        "risk_class": "rain",
        "risk_label": "Waspada",
        "condition": "Berawan",
        "temp_c": 19.8,
        "humidity_pct": 96.0,
        "heat_index_c": 19.8,
        "wind_kmh": 2.6,
        "wind_dir": 0.0,
        "cloud_pct": 75.0
      }
    },
    {
      "type": "Feature",
      "geometry": {
        "type": "Point",
        "coordinates": [
          96.977344,
          4.748139
        ]
      },
      "properties": {
        "location_name": "PLTA Redelong",
        "slug": "plta_redelong",
        "date": "Minggu, 23 Agustus 2026",
        "date_iso": "2026-08-23",
        "relative": "Hari ini",
        "hour": "22:00",
        "rain_probability": 27.6,
        "risk_score": 38,
        "risk_class": "watch",
        "risk_label": "Perlu diperhatikan",
        "condition": "Berawan",
        "temp_c": 19.6,
        "humidity_pct": 96.0,
        "heat_index_c": 19.6,
        "wind_kmh": 3.2,
        "wind_dir": 0.0,
        "cloud_pct": 75.0
      }
    },
    {
      "type": "Feature",
      "geometry": {
        "type": "Point",
        "coordinates": [
          96.977344,
          4.748139
        ]
      },
      "properties": {
        "location_name": "PLTA Redelong",
        "slug": "plta_redelong",
        "date": "Minggu, 23 Agustus 2026",
        "date_iso": "2026-08-23",
        "relative": "Hari ini",
        "hour": "23:00",
        "rain_probability": 0,
        "risk_score": 27,
        "risk_class": "watch",
        "risk_label": "Perlu diperhatikan",
        "condition": "Berawan",
        "temp_c": 18.9,
        "humidity_pct": 96.0,
        "heat_index_c": 18.9,
        "wind_kmh": 4.5,
        "wind_dir": 0.0,
        "cloud_pct": 75.0
      }
    },
    {
      "type": "Feature",
      "geometry": {
        "type": "Point",
        "coordinates": [
          96.977344,
          4.748139
        ]
      },
      "properties": {
        "location_name": "PLTA Redelong",
        "slug": "plta_redelong",
        "date": "Senin, 24 Agustus 2026",
        "date_iso": "2026-08-24",
        "relative": "Besok",
        "hour": "00:00",
        "rain_probability": 14.4,
        "risk_score": 29,
        "risk_class": "watch",
        "risk_label": "Perlu diperhatikan",
        "condition": "Cerah Berawan",
        "temp_c": 18.8,
        "humidity_pct": 98.0,
        "heat_index_c": 18.8,
        "wind_kmh": 4.8,
        "wind_dir": 0.0,
        "cloud_pct": 75.0
      }
    },
    {
      "type": "Feature",
      "geometry": {
        "type": "Point",
        "coordinates": [
          96.977344,
          4.748139
        ]
      },
      "properties": {
        "location_name": "PLTA Redelong",
        "slug": "plta_redelong",
        "date": "Senin, 24 Agustus 2026",
        "date_iso": "2026-08-24",
        "relative": "Besok",
        "hour": "01:00",
        "rain_probability": 13.8,
        "risk_score": 29,
        "risk_class": "watch",
        "risk_label": "Perlu diperhatikan",
        "condition": "Berawan",
        "temp_c": 18.7,
        "humidity_pct": 98.0,
        "heat_index_c": 18.7,
        "wind_kmh": 4.5,
        "wind_dir": 0.0,
        "cloud_pct": 75.0
      }
    },
    {
      "type": "Feature",
      "geometry": {
        "type": "Point",
        "coordinates": [
          96.977344,
          4.748139
        ]
      },
      "properties": {
        "location_name": "PLTA Redelong",
        "slug": "plta_redelong",
        "date": "Senin, 24 Agustus 2026",
        "date_iso": "2026-08-24",
        "relative": "Besok",
        "hour": "02:00",
        "rain_probability": 14.4,
        "risk_score": 30,
        "risk_class": "watch",
        "risk_label": "Perlu diperhatikan",
        "condition": "Cerah Berawan",
        "temp_c": 18.4,
        "humidity_pct": 98.0,
        "heat_index_c": 18.4,
        "wind_kmh": 4.5,
        "wind_dir": 0.0,
        "cloud_pct": 75.0
      }
    },
    {
      "type": "Feature",
      "geometry": {
        "type": "Point",
        "coordinates": [
          96.977344,
          4.748139
        ]
      },
      "properties": {
        "location_name": "PLTA Redelong",
        "slug": "plta_redelong",
        "date": "Senin, 24 Agustus 2026",
        "date_iso": "2026-08-24",
        "relative": "Besok",
        "hour": "03:00",
        "rain_probability": 14.4,
        "risk_score": 30,
        "risk_class": "watch",
        "risk_label": "Perlu diperhatikan",
        "condition": "Berawan",
        "temp_c": 18.1,
        "humidity_pct": 97.0,
        "heat_index_c": 18.1,
        "wind_kmh": 4.9,
        "wind_dir": 0.0,
        "cloud_pct": 75.0
      }
    },
    {
      "type": "Feature",
      "geometry": {
        "type": "Point",
        "coordinates": [
          96.977344,
          4.748139
        ]
      },
      "properties": {
        "location_name": "PLTA Redelong",
        "slug": "plta_redelong",
        "date": "Senin, 24 Agustus 2026",
        "date_iso": "2026-08-24",
        "relative": "Besok",
        "hour": "04:00",
        "rain_probability": 0,
        "risk_score": 27,
        "risk_class": "watch",
        "risk_label": "Perlu diperhatikan",
        "condition": "Berawan",
        "temp_c": 17.9,
        "humidity_pct": 97.0,
        "heat_index_c": 17.9,
        "wind_kmh": 5.4,
        "wind_dir": 0.0,
        "cloud_pct": 75.0
      }
    },
    {
      "type": "Feature",
      "geometry": {
        "type": "Point",
        "coordinates": [
          96.977344,
          4.748139
        ]
      },
      "properties": {
        "location_name": "PLTA Redelong",
        "slug": "plta_redelong",
        "date": "Senin, 24 Agustus 2026",
        "date_iso": "2026-08-24",
        "relative": "Besok",
        "hour": "05:00",
        "rain_probability": 0,
        "risk_score": 27,
        "risk_class": "watch",
        "risk_label": "Perlu diperhatikan",
        "condition": "Berawan",
        "temp_c": 17.8,
        "humidity_pct": 97.0,
        "heat_index_c": 17.8,
        "wind_kmh": 6.2,
        "wind_dir": 0.0,
        "cloud_pct": 75.0
      }
    },
    {
      "type": "Feature",
      "geometry": {
        "type": "Point",
        "coordinates": [
          96.977344,
          4.748139
        ]
      },
      "properties": {
        "location_name": "PLTA Redelong",
        "slug": "plta_redelong",
        "date": "Senin, 24 Agustus 2026",
        "date_iso": "2026-08-24",
        "relative": "Besok",
        "hour": "06:00",
        "rain_probability": 0,
        "risk_score": 26,
        "risk_class": "watch",
        "risk_label": "Perlu diperhatikan",
        "condition": "Berawan",
        "temp_c": 17.9,
        "humidity_pct": 95.0,
        "heat_index_c": 17.9,
        "wind_kmh": 6.5,
        "wind_dir": 0.0,
        "cloud_pct": 75.0
      }
    },
    {
      "type": "Feature",
      "geometry": {
        "type": "Point",
        "coordinates": [
          96.977344,
          4.748139
        ]
      },
      "properties": {
        "location_name": "PLTA Redelong",
        "slug": "plta_redelong",
        "date": "Senin, 24 Agustus 2026",
        "date_iso": "2026-08-24",
        "relative": "Besok",
        "hour": "07:00",
        "rain_probability": 0,
        "risk_score": 26,
        "risk_class": "watch",
        "risk_label": "Perlu diperhatikan",
        "condition": "Berawan",
        "temp_c": 18.0,
        "humidity_pct": 94.0,
        "heat_index_c": 18.0,
        "wind_kmh": 6.0,
        "wind_dir": 0.0,
        "cloud_pct": 75.0
      }
    },
    {
      "type": "Feature",
      "geometry": {
        "type": "Point",
        "coordinates": [
          96.977344,
          4.748139
        ]
      },
      "properties": {
        "location_name": "PLTA Redelong",
        "slug": "plta_redelong",
        "date": "Senin, 24 Agustus 2026",
        "date_iso": "2026-08-24",
        "relative": "Besok",
        "hour": "08:00",
        "rain_probability": 0,
        "risk_score": 26,
        "risk_class": "watch",
        "risk_label": "Perlu diperhatikan",
        "condition": "Berawan",
        "temp_c": 20.4,
        "humidity_pct": 90.0,
        "heat_index_c": 20.4,
        "wind_kmh": 3.6,
        "wind_dir": 0.0,
        "cloud_pct": 75.0
      }
    },
    {
      "type": "Feature",
      "geometry": {
        "type": "Point",
        "coordinates": [
          96.977344,
          4.748139
        ]
      },
      "properties": {
        "location_name": "PLTA Redelong",
        "slug": "plta_redelong",
        "date": "Senin, 24 Agustus 2026",
        "date_iso": "2026-08-24",
        "relative": "Besok",
        "hour": "09:00",
        "rain_probability": 14.4,
        "risk_score": 24,
        "risk_class": "safe",
        "risk_label": "Aman",
        "condition": "Berawan",
        "temp_c": 22.8,
        "humidity_pct": 78.0,
        "heat_index_c": 22.8,
        "wind_kmh": 1.1,
        "wind_dir": 0.0,
        "cloud_pct": 75.0
      }
    },
    {
      "type": "Feature",
      "geometry": {
        "type": "Point",
        "coordinates": [
          96.977344,
          4.748139
        ]
      },
      "properties": {
        "location_name": "PLTA Redelong",
        "slug": "plta_redelong",
        "date": "Senin, 24 Agustus 2026",
        "date_iso": "2026-08-24",
        "relative": "Besok",
        "hour": "10:00",
        "rain_probability": 13.8,
        "risk_score": 24,
        "risk_class": "safe",
        "risk_label": "Aman",
        "condition": "Berawan",
        "temp_c": 24.3,
        "humidity_pct": 73.0,
        "heat_index_c": 24.3,
        "wind_kmh": 3.1,
        "wind_dir": 0.0,
        "cloud_pct": 75.0
      }
    },
    {
      "type": "Feature",
      "geometry": {
        "type": "Point",
        "coordinates": [
          96.977344,
          4.748139
        ]
      },
      "properties": {
        "location_name": "PLTA Redelong",
        "slug": "plta_redelong",
        "date": "Senin, 24 Agustus 2026",
        "date_iso": "2026-08-24",
        "relative": "Besok",
        "hour": "11:00",
        "rain_probability": 43.3,
        "risk_score": 43,
        "risk_class": "watch",
        "risk_label": "Perlu diperhatikan",
        "condition": "Hujan Ringan",
        "temp_c": 25.1,
        "humidity_pct": 67.0,
        "heat_index_c": 25.1,
        "wind_kmh": 4.4,
        "wind_dir": 0.0,
        "cloud_pct": 75.0
      }
    },
    {
      "type": "Feature",
      "geometry": {
        "type": "Point",
        "coordinates": [
          96.977344,
          4.748139
        ]
      },
      "properties": {
        "location_name": "PLTA Redelong",
        "slug": "plta_redelong",
        "date": "Senin, 24 Agustus 2026",
        "date_iso": "2026-08-24",
        "relative": "Besok",
        "hour": "12:00",
        "rain_probability": 85.6,
        "risk_score": 86,
        "risk_class": "danger",
        "risk_label": "Berpotensi signifikan",
        "condition": "Hujan Ringan",
        "temp_c": 24.9,
        "humidity_pct": 73.0,
        "heat_index_c": 24.9,
        "wind_kmh": 6.4,
        "wind_dir": 0.0,
        "cloud_pct": 88.0
      }
    },
    {
      "type": "Feature",
      "geometry": {
        "type": "Point",
        "coordinates": [
          96.977344,
          4.748139
        ]
      },
      "properties": {
        "location_name": "PLTA Redelong",
        "slug": "plta_redelong",
        "date": "Senin, 24 Agustus 2026",
        "date_iso": "2026-08-24",
        "relative": "Besok",
        "hour": "13:00",
        "rain_probability": 100,
        "risk_score": 100,
        "risk_class": "danger",
        "risk_label": "Berpotensi signifikan",
        "condition": "Hujan Ringan",
        "temp_c": 24.0,
        "humidity_pct": 79.0,
        "heat_index_c": 24.0,
        "wind_kmh": 6.2,
        "wind_dir": 0.0,
        "cloud_pct": 88.0
      }
    },
    {
      "type": "Feature",
      "geometry": {
        "type": "Point",
        "coordinates": [
          96.977344,
          4.748139
        ]
      },
      "properties": {
        "location_name": "PLTA Redelong",
        "slug": "plta_redelong",
        "date": "Senin, 24 Agustus 2026",
        "date_iso": "2026-08-24",
        "relative": "Besok",
        "hour": "14:00",
        "rain_probability": 100,
        "risk_score": 100,
        "risk_class": "danger",
        "risk_label": "Berpotensi signifikan",
        "condition": "Hujan Sedang",
        "temp_c": 23.5,
        "humidity_pct": 89.0,
        "heat_index_c": 23.5,
        "wind_kmh": 4.8,
        "wind_dir": 0.0,
        "cloud_pct": 94.0
      }
    },
    {
      "type": "Feature",
      "geometry": {
        "type": "Point",
        "coordinates": [
          96.977344,
          4.748139
        ]
      },
      "properties": {
        "location_name": "PLTA Redelong",
        "slug": "plta_redelong",
        "date": "Senin, 24 Agustus 2026",
        "date_iso": "2026-08-24",
        "relative": "Besok",
        "hour": "15:00",
        "rain_probability": 86.6,
        "risk_score": 87,
        "risk_class": "danger",
        "risk_label": "Berpotensi signifikan",
        "condition": "Hujan Sedang",
        "temp_c": 22.9,
        "humidity_pct": 92.0,
        "heat_index_c": 22.9,
        "wind_kmh": 5.8,
        "wind_dir": 0.0,
        "cloud_pct": 94.0
      }
    },
    {
      "type": "Feature",
      "geometry": {
        "type": "Point",
        "coordinates": [
          96.977344,
          4.748139
        ]
      },
      "properties": {
        "location_name": "PLTA Redelong",
        "slug": "plta_redelong",
        "date": "Senin, 24 Agustus 2026",
        "date_iso": "2026-08-24",
        "relative": "Besok",
        "hour": "16:00",
        "rain_probability": 82.9,
        "risk_score": 83,
        "risk_class": "danger",
        "risk_label": "Berpotensi signifikan",
        "condition": "Hujan Lebat",
        "temp_c": 22.2,
        "humidity_pct": 92.0,
        "heat_index_c": 22.2,
        "wind_kmh": 3.9,
        "wind_dir": 0.0,
        "cloud_pct": 94.0
      }
    },
    {
      "type": "Feature",
      "geometry": {
        "type": "Point",
        "coordinates": [
          96.977344,
          4.748139
        ]
      },
      "properties": {
        "location_name": "PLTA Redelong",
        "slug": "plta_redelong",
        "date": "Senin, 24 Agustus 2026",
        "date_iso": "2026-08-24",
        "relative": "Besok",
        "hour": "17:00",
        "rain_probability": 86.6,
        "risk_score": 87,
        "risk_class": "danger",
        "risk_label": "Berpotensi signifikan",
        "condition": "Hujan Ringan",
        "temp_c": 21.7,
        "humidity_pct": 94.0,
        "heat_index_c": 21.7,
        "wind_kmh": 3.1,
        "wind_dir": 0.0,
        "cloud_pct": 88.0
      }
    },
    {
      "type": "Feature",
      "geometry": {
        "type": "Point",
        "coordinates": [
          96.977344,
          4.748139
        ]
      },
      "properties": {
        "location_name": "PLTA Redelong",
        "slug": "plta_redelong",
        "date": "Senin, 24 Agustus 2026",
        "date_iso": "2026-08-24",
        "relative": "Besok",
        "hour": "18:00",
        "rain_probability": 72.2,
        "risk_score": 72,
        "risk_class": "rain",
        "risk_label": "Waspada",
        "condition": "Hujan Ringan",
        "temp_c": 21.0,
        "humidity_pct": 97.0,
        "heat_index_c": 21.0,
        "wind_kmh": 1.8,
        "wind_dir": 0.0,
        "cloud_pct": 88.0
      }
    },
    {
      "type": "Feature",
      "geometry": {
        "type": "Point",
        "coordinates": [
          96.977344,
          4.748139
        ]
      },
      "properties": {
        "location_name": "PLTA Redelong",
        "slug": "plta_redelong",
        "date": "Senin, 24 Agustus 2026",
        "date_iso": "2026-08-24",
        "relative": "Besok",
        "hour": "19:00",
        "rain_probability": 55.3,
        "risk_score": 55,
        "risk_class": "rain",
        "risk_label": "Waspada",
        "condition": "Berawan",
        "temp_c": 20.3,
        "humidity_pct": 98.0,
        "heat_index_c": 20.3,
        "wind_kmh": 1.8,
        "wind_dir": 0.0,
        "cloud_pct": 88.0
      }
    },
    {
      "type": "Feature",
      "geometry": {
        "type": "Point",
        "coordinates": [
          96.977344,
          4.748139
        ]
      },
      "properties": {
        "location_name": "PLTA Redelong",
        "slug": "plta_redelong",
        "date": "Senin, 24 Agustus 2026",
        "date_iso": "2026-08-24",
        "relative": "Besok",
        "hour": "20:00",
        "rain_probability": 57.7,
        "risk_score": 58,
        "risk_class": "rain",
        "risk_label": "Waspada",
        "condition": "Hujan Ringan",
        "temp_c": 19.8,
        "humidity_pct": 98.0,
        "heat_index_c": 19.8,
        "wind_kmh": 1.0,
        "wind_dir": 0.0,
        "cloud_pct": 88.0
      }
    },
    {
      "type": "Feature",
      "geometry": {
        "type": "Point",
        "coordinates": [
          96.977344,
          4.748139
        ]
      },
      "properties": {
        "location_name": "PLTA Redelong",
        "slug": "plta_redelong",
        "date": "Senin, 24 Agustus 2026",
        "date_iso": "2026-08-24",
        "relative": "Besok",
        "hour": "21:00",
        "rain_probability": 14.4,
        "risk_score": 28,
        "risk_class": "watch",
        "risk_label": "Perlu diperhatikan",
        "condition": "Berawan",
        "temp_c": 19.7,
        "humidity_pct": 97.0,
        "heat_index_c": 19.7,
        "wind_kmh": 1.5,
        "wind_dir": 0.0,
        "cloud_pct": 75.0
      }
    },
    {
      "type": "Feature",
      "geometry": {
        "type": "Point",
        "coordinates": [
          96.977344,
          4.748139
        ]
      },
      "properties": {
        "location_name": "PLTA Redelong",
        "slug": "plta_redelong",
        "date": "Senin, 24 Agustus 2026",
        "date_iso": "2026-08-24",
        "relative": "Besok",
        "hour": "22:00",
        "rain_probability": 13.8,
        "risk_score": 27,
        "risk_class": "watch",
        "risk_label": "Perlu diperhatikan",
        "condition": "Berawan",
        "temp_c": 19.7,
        "humidity_pct": 96.0,
        "heat_index_c": 19.7,
        "wind_kmh": 2.6,
        "wind_dir": 0.0,
        "cloud_pct": 75.0
      }
    },
    {
      "type": "Feature",
      "geometry": {
        "type": "Point",
        "coordinates": [
          96.977344,
          4.748139
        ]
      },
      "properties": {
        "location_name": "PLTA Redelong",
        "slug": "plta_redelong",
        "date": "Senin, 24 Agustus 2026",
        "date_iso": "2026-08-24",
        "relative": "Besok",
        "hour": "23:00",
        "rain_probability": 14.4,
        "risk_score": 27,
        "risk_class": "watch",
        "risk_label": "Perlu diperhatikan",
        "condition": "Berawan",
        "temp_c": 19.5,
        "humidity_pct": 96.0,
        "heat_index_c": 19.5,
        "wind_kmh": 3.6,
        "wind_dir": 0.0,
        "cloud_pct": 75.0
      }
    },
    {
      "type": "Feature",
      "geometry": {
        "type": "Point",
        "coordinates": [
          96.977344,
          4.748139
        ]
      },
      "properties": {
        "location_name": "PLTA Redelong",
        "slug": "plta_redelong",
        "date": "Selasa, 25 Agustus 2026",
        "date_iso": "2026-08-25",
        "relative": "Lusa",
        "hour": "00:00",
        "rain_probability": 14.4,
        "risk_score": 27,
        "risk_class": "watch",
        "risk_label": "Perlu diperhatikan",
        "condition": "Berawan",
        "temp_c": 19.0,
        "humidity_pct": 96.0,
        "heat_index_c": 19.0,
        "wind_kmh": 4.5,
        "wind_dir": 0.0,
        "cloud_pct": 75.0
      }
    },
    {
      "type": "Feature",
      "geometry": {
        "type": "Point",
        "coordinates": [
          96.977344,
          4.748139
        ]
      },
      "properties": {
        "location_name": "PLTA Redelong",
        "slug": "plta_redelong",
        "date": "Selasa, 25 Agustus 2026",
        "date_iso": "2026-08-25",
        "relative": "Lusa",
        "hour": "01:00",
        "rain_probability": 13.8,
        "risk_score": 27,
        "risk_class": "watch",
        "risk_label": "Perlu diperhatikan",
        "condition": "Berawan",
        "temp_c": 18.7,
        "humidity_pct": 96.0,
        "heat_index_c": 18.7,
        "wind_kmh": 5.4,
        "wind_dir": 0.0,
        "cloud_pct": 75.0
      }
    },
    {
      "type": "Feature",
      "geometry": {
        "type": "Point",
        "coordinates": [
          96.977344,
          4.748139
        ]
      },
      "properties": {
        "location_name": "PLTA Redelong",
        "slug": "plta_redelong",
        "date": "Selasa, 25 Agustus 2026",
        "date_iso": "2026-08-25",
        "relative": "Lusa",
        "hour": "02:00",
        "rain_probability": 14.4,
        "risk_score": 28,
        "risk_class": "watch",
        "risk_label": "Perlu diperhatikan",
        "condition": "Berawan",
        "temp_c": 18.5,
        "humidity_pct": 96.0,
        "heat_index_c": 18.5,
        "wind_kmh": 5.9,
        "wind_dir": 0.0,
        "cloud_pct": 75.0
      }
    },
    {
      "type": "Feature",
      "geometry": {
        "type": "Point",
        "coordinates": [
          96.977344,
          4.748139
        ]
      },
      "properties": {
        "location_name": "PLTA Redelong",
        "slug": "plta_redelong",
        "date": "Selasa, 25 Agustus 2026",
        "date_iso": "2026-08-25",
        "relative": "Lusa",
        "hour": "03:00",
        "rain_probability": 14.4,
        "risk_score": 27,
        "risk_class": "watch",
        "risk_label": "Perlu diperhatikan",
        "condition": "Berawan",
        "temp_c": 18.3,
        "humidity_pct": 96.0,
        "heat_index_c": 18.3,
        "wind_kmh": 6.3,
        "wind_dir": 0.0,
        "cloud_pct": 75.0
      }
    },
    {
      "type": "Feature",
      "geometry": {
        "type": "Point",
        "coordinates": [
          96.977344,
          4.748139
        ]
      },
      "properties": {
        "location_name": "PLTA Redelong",
        "slug": "plta_redelong",
        "date": "Selasa, 25 Agustus 2026",
        "date_iso": "2026-08-25",
        "relative": "Lusa",
        "hour": "04:00",
        "rain_probability": 0,
        "risk_score": 27,
        "risk_class": "watch",
        "risk_label": "Perlu diperhatikan",
        "condition": "Berawan",
        "temp_c": 18.2,
        "humidity_pct": 96.0,
        "heat_index_c": 18.2,
        "wind_kmh": 5.9,
        "wind_dir": 0.0,
        "cloud_pct": 75.0
      }
    },
    {
      "type": "Feature",
      "geometry": {
        "type": "Point",
        "coordinates": [
          96.977344,
          4.748139
        ]
      },
      "properties": {
        "location_name": "PLTA Redelong",
        "slug": "plta_redelong",
        "date": "Selasa, 25 Agustus 2026",
        "date_iso": "2026-08-25",
        "relative": "Lusa",
        "hour": "05:00",
        "rain_probability": 0,
        "risk_score": 27,
        "risk_class": "watch",
        "risk_label": "Perlu diperhatikan",
        "condition": "Berawan",
        "temp_c": 18.0,
        "humidity_pct": 96.0,
        "heat_index_c": 18.0,
        "wind_kmh": 6.3,
        "wind_dir": 0.0,
        "cloud_pct": 75.0
      }
    },
    {
      "type": "Feature",
      "geometry": {
        "type": "Point",
        "coordinates": [
          96.977344,
          4.748139
        ]
      },
      "properties": {
        "location_name": "PLTA Redelong",
        "slug": "plta_redelong",
        "date": "Selasa, 25 Agustus 2026",
        "date_iso": "2026-08-25",
        "relative": "Lusa",
        "hour": "06:00",
        "rain_probability": 0,
        "risk_score": 27,
        "risk_class": "watch",
        "risk_label": "Perlu diperhatikan",
        "condition": "Berawan",
        "temp_c": 18.0,
        "humidity_pct": 96.0,
        "heat_index_c": 18.0,
        "wind_kmh": 6.4,
        "wind_dir": 0.0,
        "cloud_pct": 75.0
      }
    },
    {
      "type": "Feature",
      "geometry": {
        "type": "Point",
        "coordinates": [
          96.977344,
          4.748139
        ]
      },
      "properties": {
        "location_name": "PLTA Redelong",
        "slug": "plta_redelong",
        "date": "Selasa, 25 Agustus 2026",
        "date_iso": "2026-08-25",
        "relative": "Lusa",
        "hour": "07:00",
        "rain_probability": 0,
        "risk_score": 26,
        "risk_class": "watch",
        "risk_label": "Perlu diperhatikan",
        "condition": "Berawan",
        "temp_c": 18.3,
        "humidity_pct": 93.0,
        "heat_index_c": 18.3,
        "wind_kmh": 6.2,
        "wind_dir": 0.0,
        "cloud_pct": 75.0
      }
    },
    {
      "type": "Feature",
      "geometry": {
        "type": "Point",
        "coordinates": [
          96.977344,
          4.748139
        ]
      },
      "properties": {
        "location_name": "PLTA Redelong",
        "slug": "plta_redelong",
        "date": "Selasa, 25 Agustus 2026",
        "date_iso": "2026-08-25",
        "relative": "Lusa",
        "hour": "08:00",
        "rain_probability": 0,
        "risk_score": 26,
        "risk_class": "watch",
        "risk_label": "Perlu diperhatikan",
        "condition": "Berawan",
        "temp_c": 19.6,
        "humidity_pct": 90.0,
        "heat_index_c": 19.6,
        "wind_kmh": 3.6,
        "wind_dir": 0.0,
        "cloud_pct": 75.0
      }
    },
    {
      "type": "Feature",
      "geometry": {
        "type": "Point",
        "coordinates": [
          96.977344,
          4.748139
        ]
      },
      "properties": {
        "location_name": "PLTA Redelong",
        "slug": "plta_redelong",
        "date": "Selasa, 25 Agustus 2026",
        "date_iso": "2026-08-25",
        "relative": "Lusa",
        "hour": "09:00",
        "rain_probability": 0,
        "risk_score": 24,
        "risk_class": "safe",
        "risk_label": "Aman",
        "condition": "Berawan",
        "temp_c": 22.0,
        "humidity_pct": 81.0,
        "heat_index_c": 22.0,
        "wind_kmh": 2.3,
        "wind_dir": 0.0,
        "cloud_pct": 75.0
      }
    },
    {
      "type": "Feature",
      "geometry": {
        "type": "Point",
        "coordinates": [
          96.977344,
          4.748139
        ]
      },
      "properties": {
        "location_name": "PLTA Redelong",
        "slug": "plta_redelong",
        "date": "Selasa, 25 Agustus 2026",
        "date_iso": "2026-08-25",
        "relative": "Lusa",
        "hour": "10:00",
        "rain_probability": 0,
        "risk_score": 23,
        "risk_class": "safe",
        "risk_label": "Aman",
        "condition": "Berawan",
        "temp_c": 24.1,
        "humidity_pct": 77.0,
        "heat_index_c": 24.1,
        "wind_kmh": 2.5,
        "wind_dir": 0.0,
        "cloud_pct": 75.0
      }
    },
    {
      "type": "Feature",
      "geometry": {
        "type": "Point",
        "coordinates": [
          96.977344,
          4.748139
        ]
      },
      "properties": {
        "location_name": "PLTA Redelong",
        "slug": "plta_redelong",
        "date": "Selasa, 25 Agustus 2026",
        "date_iso": "2026-08-25",
        "relative": "Lusa",
        "hour": "11:00",
        "rain_probability": 43.3,
        "risk_score": 43,
        "risk_class": "watch",
        "risk_label": "Perlu diperhatikan",
        "condition": "Berawan",
        "temp_c": 25.0,
        "humidity_pct": 73.0,
        "heat_index_c": 25.0,
        "wind_kmh": 4.5,
        "wind_dir": 0.0,
        "cloud_pct": 75.0
      }
    },
    {
      "type": "Feature",
      "geometry": {
        "type": "Point",
        "coordinates": [
          96.977344,
          4.748139
        ]
      },
      "properties": {
        "location_name": "PLTA Redelong",
        "slug": "plta_redelong",
        "date": "Selasa, 25 Agustus 2026",
        "date_iso": "2026-08-25",
        "relative": "Lusa",
        "hour": "12:00",
        "rain_probability": 72.1,
        "risk_score": 72,
        "risk_class": "rain",
        "risk_label": "Waspada",
        "condition": "Hujan Ringan",
        "temp_c": 23.9,
        "humidity_pct": 82.0,
        "heat_index_c": 23.9,
        "wind_kmh": 6.1,
        "wind_dir": 0.0,
        "cloud_pct": 88.0
      }
    },
    {
      "type": "Feature",
      "geometry": {
        "type": "Point",
        "coordinates": [
          96.977344,
          4.748139
        ]
      },
      "properties": {
        "location_name": "PLTA Redelong",
        "slug": "plta_redelong",
        "date": "Selasa, 25 Agustus 2026",
        "date_iso": "2026-08-25",
        "relative": "Lusa",
        "hour": "13:00",
        "rain_probability": 69.0,
        "risk_score": 69,
        "risk_class": "rain",
        "risk_label": "Waspada",
        "condition": "Hujan Ringan",
        "temp_c": 24.2,
        "humidity_pct": 86.0,
        "heat_index_c": 24.2,
        "wind_kmh": 6.9,
        "wind_dir": 0.0,
        "cloud_pct": 88.0
      }
    },
    {
      "type": "Feature",
      "geometry": {
        "type": "Point",
        "coordinates": [
          96.977344,
          4.748139
        ]
      },
      "properties": {
        "location_name": "PLTA Redelong",
        "slug": "plta_redelong",
        "date": "Selasa, 25 Agustus 2026",
        "date_iso": "2026-08-25",
        "relative": "Lusa",
        "hour": "14:00",
        "rain_probability": 86.6,
        "risk_score": 87,
        "risk_class": "danger",
        "risk_label": "Berpotensi signifikan",
        "condition": "Hujan Ringan",
        "temp_c": 23.5,
        "humidity_pct": 88.0,
        "heat_index_c": 23.5,
        "wind_kmh": 7.1,
        "wind_dir": 0.0,
        "cloud_pct": 88.0
      }
    },
    {
      "type": "Feature",
      "geometry": {
        "type": "Point",
        "coordinates": [
          96.977344,
          4.748139
        ]
      },
      "properties": {
        "location_name": "PLTA Redelong",
        "slug": "plta_redelong",
        "date": "Selasa, 25 Agustus 2026",
        "date_iso": "2026-08-25",
        "relative": "Lusa",
        "hour": "15:00",
        "rain_probability": 86.6,
        "risk_score": 87,
        "risk_class": "danger",
        "risk_label": "Berpotensi signifikan",
        "condition": "Hujan Ringan",
        "temp_c": 22.9,
        "humidity_pct": 91.0,
        "heat_index_c": 22.9,
        "wind_kmh": 3.8,
        "wind_dir": 0.0,
        "cloud_pct": 88.0
      }
    },
    {
      "type": "Feature",
      "geometry": {
        "type": "Point",
        "coordinates": [
          96.977344,
          4.748139
        ]
      },
      "properties": {
        "location_name": "PLTA Redelong",
        "slug": "plta_redelong",
        "date": "Selasa, 25 Agustus 2026",
        "date_iso": "2026-08-25",
        "relative": "Lusa",
        "hour": "16:00",
        "rain_probability": 82.9,
        "risk_score": 83,
        "risk_class": "danger",
        "risk_label": "Berpotensi signifikan",
        "condition": "Hujan Ringan",
        "temp_c": 22.9,
        "humidity_pct": 90.0,
        "heat_index_c": 22.9,
        "wind_kmh": 3.8,
        "wind_dir": 0.0,
        "cloud_pct": 88.0
      }
    },
    {
      "type": "Feature",
      "geometry": {
        "type": "Point",
        "coordinates": [
          96.977344,
          4.748139
        ]
      },
      "properties": {
        "location_name": "PLTA Redelong",
        "slug": "plta_redelong",
        "date": "Selasa, 25 Agustus 2026",
        "date_iso": "2026-08-25",
        "relative": "Lusa",
        "hour": "17:00",
        "rain_probability": 86.6,
        "risk_score": 87,
        "risk_class": "danger",
        "risk_label": "Berpotensi signifikan",
        "condition": "Hujan Ringan",
        "temp_c": 22.2,
        "humidity_pct": 93.0,
        "heat_index_c": 22.2,
        "wind_kmh": 2.4,
        "wind_dir": 0.0,
        "cloud_pct": 88.0
      }
    },
    {
      "type": "Feature",
      "geometry": {
        "type": "Point",
        "coordinates": [
          96.977344,
          4.748139
        ]
      },
      "properties": {
        "location_name": "PLTA Redelong",
        "slug": "plta_redelong",
        "date": "Selasa, 25 Agustus 2026",
        "date_iso": "2026-08-25",
        "relative": "Lusa",
        "hour": "18:00",
        "rain_probability": 86.6,
        "risk_score": 87,
        "risk_class": "danger",
        "risk_label": "Berpotensi signifikan",
        "condition": "Hujan Ringan",
        "temp_c": 21.4,
        "humidity_pct": 94.0,
        "heat_index_c": 21.4,
        "wind_kmh": 2.1,
        "wind_dir": 0.0,
        "cloud_pct": 88.0
      }
    },
    {
      "type": "Feature",
      "geometry": {
        "type": "Point",
        "coordinates": [
          96.977344,
          4.748139
        ]
      },
      "properties": {
        "location_name": "PLTA Redelong",
        "slug": "plta_redelong",
        "date": "Selasa, 25 Agustus 2026",
        "date_iso": "2026-08-25",
        "relative": "Lusa",
        "hour": "19:00",
        "rain_probability": 69.0,
        "risk_score": 69,
        "risk_class": "rain",
        "risk_label": "Waspada",
        "condition": "Hujan Ringan",
        "temp_c": 20.7,
        "humidity_pct": 97.0,
        "heat_index_c": 20.7,
        "wind_kmh": 1.8,
        "wind_dir": 0.0,
        "cloud_pct": 88.0
      }
    },
    {
      "type": "Feature",
      "geometry": {
        "type": "Point",
        "coordinates": [
          96.977344,
          4.748139
        ]
      },
      "properties": {
        "location_name": "PLTA Redelong",
        "slug": "plta_redelong",
        "date": "Selasa, 25 Agustus 2026",
        "date_iso": "2026-08-25",
        "relative": "Lusa",
        "hour": "20:00",
        "rain_probability": 28.9,
        "risk_score": 39,
        "risk_class": "watch",
        "risk_label": "Perlu diperhatikan",
        "condition": "Berawan",
        "temp_c": 19.9,
        "humidity_pct": 97.0,
        "heat_index_c": 19.9,
        "wind_kmh": 2.9,
        "wind_dir": 0.0,
        "cloud_pct": 75.0
      }
    },
    {
      "type": "Feature",
      "geometry": {
        "type": "Point",
        "coordinates": [
          96.977344,
          4.748139
        ]
      },
      "properties": {
        "location_name": "PLTA Redelong",
        "slug": "plta_redelong",
        "date": "Selasa, 25 Agustus 2026",
        "date_iso": "2026-08-25",
        "relative": "Lusa",
        "hour": "21:00",
        "rain_probability": 28.9,
        "risk_score": 38,
        "risk_class": "watch",
        "risk_label": "Perlu diperhatikan",
        "condition": "Berawan",
        "temp_c": 19.5,
        "humidity_pct": 97.0,
        "heat_index_c": 19.5,
        "wind_kmh": 3.3,
        "wind_dir": 0.0,
        "cloud_pct": 75.0
      }
    },
    {
      "type": "Feature",
      "geometry": {
        "type": "Point",
        "coordinates": [
          96.977344,
          4.748139
        ]
      },
      "properties": {
        "location_name": "PLTA Redelong",
        "slug": "plta_redelong",
        "date": "Selasa, 25 Agustus 2026",
        "date_iso": "2026-08-25",
        "relative": "Lusa",
        "hour": "22:00",
        "rain_probability": 27.6,
        "risk_score": 35,
        "risk_class": "watch",
        "risk_label": "Perlu diperhatikan",
        "condition": "Berawan",
        "temp_c": 19.3,
        "humidity_pct": 96.0,
        "heat_index_c": 19.3,
        "wind_kmh": 4.0,
        "wind_dir": 0.0,
        "cloud_pct": 75.0
      }
    },
    {
      "type": "Feature",
      "geometry": {
        "type": "Point",
        "coordinates": [
          96.977344,
          4.748139
        ]
      },
      "properties": {
        "location_name": "PLTA Redelong",
        "slug": "plta_redelong",
        "date": "Selasa, 25 Agustus 2026",
        "date_iso": "2026-08-25",
        "relative": "Lusa",
        "hour": "23:00",
        "rain_probability": 14.4,
        "risk_score": 27,
        "risk_class": "watch",
        "risk_label": "Perlu diperhatikan",
        "condition": "Berawan",
        "temp_c": 19.0,
        "humidity_pct": 97.0,
        "heat_index_c": 19.0,
        "wind_kmh": 5.2,
        "wind_dir": 0.0,
        "cloud_pct": 75.0
      }
    },
    {
      "type": "Feature",
      "geometry": {
        "type": "Point",
        "coordinates": [
          104.500497222,
          -4.862591667
        ]
      },
      "properties": {
        "location_name": "PLTM Besai Kemu",
        "slug": "pltm_besai_kemu",
        "date": "Minggu, 23 Agustus 2026",
        "date_iso": "2026-08-23",
        "relative": "Hari ini",
        "hour": "00:00",
        "rain_probability": 0,
        "risk_score": 39,
        "risk_class": "watch",
        "risk_label": "Perlu diperhatikan",
        "condition": "Cerah",
        "temp_c": 22.2,
        "humidity_pct": 87.0,
        "heat_index_c": 22.2,
        "wind_kmh": 6.4,
        "wind_dir": 0.0,
        "cloud_pct": 15.0
      }
    },
    {
      "type": "Feature",
      "geometry": {
        "type": "Point",
        "coordinates": [
          104.500497222,
          -4.862591667
        ]
      },
      "properties": {
        "location_name": "PLTM Besai Kemu",
        "slug": "pltm_besai_kemu",
        "date": "Minggu, 23 Agustus 2026",
        "date_iso": "2026-08-23",
        "relative": "Hari ini",
        "hour": "01:00",
        "rain_probability": 0,
        "risk_score": 29,
        "risk_class": "watch",
        "risk_label": "Perlu diperhatikan",
        "condition": "Cerah",
        "temp_c": 22.0,
        "humidity_pct": 87.0,
        "heat_index_c": 22.0,
        "wind_kmh": 6.3,
        "wind_dir": 0.0,
        "cloud_pct": 45.0
      }
    },
    {
      "type": "Feature",
      "geometry": {
        "type": "Point",
        "coordinates": [
          104.500497222,
          -4.862591667
        ]
      },
      "properties": {
        "location_name": "PLTM Besai Kemu",
        "slug": "pltm_besai_kemu",
        "date": "Minggu, 23 Agustus 2026",
        "date_iso": "2026-08-23",
        "relative": "Hari ini",
        "hour": "02:00",
        "rain_probability": 0,
        "risk_score": 22,
        "risk_class": "safe",
        "risk_label": "Aman",
        "condition": "Cerah",
        "temp_c": 21.6,
        "humidity_pct": 90.0,
        "heat_index_c": 21.6,
        "wind_kmh": 5.0,
        "wind_dir": 0.0,
        "cloud_pct": 15.0
      }
    },
    {
      "type": "Feature",
      "geometry": {
        "type": "Point",
        "coordinates": [
          104.500497222,
          -4.862591667
        ]
      },
      "properties": {
        "location_name": "PLTM Besai Kemu",
        "slug": "pltm_besai_kemu",
        "date": "Minggu, 23 Agustus 2026",
        "date_iso": "2026-08-23",
        "relative": "Hari ini",
        "hour": "03:00",
        "rain_probability": 0,
        "risk_score": 23,
        "risk_class": "safe",
        "risk_label": "Aman",
        "condition": "Cerah",
        "temp_c": 21.5,
        "humidity_pct": 91.0,
        "heat_index_c": 21.5,
        "wind_kmh": 6.1,
        "wind_dir": 0.0,
        "cloud_pct": 45.0
      }
    },
    {
      "type": "Feature",
      "geometry": {
        "type": "Point",
        "coordinates": [
          104.500497222,
          -4.862591667
        ]
      },
      "properties": {
        "location_name": "PLTM Besai Kemu",
        "slug": "pltm_besai_kemu",
        "date": "Minggu, 23 Agustus 2026",
        "date_iso": "2026-08-23",
        "relative": "Hari ini",
        "hour": "04:00",
        "rain_probability": 0,
        "risk_score": 25,
        "risk_class": "watch",
        "risk_label": "Perlu diperhatikan",
        "condition": "Berawan",
        "temp_c": 22.2,
        "humidity_pct": 88.0,
        "heat_index_c": 22.2,
        "wind_kmh": 6.4,
        "wind_dir": 0.0,
        "cloud_pct": 75.0
      }
    },
    {
      "type": "Feature",
      "geometry": {
        "type": "Point",
        "coordinates": [
          104.500497222,
          -4.862591667
        ]
      },
      "properties": {
        "location_name": "PLTM Besai Kemu",
        "slug": "pltm_besai_kemu",
        "date": "Minggu, 23 Agustus 2026",
        "date_iso": "2026-08-23",
        "relative": "Hari ini",
        "hour": "05:00",
        "rain_probability": 0,
        "risk_score": 22,
        "risk_class": "safe",
        "risk_label": "Aman",
        "condition": "Berawan",
        "temp_c": 22.1,
        "humidity_pct": 88.0,
        "heat_index_c": 22.1,
        "wind_kmh": 6.2,
        "wind_dir": 0.0,
        "cloud_pct": 45.0
      }
    },
    {
      "type": "Feature",
      "geometry": {
        "type": "Point",
        "coordinates": [
          104.500497222,
          -4.862591667
        ]
      },
      "properties": {
        "location_name": "PLTM Besai Kemu",
        "slug": "pltm_besai_kemu",
        "date": "Minggu, 23 Agustus 2026",
        "date_iso": "2026-08-23",
        "relative": "Hari ini",
        "hour": "06:00",
        "rain_probability": 0,
        "risk_score": 25,
        "risk_class": "watch",
        "risk_label": "Perlu diperhatikan",
        "condition": "Berawan",
        "temp_c": 22.2,
        "humidity_pct": 88.0,
        "heat_index_c": 22.2,
        "wind_kmh": 5.1,
        "wind_dir": 0.0,
        "cloud_pct": 75.0
      }
    },
    {
      "type": "Feature",
      "geometry": {
        "type": "Point",
        "coordinates": [
          104.500497222,
          -4.862591667
        ]
      },
      "properties": {
        "location_name": "PLTM Besai Kemu",
        "slug": "pltm_besai_kemu",
        "date": "Minggu, 23 Agustus 2026",
        "date_iso": "2026-08-23",
        "relative": "Hari ini",
        "hour": "07:00",
        "rain_probability": 0,
        "risk_score": 21,
        "risk_class": "safe",
        "risk_label": "Aman",
        "condition": "Berawan",
        "temp_c": 23.0,
        "humidity_pct": 82.0,
        "heat_index_c": 23.0,
        "wind_kmh": 4.2,
        "wind_dir": 0.0,
        "cloud_pct": 45.0
      }
    },
    {
      "type": "Feature",
      "geometry": {
        "type": "Point",
        "coordinates": [
          104.500497222,
          -4.862591667
        ]
      },
      "properties": {
        "location_name": "PLTM Besai Kemu",
        "slug": "pltm_besai_kemu",
        "date": "Minggu, 23 Agustus 2026",
        "date_iso": "2026-08-23",
        "relative": "Hari ini",
        "hour": "08:00",
        "rain_probability": 0,
        "risk_score": 20,
        "risk_class": "safe",
        "risk_label": "Aman",
        "condition": "Cerah",
        "temp_c": 25.0,
        "humidity_pct": 75.0,
        "heat_index_c": 25.0,
        "wind_kmh": 1.8,
        "wind_dir": 0.0,
        "cloud_pct": 45.0
      }
    },
    {
      "type": "Feature",
      "geometry": {
        "type": "Point",
        "coordinates": [
          104.500497222,
          -4.862591667
        ]
      },
      "properties": {
        "location_name": "PLTM Besai Kemu",
        "slug": "pltm_besai_kemu",
        "date": "Minggu, 23 Agustus 2026",
        "date_iso": "2026-08-23",
        "relative": "Hari ini",
        "hour": "09:00",
        "rain_probability": 0,
        "risk_score": 49,
        "risk_class": "watch",
        "risk_label": "Perlu diperhatikan",
        "condition": "Cerah Berawan",
        "temp_c": 27.9,
        "humidity_pct": 65.0,
        "heat_index_c": 29.86,
        "wind_kmh": 5.4,
        "wind_dir": 0.0,
        "cloud_pct": 45.0
      }
    },
    {
      "type": "Feature",
      "geometry": {
        "type": "Point",
        "coordinates": [
          104.500497222,
          -4.862591667
        ]
      },
      "properties": {
        "location_name": "PLTM Besai Kemu",
        "slug": "pltm_besai_kemu",
        "date": "Minggu, 23 Agustus 2026",
        "date_iso": "2026-08-23",
        "relative": "Hari ini",
        "hour": "10:00",
        "rain_probability": 0,
        "risk_score": 67,
        "risk_class": "rain",
        "risk_label": "Waspada",
        "condition": "Cerah",
        "temp_c": 29.3,
        "humidity_pct": 57.0,
        "heat_index_c": 31.39,
        "wind_kmh": 8.9,
        "wind_dir": 0.0,
        "cloud_pct": 15.0
      }
    },
    {
      "type": "Feature",
      "geometry": {
        "type": "Point",
        "coordinates": [
          104.500497222,
          -4.862591667
        ]
      },
      "properties": {
        "location_name": "PLTM Besai Kemu",
        "slug": "pltm_besai_kemu",
        "date": "Minggu, 23 Agustus 2026",
        "date_iso": "2026-08-23",
        "relative": "Hari ini",
        "hour": "11:00",
        "rain_probability": 0,
        "risk_score": 75,
        "risk_class": "rain",
        "risk_label": "Waspada",
        "condition": "Cerah Berawan",
        "temp_c": 30.8,
        "humidity_pct": 53.0,
        "heat_index_c": 32.88,
        "wind_kmh": 9.9,
        "wind_dir": 0.0,
        "cloud_pct": 45.0
      }
    },
    {
      "type": "Feature",
      "geometry": {
        "type": "Point",
        "coordinates": [
          104.500497222,
          -4.862591667
        ]
      },
      "properties": {
        "location_name": "PLTM Besai Kemu",
        "slug": "pltm_besai_kemu",
        "date": "Minggu, 23 Agustus 2026",
        "date_iso": "2026-08-23",
        "relative": "Hari ini",
        "hour": "12:00",
        "rain_probability": 14.4,
        "risk_score": 84,
        "risk_class": "danger",
        "risk_label": "Berpotensi signifikan",
        "condition": "Cerah",
        "temp_c": 31.9,
        "humidity_pct": 44.0,
        "heat_index_c": 33.72,
        "wind_kmh": 10.0,
        "wind_dir": 0.0,
        "cloud_pct": 45.0
      }
    },
    {
      "type": "Feature",
      "geometry": {
        "type": "Point",
        "coordinates": [
          104.500497222,
          -4.862591667
        ]
      },
      "properties": {
        "location_name": "PLTM Besai Kemu",
        "slug": "pltm_besai_kemu",
        "date": "Minggu, 23 Agustus 2026",
        "date_iso": "2026-08-23",
        "relative": "Hari ini",
        "hour": "13:00",
        "rain_probability": 0,
        "risk_score": 88,
        "risk_class": "danger",
        "risk_label": "Berpotensi signifikan",
        "condition": "Cerah Berawan",
        "temp_c": 32.6,
        "humidity_pct": 44.0,
        "heat_index_c": 33.7,
        "wind_kmh": 9.9,
        "wind_dir": 0.0,
        "cloud_pct": 45.0
      }
    },
    {
      "type": "Feature",
      "geometry": {
        "type": "Point",
        "coordinates": [
          104.500497222,
          -4.862591667
        ]
      },
      "properties": {
        "location_name": "PLTM Besai Kemu",
        "slug": "pltm_besai_kemu",
        "date": "Minggu, 23 Agustus 2026",
        "date_iso": "2026-08-23",
        "relative": "Hari ini",
        "hour": "14:00",
        "rain_probability": 0,
        "risk_score": 91,
        "risk_class": "danger",
        "risk_label": "Berpotensi signifikan",
        "condition": "Cerah",
        "temp_c": 33.1,
        "humidity_pct": 41.0,
        "heat_index_c": 34.0,
        "wind_kmh": 9.8,
        "wind_dir": 0.0,
        "cloud_pct": 15.0
      }
    },
    {
      "type": "Feature",
      "geometry": {
        "type": "Point",
        "coordinates": [
          104.500497222,
          -4.862591667
        ]
      },
      "properties": {
        "location_name": "PLTM Besai Kemu",
        "slug": "pltm_besai_kemu",
        "date": "Minggu, 23 Agustus 2026",
        "date_iso": "2026-08-23",
        "relative": "Hari ini",
        "hour": "15:00",
        "rain_probability": 0,
        "risk_score": 88,
        "risk_class": "danger",
        "risk_label": "Berpotensi signifikan",
        "condition": "Cerah Berawan",
        "temp_c": 33.2,
        "humidity_pct": 40.0,
        "heat_index_c": 34.0,
        "wind_kmh": 9.4,
        "wind_dir": 0.0,
        "cloud_pct": 45.0
      }
    },
    {
      "type": "Feature",
      "geometry": {
        "type": "Point",
        "coordinates": [
          104.500497222,
          -4.862591667
        ]
      },
      "properties": {
        "location_name": "PLTM Besai Kemu",
        "slug": "pltm_besai_kemu",
        "date": "Minggu, 23 Agustus 2026",
        "date_iso": "2026-08-23",
        "relative": "Hari ini",
        "hour": "16:00",
        "rain_probability": 0,
        "risk_score": 87,
        "risk_class": "danger",
        "risk_label": "Berpotensi signifikan",
        "condition": "Cerah Berawan",
        "temp_c": 33.0,
        "humidity_pct": 40.0,
        "heat_index_c": 33.5,
        "wind_kmh": 9.3,
        "wind_dir": 0.0,
        "cloud_pct": 45.0
      }
    },
    {
      "type": "Feature",
      "geometry": {
        "type": "Point",
        "coordinates": [
          104.500497222,
          -4.862591667
        ]
      },
      "properties": {
        "location_name": "PLTM Besai Kemu",
        "slug": "pltm_besai_kemu",
        "date": "Minggu, 23 Agustus 2026",
        "date_iso": "2026-08-23",
        "relative": "Hari ini",
        "hour": "17:00",
        "rain_probability": 0,
        "risk_score": 87,
        "risk_class": "danger",
        "risk_label": "Berpotensi signifikan",
        "condition": "Cerah Berawan",
        "temp_c": 32.3,
        "humidity_pct": 42.0,
        "heat_index_c": 32.8,
        "wind_kmh": 9.0,
        "wind_dir": 0.0,
        "cloud_pct": 45.0
      }
    },
    {
      "type": "Feature",
      "geometry": {
        "type": "Point",
        "coordinates": [
          104.500497222,
          -4.862591667
        ]
      },
      "properties": {
        "location_name": "PLTM Besai Kemu",
        "slug": "pltm_besai_kemu",
        "date": "Minggu, 23 Agustus 2026",
        "date_iso": "2026-08-23",
        "relative": "Hari ini",
        "hour": "18:00",
        "rain_probability": 0,
        "risk_score": 79,
        "risk_class": "danger",
        "risk_label": "Berpotensi signifikan",
        "condition": "Cerah Berawan",
        "temp_c": 27.9,
        "humidity_pct": 46.0,
        "heat_index_c": 29.42,
        "wind_kmh": 9.5,
        "wind_dir": 0.0,
        "cloud_pct": 45.0
      }
    },
    {
      "type": "Feature",
      "geometry": {
        "type": "Point",
        "coordinates": [
          104.500497222,
          -4.862591667
        ]
      },
      "properties": {
        "location_name": "PLTM Besai Kemu",
        "slug": "pltm_besai_kemu",
        "date": "Minggu, 23 Agustus 2026",
        "date_iso": "2026-08-23",
        "relative": "Hari ini",
        "hour": "19:00",
        "rain_probability": 0,
        "risk_score": 66,
        "risk_class": "rain",
        "risk_label": "Waspada",
        "condition": "Cerah",
        "temp_c": 26.4,
        "humidity_pct": 57.0,
        "heat_index_c": 26.4,
        "wind_kmh": 9.6,
        "wind_dir": 0.0,
        "cloud_pct": 15.0
      }
    },
    {
      "type": "Feature",
      "geometry": {
        "type": "Point",
        "coordinates": [
          104.500497222,
          -4.862591667
        ]
      },
      "properties": {
        "location_name": "PLTM Besai Kemu",
        "slug": "pltm_besai_kemu",
        "date": "Minggu, 23 Agustus 2026",
        "date_iso": "2026-08-23",
        "relative": "Hari ini",
        "hour": "20:00",
        "rain_probability": 0,
        "risk_score": 53,
        "risk_class": "watch",
        "risk_label": "Perlu diperhatikan",
        "condition": "Cerah",
        "temp_c": 26.0,
        "humidity_pct": 67.0,
        "heat_index_c": 26.0,
        "wind_kmh": 8.9,
        "wind_dir": 0.0,
        "cloud_pct": 15.0
      }
    },
    {
      "type": "Feature",
      "geometry": {
        "type": "Point",
        "coordinates": [
          104.500497222,
          -4.862591667
        ]
      },
      "properties": {
        "location_name": "PLTM Besai Kemu",
        "slug": "pltm_besai_kemu",
        "date": "Minggu, 23 Agustus 2026",
        "date_iso": "2026-08-23",
        "relative": "Hari ini",
        "hour": "21:00",
        "rain_probability": 0,
        "risk_score": 45,
        "risk_class": "watch",
        "risk_label": "Perlu diperhatikan",
        "condition": "Cerah",
        "temp_c": 24.3,
        "humidity_pct": 77.0,
        "heat_index_c": 24.3,
        "wind_kmh": 7.7,
        "wind_dir": 0.0,
        "cloud_pct": 15.0
      }
    },
    {
      "type": "Feature",
      "geometry": {
        "type": "Point",
        "coordinates": [
          104.500497222,
          -4.862591667
        ]
      },
      "properties": {
        "location_name": "PLTM Besai Kemu",
        "slug": "pltm_besai_kemu",
        "date": "Minggu, 23 Agustus 2026",
        "date_iso": "2026-08-23",
        "relative": "Hari ini",
        "hour": "22:00",
        "rain_probability": 0,
        "risk_score": 40,
        "risk_class": "watch",
        "risk_label": "Perlu diperhatikan",
        "condition": "Cerah",
        "temp_c": 24.0,
        "humidity_pct": 81.0,
        "heat_index_c": 24.0,
        "wind_kmh": 6.5,
        "wind_dir": 0.0,
        "cloud_pct": 15.0
      }
    },
    {
      "type": "Feature",
      "geometry": {
        "type": "Point",
        "coordinates": [
          104.500497222,
          -4.862591667
        ]
      },
      "properties": {
        "location_name": "PLTM Besai Kemu",
        "slug": "pltm_besai_kemu",
        "date": "Minggu, 23 Agustus 2026",
        "date_iso": "2026-08-23",
        "relative": "Hari ini",
        "hour": "23:00",
        "rain_probability": 0,
        "risk_score": 36,
        "risk_class": "watch",
        "risk_label": "Perlu diperhatikan",
        "condition": "Cerah",
        "temp_c": 23.0,
        "humidity_pct": 82.0,
        "heat_index_c": 23.0,
        "wind_kmh": 6.6,
        "wind_dir": 0.0,
        "cloud_pct": 15.0
      }
    },
    {
      "type": "Feature",
      "geometry": {
        "type": "Point",
        "coordinates": [
          104.500497222,
          -4.862591667
        ]
      },
      "properties": {
        "location_name": "PLTM Besai Kemu",
        "slug": "pltm_besai_kemu",
        "date": "Senin, 24 Agustus 2026",
        "date_iso": "2026-08-24",
        "relative": "Besok",
        "hour": "00:00",
        "rain_probability": 0,
        "risk_score": 36,
        "risk_class": "watch",
        "risk_label": "Perlu diperhatikan",
        "condition": "Cerah",
        "temp_c": 22.5,
        "humidity_pct": 87.0,
        "heat_index_c": 22.5,
        "wind_kmh": 7.0,
        "wind_dir": 0.0,
        "cloud_pct": 15.0
      }
    },
    {
      "type": "Feature",
      "geometry": {
        "type": "Point",
        "coordinates": [
          104.500497222,
          -4.862591667
        ]
      },
      "properties": {
        "location_name": "PLTM Besai Kemu",
        "slug": "pltm_besai_kemu",
        "date": "Senin, 24 Agustus 2026",
        "date_iso": "2026-08-24",
        "relative": "Besok",
        "hour": "01:00",
        "rain_probability": 0,
        "risk_score": 30,
        "risk_class": "watch",
        "risk_label": "Perlu diperhatikan",
        "condition": "Cerah",
        "temp_c": 22.2,
        "humidity_pct": 88.0,
        "heat_index_c": 22.2,
        "wind_kmh": 6.9,
        "wind_dir": 0.0,
        "cloud_pct": 15.0
      }
    },
    {
      "type": "Feature",
      "geometry": {
        "type": "Point",
        "coordinates": [
          104.500497222,
          -4.862591667
        ]
      },
      "properties": {
        "location_name": "PLTM Besai Kemu",
        "slug": "pltm_besai_kemu",
        "date": "Senin, 24 Agustus 2026",
        "date_iso": "2026-08-24",
        "relative": "Besok",
        "hour": "02:00",
        "rain_probability": 0,
        "risk_score": 24,
        "risk_class": "safe",
        "risk_label": "Aman",
        "condition": "Cerah",
        "temp_c": 22.0,
        "humidity_pct": 87.0,
        "heat_index_c": 22.0,
        "wind_kmh": 7.1,
        "wind_dir": 0.0,
        "cloud_pct": 15.0
      }
    },
    {
      "type": "Feature",
      "geometry": {
        "type": "Point",
        "coordinates": [
          104.500497222,
          -4.862591667
        ]
      },
      "properties": {
        "location_name": "PLTM Besai Kemu",
        "slug": "pltm_besai_kemu",
        "date": "Senin, 24 Agustus 2026",
        "date_iso": "2026-08-24",
        "relative": "Besok",
        "hour": "03:00",
        "rain_probability": 0,
        "risk_score": 22,
        "risk_class": "safe",
        "risk_label": "Aman",
        "condition": "Cerah",
        "temp_c": 21.9,
        "humidity_pct": 90.0,
        "heat_index_c": 21.9,
        "wind_kmh": 7.5,
        "wind_dir": 0.0,
        "cloud_pct": 15.0
      }
    },
    {
      "type": "Feature",
      "geometry": {
        "type": "Point",
        "coordinates": [
          104.500497222,
          -4.862591667
        ]
      },
      "properties": {
        "location_name": "PLTM Besai Kemu",
        "slug": "pltm_besai_kemu",
        "date": "Senin, 24 Agustus 2026",
        "date_iso": "2026-08-24",
        "relative": "Besok",
        "hour": "04:00",
        "rain_probability": 0,
        "risk_score": 19,
        "risk_class": "safe",
        "risk_label": "Aman",
        "condition": "Cerah",
        "temp_c": 21.8,
        "humidity_pct": 89.0,
        "heat_index_c": 21.8,
        "wind_kmh": 7.2,
        "wind_dir": 0.0,
        "cloud_pct": 15.0
      }
    },
    {
      "type": "Feature",
      "geometry": {
        "type": "Point",
        "coordinates": [
          104.500497222,
          -4.862591667
        ]
      },
      "properties": {
        "location_name": "PLTM Besai Kemu",
        "slug": "pltm_besai_kemu",
        "date": "Senin, 24 Agustus 2026",
        "date_iso": "2026-08-24",
        "relative": "Besok",
        "hour": "05:00",
        "rain_probability": 0,
        "risk_score": 20,
        "risk_class": "safe",
        "risk_label": "Aman",
        "condition": "Cerah",
        "temp_c": 21.7,
        "humidity_pct": 90.0,
        "heat_index_c": 21.7,
        "wind_kmh": 6.8,
        "wind_dir": 0.0,
        "cloud_pct": 15.0
      }
    },
    {
      "type": "Feature",
      "geometry": {
        "type": "Point",
        "coordinates": [
          104.500497222,
          -4.862591667
        ]
      },
      "properties": {
        "location_name": "PLTM Besai Kemu",
        "slug": "pltm_besai_kemu",
        "date": "Senin, 24 Agustus 2026",
        "date_iso": "2026-08-24",
        "relative": "Besok",
        "hour": "06:00",
        "rain_probability": 0,
        "risk_score": 19,
        "risk_class": "safe",
        "risk_label": "Aman",
        "condition": "Cerah",
        "temp_c": 22.2,
        "humidity_pct": 88.0,
        "heat_index_c": 22.2,
        "wind_kmh": 5.6,
        "wind_dir": 0.0,
        "cloud_pct": 15.0
      }
    },
    {
      "type": "Feature",
      "geometry": {
        "type": "Point",
        "coordinates": [
          104.500497222,
          -4.862591667
        ]
      },
      "properties": {
        "location_name": "PLTM Besai Kemu",
        "slug": "pltm_besai_kemu",
        "date": "Senin, 24 Agustus 2026",
        "date_iso": "2026-08-24",
        "relative": "Besok",
        "hour": "07:00",
        "rain_probability": 0,
        "risk_score": 18,
        "risk_class": "safe",
        "risk_label": "Aman",
        "condition": "Cerah",
        "temp_c": 23.1,
        "humidity_pct": 80.0,
        "heat_index_c": 23.1,
        "wind_kmh": 5.2,
        "wind_dir": 0.0,
        "cloud_pct": 15.0
      }
    },
    {
      "type": "Feature",
      "geometry": {
        "type": "Point",
        "coordinates": [
          104.500497222,
          -4.862591667
        ]
      },
      "properties": {
        "location_name": "PLTM Besai Kemu",
        "slug": "pltm_besai_kemu",
        "date": "Senin, 24 Agustus 2026",
        "date_iso": "2026-08-24",
        "relative": "Besok",
        "hour": "08:00",
        "rain_probability": 0,
        "risk_score": 26,
        "risk_class": "watch",
        "risk_label": "Perlu diperhatikan",
        "condition": "Cerah",
        "temp_c": 25.0,
        "humidity_pct": 74.0,
        "heat_index_c": 25.0,
        "wind_kmh": 2.0,
        "wind_dir": 0.0,
        "cloud_pct": 15.0
      }
    },
    {
      "type": "Feature",
      "geometry": {
        "type": "Point",
        "coordinates": [
          104.500497222,
          -4.862591667
        ]
      },
      "properties": {
        "location_name": "PLTM Besai Kemu",
        "slug": "pltm_besai_kemu",
        "date": "Senin, 24 Agustus 2026",
        "date_iso": "2026-08-24",
        "relative": "Besok",
        "hour": "09:00",
        "rain_probability": 0,
        "risk_score": 56,
        "risk_class": "rain",
        "risk_label": "Waspada",
        "condition": "Cerah",
        "temp_c": 28.1,
        "humidity_pct": 63.0,
        "heat_index_c": 29.95,
        "wind_kmh": 5.8,
        "wind_dir": 0.0,
        "cloud_pct": 15.0
      }
    },
    {
      "type": "Feature",
      "geometry": {
        "type": "Point",
        "coordinates": [
          104.500497222,
          -4.862591667
        ]
      },
      "properties": {
        "location_name": "PLTM Besai Kemu",
        "slug": "pltm_besai_kemu",
        "date": "Senin, 24 Agustus 2026",
        "date_iso": "2026-08-24",
        "relative": "Besok",
        "hour": "10:00",
        "rain_probability": 0,
        "risk_score": 68,
        "risk_class": "rain",
        "risk_label": "Waspada",
        "condition": "Cerah",
        "temp_c": 30.0,
        "humidity_pct": 56.0,
        "heat_index_c": 32.07,
        "wind_kmh": 7.5,
        "wind_dir": 0.0,
        "cloud_pct": 15.0
      }
    },
    {
      "type": "Feature",
      "geometry": {
        "type": "Point",
        "coordinates": [
          104.500497222,
          -4.862591667
        ]
      },
      "properties": {
        "location_name": "PLTM Besai Kemu",
        "slug": "pltm_besai_kemu",
        "date": "Senin, 24 Agustus 2026",
        "date_iso": "2026-08-24",
        "relative": "Besok",
        "hour": "11:00",
        "rain_probability": 0,
        "risk_score": 78,
        "risk_class": "danger",
        "risk_label": "Berpotensi signifikan",
        "condition": "Cerah",
        "temp_c": 30.6,
        "humidity_pct": 54.0,
        "heat_index_c": 32.73,
        "wind_kmh": 10.2,
        "wind_dir": 0.0,
        "cloud_pct": 15.0
      }
    },
    {
      "type": "Feature",
      "geometry": {
        "type": "Point",
        "coordinates": [
          104.500497222,
          -4.862591667
        ]
      },
      "properties": {
        "location_name": "PLTM Besai Kemu",
        "slug": "pltm_besai_kemu",
        "date": "Senin, 24 Agustus 2026",
        "date_iso": "2026-08-24",
        "relative": "Besok",
        "hour": "12:00",
        "rain_probability": 0,
        "risk_score": 86,
        "risk_class": "danger",
        "risk_label": "Berpotensi signifikan",
        "condition": "Cerah",
        "temp_c": 31.9,
        "humidity_pct": 46.0,
        "heat_index_c": 33.72,
        "wind_kmh": 11.6,
        "wind_dir": 0.0,
        "cloud_pct": 15.0
      }
    },
    {
      "type": "Feature",
      "geometry": {
        "type": "Point",
        "coordinates": [
          104.500497222,
          -4.862591667
        ]
      },
      "properties": {
        "location_name": "PLTM Besai Kemu",
        "slug": "pltm_besai_kemu",
        "date": "Senin, 24 Agustus 2026",
        "date_iso": "2026-08-24",
        "relative": "Besok",
        "hour": "13:00",
        "rain_probability": 13.8,
        "risk_score": 94,
        "risk_class": "danger",
        "risk_label": "Berpotensi signifikan",
        "condition": "Cerah",
        "temp_c": 32.8,
        "humidity_pct": 44.0,
        "heat_index_c": 34.0,
        "wind_kmh": 11.9,
        "wind_dir": 0.0,
        "cloud_pct": 15.0
      }
    },
    {
      "type": "Feature",
      "geometry": {
        "type": "Point",
        "coordinates": [
          104.500497222,
          -4.862591667
        ]
      },
      "properties": {
        "location_name": "PLTM Besai Kemu",
        "slug": "pltm_besai_kemu",
        "date": "Senin, 24 Agustus 2026",
        "date_iso": "2026-08-24",
        "relative": "Besok",
        "hour": "14:00",
        "rain_probability": 14.4,
        "risk_score": 96,
        "risk_class": "danger",
        "risk_label": "Berpotensi signifikan",
        "condition": "Cerah",
        "temp_c": 33.1,
        "humidity_pct": 42.0,
        "heat_index_c": 34.39,
        "wind_kmh": 12.3,
        "wind_dir": 0.0,
        "cloud_pct": 15.0
      }
    },
    {
      "type": "Feature",
      "geometry": {
        "type": "Point",
        "coordinates": [
          104.500497222,
          -4.862591667
        ]
      },
      "properties": {
        "location_name": "PLTM Besai Kemu",
        "slug": "pltm_besai_kemu",
        "date": "Senin, 24 Agustus 2026",
        "date_iso": "2026-08-24",
        "relative": "Besok",
        "hour": "15:00",
        "rain_probability": 14.4,
        "risk_score": 93,
        "risk_class": "danger",
        "risk_label": "Berpotensi signifikan",
        "condition": "Cerah",
        "temp_c": 33.0,
        "humidity_pct": 43.0,
        "heat_index_c": 34.4,
        "wind_kmh": 12.6,
        "wind_dir": 0.0,
        "cloud_pct": 15.0
      }
    },
    {
      "type": "Feature",
      "geometry": {
        "type": "Point",
        "coordinates": [
          104.500497222,
          -4.862591667
        ]
      },
      "properties": {
        "location_name": "PLTM Besai Kemu",
        "slug": "pltm_besai_kemu",
        "date": "Senin, 24 Agustus 2026",
        "date_iso": "2026-08-24",
        "relative": "Besok",
        "hour": "16:00",
        "rain_probability": 0,
        "risk_score": 91,
        "risk_class": "danger",
        "risk_label": "Berpotensi signifikan",
        "condition": "Cerah",
        "temp_c": 32.6,
        "humidity_pct": 44.0,
        "heat_index_c": 34.02,
        "wind_kmh": 11.3,
        "wind_dir": 0.0,
        "cloud_pct": 15.0
      }
    },
    {
      "type": "Feature",
      "geometry": {
        "type": "Point",
        "coordinates": [
          104.500497222,
          -4.862591667
        ]
      },
      "properties": {
        "location_name": "PLTM Besai Kemu",
        "slug": "pltm_besai_kemu",
        "date": "Senin, 24 Agustus 2026",
        "date_iso": "2026-08-24",
        "relative": "Besok",
        "hour": "17:00",
        "rain_probability": 0,
        "risk_score": 87,
        "risk_class": "danger",
        "risk_label": "Berpotensi signifikan",
        "condition": "Cerah",
        "temp_c": 31.7,
        "humidity_pct": 46.0,
        "heat_index_c": 33.1,
        "wind_kmh": 9.6,
        "wind_dir": 0.0,
        "cloud_pct": 15.0
      }
    },
    {
      "type": "Feature",
      "geometry": {
        "type": "Point",
        "coordinates": [
          104.500497222,
          -4.862591667
        ]
      },
      "properties": {
        "location_name": "PLTM Besai Kemu",
        "slug": "pltm_besai_kemu",
        "date": "Senin, 24 Agustus 2026",
        "date_iso": "2026-08-24",
        "relative": "Besok",
        "hour": "18:00",
        "rain_probability": 0,
        "risk_score": 80,
        "risk_class": "danger",
        "risk_label": "Berpotensi signifikan",
        "condition": "Cerah",
        "temp_c": 28.9,
        "humidity_pct": 50.0,
        "heat_index_c": 31.0,
        "wind_kmh": 10.1,
        "wind_dir": 0.0,
        "cloud_pct": 15.0
      }
    },
    {
      "type": "Feature",
      "geometry": {
        "type": "Point",
        "coordinates": [
          104.500497222,
          -4.862591667
        ]
      },
      "properties": {
        "location_name": "PLTM Besai Kemu",
        "slug": "pltm_besai_kemu",
        "date": "Senin, 24 Agustus 2026",
        "date_iso": "2026-08-24",
        "relative": "Besok",
        "hour": "19:00",
        "rain_probability": 0,
        "risk_score": 69,
        "risk_class": "rain",
        "risk_label": "Waspada",
        "condition": "Cerah",
        "temp_c": 27.1,
        "humidity_pct": 64.0,
        "heat_index_c": 29.16,
        "wind_kmh": 11.9,
        "wind_dir": 0.0,
        "cloud_pct": 15.0
      }
    },
    {
      "type": "Feature",
      "geometry": {
        "type": "Point",
        "coordinates": [
          104.500497222,
          -4.862591667
        ]
      },
      "properties": {
        "location_name": "PLTM Besai Kemu",
        "slug": "pltm_besai_kemu",
        "date": "Senin, 24 Agustus 2026",
        "date_iso": "2026-08-24",
        "relative": "Besok",
        "hour": "20:00",
        "rain_probability": 0,
        "risk_score": 50,
        "risk_class": "watch",
        "risk_label": "Perlu diperhatikan",
        "condition": "Cerah",
        "temp_c": 26.0,
        "humidity_pct": 65.0,
        "heat_index_c": 26.0,
        "wind_kmh": 10.1,
        "wind_dir": 0.0,
        "cloud_pct": 15.0
      }
    },
    {
      "type": "Feature",
      "geometry": {
        "type": "Point",
        "coordinates": [
          104.500497222,
          -4.862591667
        ]
      },
      "properties": {
        "location_name": "PLTM Besai Kemu",
        "slug": "pltm_besai_kemu",
        "date": "Senin, 24 Agustus 2026",
        "date_iso": "2026-08-24",
        "relative": "Besok",
        "hour": "21:00",
        "rain_probability": 0,
        "risk_score": 43,
        "risk_class": "watch",
        "risk_label": "Perlu diperhatikan",
        "condition": "Cerah Berawan",
        "temp_c": 25.0,
        "humidity_pct": 78.0,
        "heat_index_c": 25.0,
        "wind_kmh": 6.6,
        "wind_dir": 0.0,
        "cloud_pct": 45.0
      }
    },
    {
      "type": "Feature",
      "geometry": {
        "type": "Point",
        "coordinates": [
          104.500497222,
          -4.862591667
        ]
      },
      "properties": {
        "location_name": "PLTM Besai Kemu",
        "slug": "pltm_besai_kemu",
        "date": "Senin, 24 Agustus 2026",
        "date_iso": "2026-08-24",
        "relative": "Besok",
        "hour": "22:00",
        "rain_probability": 0,
        "risk_score": 35,
        "risk_class": "watch",
        "risk_label": "Perlu diperhatikan",
        "condition": "Cerah",
        "temp_c": 24.3,
        "humidity_pct": 78.0,
        "heat_index_c": 24.3,
        "wind_kmh": 5.4,
        "wind_dir": 0.0,
        "cloud_pct": 15.0
      }
    },
    {
      "type": "Feature",
      "geometry": {
        "type": "Point",
        "coordinates": [
          104.500497222,
          -4.862591667
        ]
      },
      "properties": {
        "location_name": "PLTM Besai Kemu",
        "slug": "pltm_besai_kemu",
        "date": "Senin, 24 Agustus 2026",
        "date_iso": "2026-08-24",
        "relative": "Besok",
        "hour": "23:00",
        "rain_probability": 14.4,
        "risk_score": 34,
        "risk_class": "watch",
        "risk_label": "Perlu diperhatikan",
        "condition": "Cerah",
        "temp_c": 23.9,
        "humidity_pct": 81.0,
        "heat_index_c": 23.9,
        "wind_kmh": 5.0,
        "wind_dir": 0.0,
        "cloud_pct": 15.0
      }
    },
    {
      "type": "Feature",
      "geometry": {
        "type": "Point",
        "coordinates": [
          104.500497222,
          -4.862591667
        ]
      },
      "properties": {
        "location_name": "PLTM Besai Kemu",
        "slug": "pltm_besai_kemu",
        "date": "Selasa, 25 Agustus 2026",
        "date_iso": "2026-08-25",
        "relative": "Lusa",
        "hour": "00:00",
        "rain_probability": 14.4,
        "risk_score": 36,
        "risk_class": "watch",
        "risk_label": "Perlu diperhatikan",
        "condition": "Cerah",
        "temp_c": 22.8,
        "humidity_pct": 86.0,
        "heat_index_c": 22.8,
        "wind_kmh": 6.1,
        "wind_dir": 0.0,
        "cloud_pct": 15.0
      }
    },
    {
      "type": "Feature",
      "geometry": {
        "type": "Point",
        "coordinates": [
          104.500497222,
          -4.862591667
        ]
      },
      "properties": {
        "location_name": "PLTM Besai Kemu",
        "slug": "pltm_besai_kemu",
        "date": "Selasa, 25 Agustus 2026",
        "date_iso": "2026-08-25",
        "relative": "Lusa",
        "hour": "01:00",
        "rain_probability": 13.8,
        "risk_score": 34,
        "risk_class": "watch",
        "risk_label": "Perlu diperhatikan",
        "condition": "Cerah",
        "temp_c": 22.5,
        "humidity_pct": 87.0,
        "heat_index_c": 22.5,
        "wind_kmh": 5.4,
        "wind_dir": 0.0,
        "cloud_pct": 15.0
      }
    },
    {
      "type": "Feature",
      "geometry": {
        "type": "Point",
        "coordinates": [
          104.500497222,
          -4.862591667
        ]
      },
      "properties": {
        "location_name": "PLTM Besai Kemu",
        "slug": "pltm_besai_kemu",
        "date": "Selasa, 25 Agustus 2026",
        "date_iso": "2026-08-25",
        "relative": "Lusa",
        "hour": "02:00",
        "rain_probability": 0,
        "risk_score": 31,
        "risk_class": "watch",
        "risk_label": "Perlu diperhatikan",
        "condition": "Cerah",
        "temp_c": 22.3,
        "humidity_pct": 88.0,
        "heat_index_c": 22.3,
        "wind_kmh": 5.8,
        "wind_dir": 0.0,
        "cloud_pct": 15.0
      }
    },
    {
      "type": "Feature",
      "geometry": {
        "type": "Point",
        "coordinates": [
          104.500497222,
          -4.862591667
        ]
      },
      "properties": {
        "location_name": "PLTM Besai Kemu",
        "slug": "pltm_besai_kemu",
        "date": "Selasa, 25 Agustus 2026",
        "date_iso": "2026-08-25",
        "relative": "Lusa",
        "hour": "03:00",
        "rain_probability": 0,
        "risk_score": 22,
        "risk_class": "safe",
        "risk_label": "Aman",
        "condition": "Cerah Berawan",
        "temp_c": 22.2,
        "humidity_pct": 90.0,
        "heat_index_c": 22.2,
        "wind_kmh": 6.3,
        "wind_dir": 0.0,
        "cloud_pct": 45.0
      }
    },
    {
      "type": "Feature",
      "geometry": {
        "type": "Point",
        "coordinates": [
          104.500497222,
          -4.862591667
        ]
      },
      "properties": {
        "location_name": "PLTM Besai Kemu",
        "slug": "pltm_besai_kemu",
        "date": "Selasa, 25 Agustus 2026",
        "date_iso": "2026-08-25",
        "relative": "Lusa",
        "hour": "04:00",
        "rain_probability": 0,
        "risk_score": 22,
        "risk_class": "safe",
        "risk_label": "Aman",
        "condition": "Cerah Berawan",
        "temp_c": 22.1,
        "humidity_pct": 88.0,
        "heat_index_c": 22.1,
        "wind_kmh": 6.3,
        "wind_dir": 0.0,
        "cloud_pct": 45.0
      }
    },
    {
      "type": "Feature",
      "geometry": {
        "type": "Point",
        "coordinates": [
          104.500497222,
          -4.862591667
        ]
      },
      "properties": {
        "location_name": "PLTM Besai Kemu",
        "slug": "pltm_besai_kemu",
        "date": "Selasa, 25 Agustus 2026",
        "date_iso": "2026-08-25",
        "relative": "Lusa",
        "hour": "05:00",
        "rain_probability": 0,
        "risk_score": 22,
        "risk_class": "safe",
        "risk_label": "Aman",
        "condition": "Cerah Berawan",
        "temp_c": 22.0,
        "humidity_pct": 89.0,
        "heat_index_c": 22.0,
        "wind_kmh": 6.3,
        "wind_dir": 0.0,
        "cloud_pct": 45.0
      }
    },
    {
      "type": "Feature",
      "geometry": {
        "type": "Point",
        "coordinates": [
          104.500497222,
          -4.862591667
        ]
      },
      "properties": {
        "location_name": "PLTM Besai Kemu",
        "slug": "pltm_besai_kemu",
        "date": "Selasa, 25 Agustus 2026",
        "date_iso": "2026-08-25",
        "relative": "Lusa",
        "hour": "06:00",
        "rain_probability": 0,
        "risk_score": 19,
        "risk_class": "safe",
        "risk_label": "Aman",
        "condition": "Cerah",
        "temp_c": 22.2,
        "humidity_pct": 86.0,
        "heat_index_c": 22.2,
        "wind_kmh": 5.5,
        "wind_dir": 0.0,
        "cloud_pct": 15.0
      }
    },
    {
      "type": "Feature",
      "geometry": {
        "type": "Point",
        "coordinates": [
          104.500497222,
          -4.862591667
        ]
      },
      "properties": {
        "location_name": "PLTM Besai Kemu",
        "slug": "pltm_besai_kemu",
        "date": "Selasa, 25 Agustus 2026",
        "date_iso": "2026-08-25",
        "relative": "Lusa",
        "hour": "07:00",
        "rain_probability": 0,
        "risk_score": 18,
        "risk_class": "safe",
        "risk_label": "Aman",
        "condition": "Cerah",
        "temp_c": 23.7,
        "humidity_pct": 80.0,
        "heat_index_c": 23.7,
        "wind_kmh": 5.2,
        "wind_dir": 0.0,
        "cloud_pct": 15.0
      }
    },
    {
      "type": "Feature",
      "geometry": {
        "type": "Point",
        "coordinates": [
          104.500497222,
          -4.862591667
        ]
      },
      "properties": {
        "location_name": "PLTM Besai Kemu",
        "slug": "pltm_besai_kemu",
        "date": "Selasa, 25 Agustus 2026",
        "date_iso": "2026-08-25",
        "relative": "Lusa",
        "hour": "08:00",
        "rain_probability": 0,
        "risk_score": 26,
        "risk_class": "watch",
        "risk_label": "Perlu diperhatikan",
        "condition": "Cerah",
        "temp_c": 25.0,
        "humidity_pct": 75.0,
        "heat_index_c": 25.0,
        "wind_kmh": 3.2,
        "wind_dir": 0.0,
        "cloud_pct": 15.0
      }
    },
    {
      "type": "Feature",
      "geometry": {
        "type": "Point",
        "coordinates": [
          104.500497222,
          -4.862591667
        ]
      },
      "properties": {
        "location_name": "PLTM Besai Kemu",
        "slug": "pltm_besai_kemu",
        "date": "Selasa, 25 Agustus 2026",
        "date_iso": "2026-08-25",
        "relative": "Lusa",
        "hour": "09:00",
        "rain_probability": 0,
        "risk_score": 51,
        "risk_class": "watch",
        "risk_label": "Perlu diperhatikan",
        "condition": "Cerah",
        "temp_c": 28.7,
        "humidity_pct": 62.0,
        "heat_index_c": 30.59,
        "wind_kmh": 6.9,
        "wind_dir": 0.0,
        "cloud_pct": 15.0
      }
    },
    {
      "type": "Feature",
      "geometry": {
        "type": "Point",
        "coordinates": [
          104.500497222,
          -4.862591667
        ]
      },
      "properties": {
        "location_name": "PLTM Besai Kemu",
        "slug": "pltm_besai_kemu",
        "date": "Selasa, 25 Agustus 2026",
        "date_iso": "2026-08-25",
        "relative": "Lusa",
        "hour": "10:00",
        "rain_probability": 0,
        "risk_score": 68,
        "risk_class": "rain",
        "risk_label": "Waspada",
        "condition": "Cerah",
        "temp_c": 29.3,
        "humidity_pct": 57.0,
        "heat_index_c": 31.55,
        "wind_kmh": 8.9,
        "wind_dir": 0.0,
        "cloud_pct": 15.0
      }
    },
    {
      "type": "Feature",
      "geometry": {
        "type": "Point",
        "coordinates": [
          104.500497222,
          -4.862591667
        ]
      },
      "properties": {
        "location_name": "PLTM Besai Kemu",
        "slug": "pltm_besai_kemu",
        "date": "Selasa, 25 Agustus 2026",
        "date_iso": "2026-08-25",
        "relative": "Lusa",
        "hour": "11:00",
        "rain_probability": 0,
        "risk_score": 83,
        "risk_class": "danger",
        "risk_label": "Berpotensi signifikan",
        "condition": "Cerah Berawan",
        "temp_c": 30.7,
        "humidity_pct": 54.0,
        "heat_index_c": 32.91,
        "wind_kmh": 9.0,
        "wind_dir": 0.0,
        "cloud_pct": 45.0
      }
    },
    {
      "type": "Feature",
      "geometry": {
        "type": "Point",
        "coordinates": [
          104.500497222,
          -4.862591667
        ]
      },
      "properties": {
        "location_name": "PLTM Besai Kemu",
        "slug": "pltm_besai_kemu",
        "date": "Selasa, 25 Agustus 2026",
        "date_iso": "2026-08-25",
        "relative": "Lusa",
        "hour": "12:00",
        "rain_probability": 0,
        "risk_score": 86,
        "risk_class": "danger",
        "risk_label": "Berpotensi signifikan",
        "condition": "Cerah Berawan",
        "temp_c": 31.8,
        "humidity_pct": 47.0,
        "heat_index_c": 33.77,
        "wind_kmh": 9.4,
        "wind_dir": 0.0,
        "cloud_pct": 45.0
      }
    },
    {
      "type": "Feature",
      "geometry": {
        "type": "Point",
        "coordinates": [
          104.500497222,
          -4.862591667
        ]
      },
      "properties": {
        "location_name": "PLTM Besai Kemu",
        "slug": "pltm_besai_kemu",
        "date": "Selasa, 25 Agustus 2026",
        "date_iso": "2026-08-25",
        "relative": "Lusa",
        "hour": "13:00",
        "rain_probability": 0,
        "risk_score": 88,
        "risk_class": "danger",
        "risk_label": "Berpotensi signifikan",
        "condition": "Cerah",
        "temp_c": 32.5,
        "humidity_pct": 46.0,
        "heat_index_c": 34.2,
        "wind_kmh": 10.2,
        "wind_dir": 0.0,
        "cloud_pct": 15.0
      }
    },
    {
      "type": "Feature",
      "geometry": {
        "type": "Point",
        "coordinates": [
          104.500497222,
          -4.862591667
        ]
      },
      "properties": {
        "location_name": "PLTM Besai Kemu",
        "slug": "pltm_besai_kemu",
        "date": "Selasa, 25 Agustus 2026",
        "date_iso": "2026-08-25",
        "relative": "Lusa",
        "hour": "14:00",
        "rain_probability": 14.4,
        "risk_score": 92,
        "risk_class": "danger",
        "risk_label": "Berpotensi signifikan",
        "condition": "Cerah Berawan",
        "temp_c": 32.9,
        "humidity_pct": 45.0,
        "heat_index_c": 34.77,
        "wind_kmh": 10.5,
        "wind_dir": 0.0,
        "cloud_pct": 45.0
      }
    },
    {
      "type": "Feature",
      "geometry": {
        "type": "Point",
        "coordinates": [
          104.500497222,
          -4.862591667
        ]
      },
      "properties": {
        "location_name": "PLTM Besai Kemu",
        "slug": "pltm_besai_kemu",
        "date": "Selasa, 25 Agustus 2026",
        "date_iso": "2026-08-25",
        "relative": "Lusa",
        "hour": "15:00",
        "rain_probability": 14.4,
        "risk_score": 94,
        "risk_class": "danger",
        "risk_label": "Berpotensi signifikan",
        "condition": "Cerah Berawan",
        "temp_c": 32.9,
        "humidity_pct": 46.0,
        "heat_index_c": 34.6,
        "wind_kmh": 9.3,
        "wind_dir": 0.0,
        "cloud_pct": 45.0
      }
    },
    {
      "type": "Feature",
      "geometry": {
        "type": "Point",
        "coordinates": [
          104.500497222,
          -4.862591667
        ]
      },
      "properties": {
        "location_name": "PLTM Besai Kemu",
        "slug": "pltm_besai_kemu",
        "date": "Selasa, 25 Agustus 2026",
        "date_iso": "2026-08-25",
        "relative": "Lusa",
        "hour": "16:00",
        "rain_probability": 13.8,
        "risk_score": 94,
        "risk_class": "danger",
        "risk_label": "Berpotensi signifikan",
        "condition": "Cerah",
        "temp_c": 32.5,
        "humidity_pct": 48.0,
        "heat_index_c": 33.61,
        "wind_kmh": 8.6,
        "wind_dir": 0.0,
        "cloud_pct": 45.0
      }
    },
    {
      "type": "Feature",
      "geometry": {
        "type": "Point",
        "coordinates": [
          104.500497222,
          -4.862591667
        ]
      },
      "properties": {
        "location_name": "PLTM Besai Kemu",
        "slug": "pltm_besai_kemu",
        "date": "Selasa, 25 Agustus 2026",
        "date_iso": "2026-08-25",
        "relative": "Lusa",
        "hour": "17:00",
        "rain_probability": 14.4,
        "risk_score": 86,
        "risk_class": "danger",
        "risk_label": "Berpotensi signifikan",
        "condition": "Cerah Berawan",
        "temp_c": 30.6,
        "humidity_pct": 52.0,
        "heat_index_c": 32.65,
        "wind_kmh": 10.1,
        "wind_dir": 0.0,
        "cloud_pct": 45.0
      }
    },
    {
      "type": "Feature",
      "geometry": {
        "type": "Point",
        "coordinates": [
          104.500497222,
          -4.862591667
        ]
      },
      "properties": {
        "location_name": "PLTM Besai Kemu",
        "slug": "pltm_besai_kemu",
        "date": "Selasa, 25 Agustus 2026",
        "date_iso": "2026-08-25",
        "relative": "Lusa",
        "hour": "18:00",
        "rain_probability": 14.4,
        "risk_score": 85,
        "risk_class": "danger",
        "risk_label": "Berpotensi signifikan",
        "condition": "Cerah Berawan",
        "temp_c": 29.2,
        "humidity_pct": 60.0,
        "heat_index_c": 30.83,
        "wind_kmh": 10.1,
        "wind_dir": 0.0,
        "cloud_pct": 45.0
      }
    },
    {
      "type": "Feature",
      "geometry": {
        "type": "Point",
        "coordinates": [
          104.500497222,
          -4.862591667
        ]
      },
      "properties": {
        "location_name": "PLTM Besai Kemu",
        "slug": "pltm_besai_kemu",
        "date": "Selasa, 25 Agustus 2026",
        "date_iso": "2026-08-25",
        "relative": "Lusa",
        "hour": "19:00",
        "rain_probability": 13.8,
        "risk_score": 71,
        "risk_class": "rain",
        "risk_label": "Waspada",
        "condition": "Cerah Berawan",
        "temp_c": 27.8,
        "humidity_pct": 66.0,
        "heat_index_c": 29.48,
        "wind_kmh": 10.6,
        "wind_dir": 0.0,
        "cloud_pct": 45.0
      }
    },
    {
      "type": "Feature",
      "geometry": {
        "type": "Point",
        "coordinates": [
          104.500497222,
          -4.862591667
        ]
      },
      "properties": {
        "location_name": "PLTM Besai Kemu",
        "slug": "pltm_besai_kemu",
        "date": "Selasa, 25 Agustus 2026",
        "date_iso": "2026-08-25",
        "relative": "Lusa",
        "hour": "20:00",
        "rain_probability": 0,
        "risk_score": 61,
        "risk_class": "rain",
        "risk_label": "Waspada",
        "condition": "Cerah Berawan",
        "temp_c": 26.1,
        "humidity_pct": 74.0,
        "heat_index_c": 26.1,
        "wind_kmh": 9.0,
        "wind_dir": 0.0,
        "cloud_pct": 45.0
      }
    },
    {
      "type": "Feature",
      "geometry": {
        "type": "Point",
        "coordinates": [
          104.500497222,
          -4.862591667
        ]
      },
      "properties": {
        "location_name": "PLTM Besai Kemu",
        "slug": "pltm_besai_kemu",
        "date": "Selasa, 25 Agustus 2026",
        "date_iso": "2026-08-25",
        "relative": "Lusa",
        "hour": "21:00",
        "rain_probability": 0,
        "risk_score": 58,
        "risk_class": "rain",
        "risk_label": "Waspada",
        "condition": "Cerah Berawan",
        "temp_c": 24.9,
        "humidity_pct": 82.0,
        "heat_index_c": 24.9,
        "wind_kmh": 7.2,
        "wind_dir": 0.0,
        "cloud_pct": 45.0
      }
    },
    {
      "type": "Feature",
      "geometry": {
        "type": "Point",
        "coordinates": [
          104.500497222,
          -4.862591667
        ]
      },
      "properties": {
        "location_name": "PLTM Besai Kemu",
        "slug": "pltm_besai_kemu",
        "date": "Selasa, 25 Agustus 2026",
        "date_iso": "2026-08-25",
        "relative": "Lusa",
        "hour": "22:00",
        "rain_probability": 0,
        "risk_score": 50,
        "risk_class": "watch",
        "risk_label": "Perlu diperhatikan",
        "condition": "Cerah",
        "temp_c": 24.0,
        "humidity_pct": 84.0,
        "heat_index_c": 24.0,
        "wind_kmh": 5.8,
        "wind_dir": 0.0,
        "cloud_pct": 15.0
      }
    },
    {
      "type": "Feature",
      "geometry": {
        "type": "Point",
        "coordinates": [
          104.500497222,
          -4.862591667
        ]
      },
      "properties": {
        "location_name": "PLTM Besai Kemu",
        "slug": "pltm_besai_kemu",
        "date": "Selasa, 25 Agustus 2026",
        "date_iso": "2026-08-25",
        "relative": "Lusa",
        "hour": "23:00",
        "rain_probability": 0,
        "risk_score": 43,
        "risk_class": "watch",
        "risk_label": "Perlu diperhatikan",
        "condition": "Cerah",
        "temp_c": 24.0,
        "humidity_pct": 84.0,
        "heat_index_c": 24.0,
        "wind_kmh": 6.3,
        "wind_dir": 0.0,
        "cloud_pct": 15.0
      }
    },
    {
      "type": "Feature",
      "geometry": {
        "type": "Point",
        "coordinates": [
          104.509577778,
          -4.839133333
        ]
      },
      "properties": {
        "location_name": "Headpond Besai Kemu",
        "slug": "pltm_besai_kemu_headpond",
        "date": "Minggu, 23 Agustus 2026",
        "date_iso": "2026-08-23",
        "relative": "Hari ini",
        "hour": "00:00",
        "rain_probability": 0,
        "risk_score": 46,
        "risk_class": "watch",
        "risk_label": "Perlu diperhatikan",
        "condition": "Cerah",
        "temp_c": 22.4,
        "humidity_pct": 87.0,
        "heat_index_c": 22.4,
        "wind_kmh": 6.4,
        "wind_dir": 0.0,
        "cloud_pct": 15.0
      }
    },
    {
      "type": "Feature",
      "geometry": {
        "type": "Point",
        "coordinates": [
          104.509577778,
          -4.839133333
        ]
      },
      "properties": {
        "location_name": "Headpond Besai Kemu",
        "slug": "pltm_besai_kemu_headpond",
        "date": "Minggu, 23 Agustus 2026",
        "date_iso": "2026-08-23",
        "relative": "Hari ini",
        "hour": "01:00",
        "rain_probability": 0,
        "risk_score": 35,
        "risk_class": "watch",
        "risk_label": "Perlu diperhatikan",
        "condition": "Cerah",
        "temp_c": 22.3,
        "humidity_pct": 87.0,
        "heat_index_c": 22.3,
        "wind_kmh": 6.3,
        "wind_dir": 0.0,
        "cloud_pct": 45.0
      }
    },
    {
      "type": "Feature",
      "geometry": {
        "type": "Point",
        "coordinates": [
          104.509577778,
          -4.839133333
        ]
      },
      "properties": {
        "location_name": "Headpond Besai Kemu",
        "slug": "pltm_besai_kemu_headpond",
        "date": "Minggu, 23 Agustus 2026",
        "date_iso": "2026-08-23",
        "relative": "Hari ini",
        "hour": "02:00",
        "rain_probability": 0,
        "risk_score": 22,
        "risk_class": "safe",
        "risk_label": "Aman",
        "condition": "Cerah",
        "temp_c": 21.9,
        "humidity_pct": 90.0,
        "heat_index_c": 21.9,
        "wind_kmh": 5.0,
        "wind_dir": 0.0,
        "cloud_pct": 15.0
      }
    },
    {
      "type": "Feature",
      "geometry": {
        "type": "Point",
        "coordinates": [
          104.509577778,
          -4.839133333
        ]
      },
      "properties": {
        "location_name": "Headpond Besai Kemu",
        "slug": "pltm_besai_kemu_headpond",
        "date": "Minggu, 23 Agustus 2026",
        "date_iso": "2026-08-23",
        "relative": "Hari ini",
        "hour": "03:00",
        "rain_probability": 0,
        "risk_score": 23,
        "risk_class": "safe",
        "risk_label": "Aman",
        "condition": "Cerah",
        "temp_c": 21.8,
        "humidity_pct": 91.0,
        "heat_index_c": 21.8,
        "wind_kmh": 6.0,
        "wind_dir": 0.0,
        "cloud_pct": 45.0
      }
    },
    {
      "type": "Feature",
      "geometry": {
        "type": "Point",
        "coordinates": [
          104.509577778,
          -4.839133333
        ]
      },
      "properties": {
        "location_name": "Headpond Besai Kemu",
        "slug": "pltm_besai_kemu_headpond",
        "date": "Minggu, 23 Agustus 2026",
        "date_iso": "2026-08-23",
        "relative": "Hari ini",
        "hour": "04:00",
        "rain_probability": 0,
        "risk_score": 25,
        "risk_class": "watch",
        "risk_label": "Perlu diperhatikan",
        "condition": "Berawan",
        "temp_c": 22.4,
        "humidity_pct": 88.0,
        "heat_index_c": 22.4,
        "wind_kmh": 5.6,
        "wind_dir": 0.0,
        "cloud_pct": 75.0
      }
    },
    {
      "type": "Feature",
      "geometry": {
        "type": "Point",
        "coordinates": [
          104.509577778,
          -4.839133333
        ]
      },
      "properties": {
        "location_name": "Headpond Besai Kemu",
        "slug": "pltm_besai_kemu_headpond",
        "date": "Minggu, 23 Agustus 2026",
        "date_iso": "2026-08-23",
        "relative": "Hari ini",
        "hour": "05:00",
        "rain_probability": 0,
        "risk_score": 22,
        "risk_class": "safe",
        "risk_label": "Aman",
        "condition": "Berawan",
        "temp_c": 22.3,
        "humidity_pct": 88.0,
        "heat_index_c": 22.3,
        "wind_kmh": 5.5,
        "wind_dir": 0.0,
        "cloud_pct": 45.0
      }
    },
    {
      "type": "Feature",
      "geometry": {
        "type": "Point",
        "coordinates": [
          104.509577778,
          -4.839133333
        ]
      },
      "properties": {
        "location_name": "Headpond Besai Kemu",
        "slug": "pltm_besai_kemu_headpond",
        "date": "Minggu, 23 Agustus 2026",
        "date_iso": "2026-08-23",
        "relative": "Hari ini",
        "hour": "06:00",
        "rain_probability": 0,
        "risk_score": 25,
        "risk_class": "watch",
        "risk_label": "Perlu diperhatikan",
        "condition": "Berawan",
        "temp_c": 22.5,
        "humidity_pct": 88.0,
        "heat_index_c": 22.5,
        "wind_kmh": 5.4,
        "wind_dir": 0.0,
        "cloud_pct": 75.0
      }
    },
    {
      "type": "Feature",
      "geometry": {
        "type": "Point",
        "coordinates": [
          104.509577778,
          -4.839133333
        ]
      },
      "properties": {
        "location_name": "Headpond Besai Kemu",
        "slug": "pltm_besai_kemu_headpond",
        "date": "Minggu, 23 Agustus 2026",
        "date_iso": "2026-08-23",
        "relative": "Hari ini",
        "hour": "07:00",
        "rain_probability": 0,
        "risk_score": 21,
        "risk_class": "safe",
        "risk_label": "Aman",
        "condition": "Berawan",
        "temp_c": 23.2,
        "humidity_pct": 82.0,
        "heat_index_c": 23.2,
        "wind_kmh": 4.8,
        "wind_dir": 0.0,
        "cloud_pct": 45.0
      }
    },
    {
      "type": "Feature",
      "geometry": {
        "type": "Point",
        "coordinates": [
          104.509577778,
          -4.839133333
        ]
      },
      "properties": {
        "location_name": "Headpond Besai Kemu",
        "slug": "pltm_besai_kemu_headpond",
        "date": "Minggu, 23 Agustus 2026",
        "date_iso": "2026-08-23",
        "relative": "Hari ini",
        "hour": "08:00",
        "rain_probability": 0,
        "risk_score": 24,
        "risk_class": "safe",
        "risk_label": "Aman",
        "condition": "Cerah",
        "temp_c": 25.0,
        "humidity_pct": 75.0,
        "heat_index_c": 25.0,
        "wind_kmh": 1.8,
        "wind_dir": 0.0,
        "cloud_pct": 45.0
      }
    },
    {
      "type": "Feature",
      "geometry": {
        "type": "Point",
        "coordinates": [
          104.509577778,
          -4.839133333
        ]
      },
      "properties": {
        "location_name": "Headpond Besai Kemu",
        "slug": "pltm_besai_kemu_headpond",
        "date": "Minggu, 23 Agustus 2026",
        "date_iso": "2026-08-23",
        "relative": "Hari ini",
        "hour": "09:00",
        "rain_probability": 0,
        "risk_score": 55,
        "risk_class": "watch",
        "risk_label": "Perlu diperhatikan",
        "condition": "Cerah Berawan",
        "temp_c": 28.2,
        "humidity_pct": 65.0,
        "heat_index_c": 30.37,
        "wind_kmh": 5.4,
        "wind_dir": 0.0,
        "cloud_pct": 45.0
      }
    },
    {
      "type": "Feature",
      "geometry": {
        "type": "Point",
        "coordinates": [
          104.509577778,
          -4.839133333
        ]
      },
      "properties": {
        "location_name": "Headpond Besai Kemu",
        "slug": "pltm_besai_kemu_headpond",
        "date": "Minggu, 23 Agustus 2026",
        "date_iso": "2026-08-23",
        "relative": "Hari ini",
        "hour": "10:00",
        "rain_probability": 0,
        "risk_score": 73,
        "risk_class": "rain",
        "risk_label": "Waspada",
        "condition": "Cerah",
        "temp_c": 29.6,
        "humidity_pct": 57.0,
        "heat_index_c": 31.91,
        "wind_kmh": 8.9,
        "wind_dir": 0.0,
        "cloud_pct": 15.0
      }
    },
    {
      "type": "Feature",
      "geometry": {
        "type": "Point",
        "coordinates": [
          104.509577778,
          -4.839133333
        ]
      },
      "properties": {
        "location_name": "Headpond Besai Kemu",
        "slug": "pltm_besai_kemu_headpond",
        "date": "Minggu, 23 Agustus 2026",
        "date_iso": "2026-08-23",
        "relative": "Hari ini",
        "hour": "11:00",
        "rain_probability": 0,
        "risk_score": 81,
        "risk_class": "danger",
        "risk_label": "Berpotensi signifikan",
        "condition": "Cerah Berawan",
        "temp_c": 31.0,
        "humidity_pct": 53.0,
        "heat_index_c": 33.23,
        "wind_kmh": 9.9,
        "wind_dir": 0.0,
        "cloud_pct": 45.0
      }
    },
    {
      "type": "Feature",
      "geometry": {
        "type": "Point",
        "coordinates": [
          104.509577778,
          -4.839133333
        ]
      },
      "properties": {
        "location_name": "Headpond Besai Kemu",
        "slug": "pltm_besai_kemu_headpond",
        "date": "Minggu, 23 Agustus 2026",
        "date_iso": "2026-08-23",
        "relative": "Hari ini",
        "hour": "12:00",
        "rain_probability": 14.4,
        "risk_score": 88,
        "risk_class": "danger",
        "risk_label": "Berpotensi signifikan",
        "condition": "Cerah",
        "temp_c": 32.1,
        "humidity_pct": 44.0,
        "heat_index_c": 34.07,
        "wind_kmh": 9.6,
        "wind_dir": 0.0,
        "cloud_pct": 45.0
      }
    },
    {
      "type": "Feature",
      "geometry": {
        "type": "Point",
        "coordinates": [
          104.509577778,
          -4.839133333
        ]
      },
      "properties": {
        "location_name": "Headpond Besai Kemu",
        "slug": "pltm_besai_kemu_headpond",
        "date": "Minggu, 23 Agustus 2026",
        "date_iso": "2026-08-23",
        "relative": "Hari ini",
        "hour": "13:00",
        "rain_probability": 0,
        "risk_score": 91,
        "risk_class": "danger",
        "risk_label": "Berpotensi signifikan",
        "condition": "Cerah Berawan",
        "temp_c": 32.9,
        "humidity_pct": 44.0,
        "heat_index_c": 34.0,
        "wind_kmh": 9.5,
        "wind_dir": 0.0,
        "cloud_pct": 45.0
      }
    },
    {
      "type": "Feature",
      "geometry": {
        "type": "Point",
        "coordinates": [
          104.509577778,
          -4.839133333
        ]
      },
      "properties": {
        "location_name": "Headpond Besai Kemu",
        "slug": "pltm_besai_kemu_headpond",
        "date": "Minggu, 23 Agustus 2026",
        "date_iso": "2026-08-23",
        "relative": "Hari ini",
        "hour": "14:00",
        "rain_probability": 0,
        "risk_score": 94,
        "risk_class": "danger",
        "risk_label": "Berpotensi signifikan",
        "condition": "Cerah",
        "temp_c": 33.3,
        "humidity_pct": 41.0,
        "heat_index_c": 34.3,
        "wind_kmh": 9.8,
        "wind_dir": 0.0,
        "cloud_pct": 15.0
      }
    },
    {
      "type": "Feature",
      "geometry": {
        "type": "Point",
        "coordinates": [
          104.509577778,
          -4.839133333
        ]
      },
      "properties": {
        "location_name": "Headpond Besai Kemu",
        "slug": "pltm_besai_kemu_headpond",
        "date": "Minggu, 23 Agustus 2026",
        "date_iso": "2026-08-23",
        "relative": "Hari ini",
        "hour": "15:00",
        "rain_probability": 0,
        "risk_score": 91,
        "risk_class": "danger",
        "risk_label": "Berpotensi signifikan",
        "condition": "Cerah Berawan",
        "temp_c": 33.5,
        "humidity_pct": 40.0,
        "heat_index_c": 34.3,
        "wind_kmh": 9.4,
        "wind_dir": 0.0,
        "cloud_pct": 45.0
      }
    },
    {
      "type": "Feature",
      "geometry": {
        "type": "Point",
        "coordinates": [
          104.509577778,
          -4.839133333
        ]
      },
      "properties": {
        "location_name": "Headpond Besai Kemu",
        "slug": "pltm_besai_kemu_headpond",
        "date": "Minggu, 23 Agustus 2026",
        "date_iso": "2026-08-23",
        "relative": "Hari ini",
        "hour": "16:00",
        "rain_probability": 0,
        "risk_score": 90,
        "risk_class": "danger",
        "risk_label": "Berpotensi signifikan",
        "condition": "Cerah Berawan",
        "temp_c": 33.3,
        "humidity_pct": 40.0,
        "heat_index_c": 33.8,
        "wind_kmh": 9.3,
        "wind_dir": 0.0,
        "cloud_pct": 45.0
      }
    },
    {
      "type": "Feature",
      "geometry": {
        "type": "Point",
        "coordinates": [
          104.509577778,
          -4.839133333
        ]
      },
      "properties": {
        "location_name": "Headpond Besai Kemu",
        "slug": "pltm_besai_kemu_headpond",
        "date": "Minggu, 23 Agustus 2026",
        "date_iso": "2026-08-23",
        "relative": "Hari ini",
        "hour": "17:00",
        "rain_probability": 0,
        "risk_score": 89,
        "risk_class": "danger",
        "risk_label": "Berpotensi signifikan",
        "condition": "Cerah Berawan",
        "temp_c": 32.6,
        "humidity_pct": 42.0,
        "heat_index_c": 33.1,
        "wind_kmh": 8.8,
        "wind_dir": 0.0,
        "cloud_pct": 45.0
      }
    },
    {
      "type": "Feature",
      "geometry": {
        "type": "Point",
        "coordinates": [
          104.509577778,
          -4.839133333
        ]
      },
      "properties": {
        "location_name": "Headpond Besai Kemu",
        "slug": "pltm_besai_kemu_headpond",
        "date": "Minggu, 23 Agustus 2026",
        "date_iso": "2026-08-23",
        "relative": "Hari ini",
        "hour": "18:00",
        "rain_probability": 0,
        "risk_score": 81,
        "risk_class": "danger",
        "risk_label": "Berpotensi signifikan",
        "condition": "Cerah Berawan",
        "temp_c": 28.2,
        "humidity_pct": 46.0,
        "heat_index_c": 29.75,
        "wind_kmh": 9.2,
        "wind_dir": 0.0,
        "cloud_pct": 45.0
      }
    },
    {
      "type": "Feature",
      "geometry": {
        "type": "Point",
        "coordinates": [
          104.509577778,
          -4.839133333
        ]
      },
      "properties": {
        "location_name": "Headpond Besai Kemu",
        "slug": "pltm_besai_kemu_headpond",
        "date": "Minggu, 23 Agustus 2026",
        "date_iso": "2026-08-23",
        "relative": "Hari ini",
        "hour": "19:00",
        "rain_probability": 0,
        "risk_score": 71,
        "risk_class": "rain",
        "risk_label": "Waspada",
        "condition": "Cerah",
        "temp_c": 26.7,
        "humidity_pct": 57.0,
        "heat_index_c": 27.36,
        "wind_kmh": 9.2,
        "wind_dir": 0.0,
        "cloud_pct": 15.0
      }
    },
    {
      "type": "Feature",
      "geometry": {
        "type": "Point",
        "coordinates": [
          104.509577778,
          -4.839133333
        ]
      },
      "properties": {
        "location_name": "Headpond Besai Kemu",
        "slug": "pltm_besai_kemu_headpond",
        "date": "Minggu, 23 Agustus 2026",
        "date_iso": "2026-08-23",
        "relative": "Hari ini",
        "hour": "20:00",
        "rain_probability": 0,
        "risk_score": 57,
        "risk_class": "rain",
        "risk_label": "Waspada",
        "condition": "Cerah",
        "temp_c": 26.0,
        "humidity_pct": 67.0,
        "heat_index_c": 26.0,
        "wind_kmh": 8.5,
        "wind_dir": 0.0,
        "cloud_pct": 15.0
      }
    },
    {
      "type": "Feature",
      "geometry": {
        "type": "Point",
        "coordinates": [
          104.509577778,
          -4.839133333
        ]
      },
      "properties": {
        "location_name": "Headpond Besai Kemu",
        "slug": "pltm_besai_kemu_headpond",
        "date": "Minggu, 23 Agustus 2026",
        "date_iso": "2026-08-23",
        "relative": "Hari ini",
        "hour": "21:00",
        "rain_probability": 0,
        "risk_score": 49,
        "risk_class": "watch",
        "risk_label": "Perlu diperhatikan",
        "condition": "Cerah",
        "temp_c": 24.6,
        "humidity_pct": 77.0,
        "heat_index_c": 24.6,
        "wind_kmh": 7.7,
        "wind_dir": 0.0,
        "cloud_pct": 15.0
      }
    },
    {
      "type": "Feature",
      "geometry": {
        "type": "Point",
        "coordinates": [
          104.509577778,
          -4.839133333
        ]
      },
      "properties": {
        "location_name": "Headpond Besai Kemu",
        "slug": "pltm_besai_kemu_headpond",
        "date": "Minggu, 23 Agustus 2026",
        "date_iso": "2026-08-23",
        "relative": "Hari ini",
        "hour": "22:00",
        "rain_probability": 0,
        "risk_score": 45,
        "risk_class": "watch",
        "risk_label": "Perlu diperhatikan",
        "condition": "Cerah",
        "temp_c": 24.0,
        "humidity_pct": 81.0,
        "heat_index_c": 24.0,
        "wind_kmh": 6.5,
        "wind_dir": 0.0,
        "cloud_pct": 15.0
      }
    },
    {
      "type": "Feature",
      "geometry": {
        "type": "Point",
        "coordinates": [
          104.509577778,
          -4.839133333
        ]
      },
      "properties": {
        "location_name": "Headpond Besai Kemu",
        "slug": "pltm_besai_kemu_headpond",
        "date": "Minggu, 23 Agustus 2026",
        "date_iso": "2026-08-23",
        "relative": "Hari ini",
        "hour": "23:00",
        "rain_probability": 0,
        "risk_score": 39,
        "risk_class": "watch",
        "risk_label": "Perlu diperhatikan",
        "condition": "Cerah",
        "temp_c": 23.2,
        "humidity_pct": 82.0,
        "heat_index_c": 23.2,
        "wind_kmh": 6.8,
        "wind_dir": 0.0,
        "cloud_pct": 15.0
      }
    },
    {
      "type": "Feature",
      "geometry": {
        "type": "Point",
        "coordinates": [
          104.509577778,
          -4.839133333
        ]
      },
      "properties": {
        "location_name": "Headpond Besai Kemu",
        "slug": "pltm_besai_kemu_headpond",
        "date": "Senin, 24 Agustus 2026",
        "date_iso": "2026-08-24",
        "relative": "Besok",
        "hour": "00:00",
        "rain_probability": 0,
        "risk_score": 40,
        "risk_class": "watch",
        "risk_label": "Perlu diperhatikan",
        "condition": "Cerah",
        "temp_c": 22.8,
        "humidity_pct": 87.0,
        "heat_index_c": 22.8,
        "wind_kmh": 7.0,
        "wind_dir": 0.0,
        "cloud_pct": 15.0
      }
    },
    {
      "type": "Feature",
      "geometry": {
        "type": "Point",
        "coordinates": [
          104.509577778,
          -4.839133333
        ]
      },
      "properties": {
        "location_name": "Headpond Besai Kemu",
        "slug": "pltm_besai_kemu_headpond",
        "date": "Senin, 24 Agustus 2026",
        "date_iso": "2026-08-24",
        "relative": "Besok",
        "hour": "01:00",
        "rain_probability": 0,
        "risk_score": 35,
        "risk_class": "watch",
        "risk_label": "Perlu diperhatikan",
        "condition": "Cerah",
        "temp_c": 22.5,
        "humidity_pct": 88.0,
        "heat_index_c": 22.5,
        "wind_kmh": 6.9,
        "wind_dir": 0.0,
        "cloud_pct": 15.0
      }
    },
    {
      "type": "Feature",
      "geometry": {
        "type": "Point",
        "coordinates": [
          104.509577778,
          -4.839133333
        ]
      },
      "properties": {
        "location_name": "Headpond Besai Kemu",
        "slug": "pltm_besai_kemu_headpond",
        "date": "Senin, 24 Agustus 2026",
        "date_iso": "2026-08-24",
        "relative": "Besok",
        "hour": "02:00",
        "rain_probability": 0,
        "risk_score": 27,
        "risk_class": "watch",
        "risk_label": "Perlu diperhatikan",
        "condition": "Cerah",
        "temp_c": 22.3,
        "humidity_pct": 87.0,
        "heat_index_c": 22.3,
        "wind_kmh": 7.1,
        "wind_dir": 0.0,
        "cloud_pct": 15.0
      }
    },
    {
      "type": "Feature",
      "geometry": {
        "type": "Point",
        "coordinates": [
          104.509577778,
          -4.839133333
        ]
      },
      "properties": {
        "location_name": "Headpond Besai Kemu",
        "slug": "pltm_besai_kemu_headpond",
        "date": "Senin, 24 Agustus 2026",
        "date_iso": "2026-08-24",
        "relative": "Besok",
        "hour": "03:00",
        "rain_probability": 0,
        "risk_score": 22,
        "risk_class": "safe",
        "risk_label": "Aman",
        "condition": "Cerah",
        "temp_c": 22.2,
        "humidity_pct": 90.0,
        "heat_index_c": 22.2,
        "wind_kmh": 7.5,
        "wind_dir": 0.0,
        "cloud_pct": 15.0
      }
    },
    {
      "type": "Feature",
      "geometry": {
        "type": "Point",
        "coordinates": [
          104.509577778,
          -4.839133333
        ]
      },
      "properties": {
        "location_name": "Headpond Besai Kemu",
        "slug": "pltm_besai_kemu_headpond",
        "date": "Senin, 24 Agustus 2026",
        "date_iso": "2026-08-24",
        "relative": "Besok",
        "hour": "04:00",
        "rain_probability": 0,
        "risk_score": 19,
        "risk_class": "safe",
        "risk_label": "Aman",
        "condition": "Cerah",
        "temp_c": 22.1,
        "humidity_pct": 89.0,
        "heat_index_c": 22.1,
        "wind_kmh": 7.2,
        "wind_dir": 0.0,
        "cloud_pct": 15.0
      }
    },
    {
      "type": "Feature",
      "geometry": {
        "type": "Point",
        "coordinates": [
          104.509577778,
          -4.839133333
        ]
      },
      "properties": {
        "location_name": "Headpond Besai Kemu",
        "slug": "pltm_besai_kemu_headpond",
        "date": "Senin, 24 Agustus 2026",
        "date_iso": "2026-08-24",
        "relative": "Besok",
        "hour": "05:00",
        "rain_probability": 0,
        "risk_score": 20,
        "risk_class": "safe",
        "risk_label": "Aman",
        "condition": "Cerah",
        "temp_c": 22.0,
        "humidity_pct": 90.0,
        "heat_index_c": 22.0,
        "wind_kmh": 6.8,
        "wind_dir": 0.0,
        "cloud_pct": 15.0
      }
    },
    {
      "type": "Feature",
      "geometry": {
        "type": "Point",
        "coordinates": [
          104.509577778,
          -4.839133333
        ]
      },
      "properties": {
        "location_name": "Headpond Besai Kemu",
        "slug": "pltm_besai_kemu_headpond",
        "date": "Senin, 24 Agustus 2026",
        "date_iso": "2026-08-24",
        "relative": "Besok",
        "hour": "06:00",
        "rain_probability": 0,
        "risk_score": 19,
        "risk_class": "safe",
        "risk_label": "Aman",
        "condition": "Cerah",
        "temp_c": 22.4,
        "humidity_pct": 88.0,
        "heat_index_c": 22.4,
        "wind_kmh": 5.6,
        "wind_dir": 0.0,
        "cloud_pct": 15.0
      }
    },
    {
      "type": "Feature",
      "geometry": {
        "type": "Point",
        "coordinates": [
          104.509577778,
          -4.839133333
        ]
      },
      "properties": {
        "location_name": "Headpond Besai Kemu",
        "slug": "pltm_besai_kemu_headpond",
        "date": "Senin, 24 Agustus 2026",
        "date_iso": "2026-08-24",
        "relative": "Besok",
        "hour": "07:00",
        "rain_probability": 0,
        "risk_score": 18,
        "risk_class": "safe",
        "risk_label": "Aman",
        "condition": "Cerah",
        "temp_c": 23.4,
        "humidity_pct": 80.0,
        "heat_index_c": 23.4,
        "wind_kmh": 5.2,
        "wind_dir": 0.0,
        "cloud_pct": 15.0
      }
    },
    {
      "type": "Feature",
      "geometry": {
        "type": "Point",
        "coordinates": [
          104.509577778,
          -4.839133333
        ]
      },
      "properties": {
        "location_name": "Headpond Besai Kemu",
        "slug": "pltm_besai_kemu_headpond",
        "date": "Senin, 24 Agustus 2026",
        "date_iso": "2026-08-24",
        "relative": "Besok",
        "hour": "08:00",
        "rain_probability": 0,
        "risk_score": 31,
        "risk_class": "watch",
        "risk_label": "Perlu diperhatikan",
        "condition": "Cerah",
        "temp_c": 25.2,
        "humidity_pct": 74.0,
        "heat_index_c": 25.2,
        "wind_kmh": 2.0,
        "wind_dir": 0.0,
        "cloud_pct": 15.0
      }
    },
    {
      "type": "Feature",
      "geometry": {
        "type": "Point",
        "coordinates": [
          104.509577778,
          -4.839133333
        ]
      },
      "properties": {
        "location_name": "Headpond Besai Kemu",
        "slug": "pltm_besai_kemu_headpond",
        "date": "Senin, 24 Agustus 2026",
        "date_iso": "2026-08-24",
        "relative": "Besok",
        "hour": "09:00",
        "rain_probability": 0,
        "risk_score": 56,
        "risk_class": "rain",
        "risk_label": "Waspada",
        "condition": "Cerah",
        "temp_c": 28.4,
        "humidity_pct": 63.0,
        "heat_index_c": 30.45,
        "wind_kmh": 5.8,
        "wind_dir": 0.0,
        "cloud_pct": 15.0
      }
    },
    {
      "type": "Feature",
      "geometry": {
        "type": "Point",
        "coordinates": [
          104.509577778,
          -4.839133333
        ]
      },
      "properties": {
        "location_name": "Headpond Besai Kemu",
        "slug": "pltm_besai_kemu_headpond",
        "date": "Senin, 24 Agustus 2026",
        "date_iso": "2026-08-24",
        "relative": "Besok",
        "hour": "10:00",
        "rain_probability": 0,
        "risk_score": 73,
        "risk_class": "rain",
        "risk_label": "Waspada",
        "condition": "Cerah",
        "temp_c": 30.0,
        "humidity_pct": 56.0,
        "heat_index_c": 32.07,
        "wind_kmh": 7.5,
        "wind_dir": 0.0,
        "cloud_pct": 15.0
      }
    },
    {
      "type": "Feature",
      "geometry": {
        "type": "Point",
        "coordinates": [
          104.509577778,
          -4.839133333
        ]
      },
      "properties": {
        "location_name": "Headpond Besai Kemu",
        "slug": "pltm_besai_kemu_headpond",
        "date": "Senin, 24 Agustus 2026",
        "date_iso": "2026-08-24",
        "relative": "Besok",
        "hour": "11:00",
        "rain_probability": 0,
        "risk_score": 84,
        "risk_class": "danger",
        "risk_label": "Berpotensi signifikan",
        "condition": "Cerah",
        "temp_c": 30.9,
        "humidity_pct": 54.0,
        "heat_index_c": 33.26,
        "wind_kmh": 10.2,
        "wind_dir": 0.0,
        "cloud_pct": 15.0
      }
    },
    {
      "type": "Feature",
      "geometry": {
        "type": "Point",
        "coordinates": [
          104.509577778,
          -4.839133333
        ]
      },
      "properties": {
        "location_name": "Headpond Besai Kemu",
        "slug": "pltm_besai_kemu_headpond",
        "date": "Senin, 24 Agustus 2026",
        "date_iso": "2026-08-24",
        "relative": "Besok",
        "hour": "12:00",
        "rain_probability": 0,
        "risk_score": 89,
        "risk_class": "danger",
        "risk_label": "Berpotensi signifikan",
        "condition": "Cerah",
        "temp_c": 32.2,
        "humidity_pct": 46.0,
        "heat_index_c": 34.0,
        "wind_kmh": 11.6,
        "wind_dir": 0.0,
        "cloud_pct": 15.0
      }
    },
    {
      "type": "Feature",
      "geometry": {
        "type": "Point",
        "coordinates": [
          104.509577778,
          -4.839133333
        ]
      },
      "properties": {
        "location_name": "Headpond Besai Kemu",
        "slug": "pltm_besai_kemu_headpond",
        "date": "Senin, 24 Agustus 2026",
        "date_iso": "2026-08-24",
        "relative": "Besok",
        "hour": "13:00",
        "rain_probability": 13.8,
        "risk_score": 98,
        "risk_class": "danger",
        "risk_label": "Berpotensi signifikan",
        "condition": "Cerah",
        "temp_c": 33.0,
        "humidity_pct": 44.0,
        "heat_index_c": 34.32,
        "wind_kmh": 11.9,
        "wind_dir": 0.0,
        "cloud_pct": 15.0
      }
    },
    {
      "type": "Feature",
      "geometry": {
        "type": "Point",
        "coordinates": [
          104.509577778,
          -4.839133333
        ]
      },
      "properties": {
        "location_name": "Headpond Besai Kemu",
        "slug": "pltm_besai_kemu_headpond",
        "date": "Senin, 24 Agustus 2026",
        "date_iso": "2026-08-24",
        "relative": "Besok",
        "hour": "14:00",
        "rain_probability": 14.4,
        "risk_score": 99,
        "risk_class": "danger",
        "risk_label": "Berpotensi signifikan",
        "condition": "Cerah",
        "temp_c": 33.4,
        "humidity_pct": 42.0,
        "heat_index_c": 34.72,
        "wind_kmh": 12.3,
        "wind_dir": 0.0,
        "cloud_pct": 15.0
      }
    },
    {
      "type": "Feature",
      "geometry": {
        "type": "Point",
        "coordinates": [
          104.509577778,
          -4.839133333
        ]
      },
      "properties": {
        "location_name": "Headpond Besai Kemu",
        "slug": "pltm_besai_kemu_headpond",
        "date": "Senin, 24 Agustus 2026",
        "date_iso": "2026-08-24",
        "relative": "Besok",
        "hour": "15:00",
        "rain_probability": 14.4,
        "risk_score": 96,
        "risk_class": "danger",
        "risk_label": "Berpotensi signifikan",
        "condition": "Cerah",
        "temp_c": 33.3,
        "humidity_pct": 43.0,
        "heat_index_c": 34.7,
        "wind_kmh": 12.6,
        "wind_dir": 0.0,
        "cloud_pct": 15.0
      }
    },
    {
      "type": "Feature",
      "geometry": {
        "type": "Point",
        "coordinates": [
          104.509577778,
          -4.839133333
        ]
      },
      "properties": {
        "location_name": "Headpond Besai Kemu",
        "slug": "pltm_besai_kemu_headpond",
        "date": "Senin, 24 Agustus 2026",
        "date_iso": "2026-08-24",
        "relative": "Besok",
        "hour": "16:00",
        "rain_probability": 0,
        "risk_score": 94,
        "risk_class": "danger",
        "risk_label": "Berpotensi signifikan",
        "condition": "Cerah",
        "temp_c": 32.8,
        "humidity_pct": 44.0,
        "heat_index_c": 34.3,
        "wind_kmh": 11.3,
        "wind_dir": 0.0,
        "cloud_pct": 15.0
      }
    },
    {
      "type": "Feature",
      "geometry": {
        "type": "Point",
        "coordinates": [
          104.509577778,
          -4.839133333
        ]
      },
      "properties": {
        "location_name": "Headpond Besai Kemu",
        "slug": "pltm_besai_kemu_headpond",
        "date": "Senin, 24 Agustus 2026",
        "date_iso": "2026-08-24",
        "relative": "Besok",
        "hour": "17:00",
        "rain_probability": 0,
        "risk_score": 90,
        "risk_class": "danger",
        "risk_label": "Berpotensi signifikan",
        "condition": "Cerah",
        "temp_c": 32.0,
        "humidity_pct": 46.0,
        "heat_index_c": 33.44,
        "wind_kmh": 9.6,
        "wind_dir": 0.0,
        "cloud_pct": 15.0
      }
    },
    {
      "type": "Feature",
      "geometry": {
        "type": "Point",
        "coordinates": [
          104.509577778,
          -4.839133333
        ]
      },
      "properties": {
        "location_name": "Headpond Besai Kemu",
        "slug": "pltm_besai_kemu_headpond",
        "date": "Senin, 24 Agustus 2026",
        "date_iso": "2026-08-24",
        "relative": "Besok",
        "hour": "18:00",
        "rain_probability": 0,
        "risk_score": 82,
        "risk_class": "danger",
        "risk_label": "Berpotensi signifikan",
        "condition": "Cerah",
        "temp_c": 29.2,
        "humidity_pct": 50.0,
        "heat_index_c": 31.6,
        "wind_kmh": 10.1,
        "wind_dir": 0.0,
        "cloud_pct": 15.0
      }
    },
    {
      "type": "Feature",
      "geometry": {
        "type": "Point",
        "coordinates": [
          104.509577778,
          -4.839133333
        ]
      },
      "properties": {
        "location_name": "Headpond Besai Kemu",
        "slug": "pltm_besai_kemu_headpond",
        "date": "Senin, 24 Agustus 2026",
        "date_iso": "2026-08-24",
        "relative": "Besok",
        "hour": "19:00",
        "rain_probability": 0,
        "risk_score": 73,
        "risk_class": "rain",
        "risk_label": "Waspada",
        "condition": "Cerah",
        "temp_c": 27.4,
        "humidity_pct": 64.0,
        "heat_index_c": 29.61,
        "wind_kmh": 11.9,
        "wind_dir": 0.0,
        "cloud_pct": 15.0
      }
    },
    {
      "type": "Feature",
      "geometry": {
        "type": "Point",
        "coordinates": [
          104.509577778,
          -4.839133333
        ]
      },
      "properties": {
        "location_name": "Headpond Besai Kemu",
        "slug": "pltm_besai_kemu_headpond",
        "date": "Senin, 24 Agustus 2026",
        "date_iso": "2026-08-24",
        "relative": "Besok",
        "hour": "20:00",
        "rain_probability": 0,
        "risk_score": 53,
        "risk_class": "watch",
        "risk_label": "Perlu diperhatikan",
        "condition": "Cerah",
        "temp_c": 26.1,
        "humidity_pct": 65.0,
        "heat_index_c": 26.1,
        "wind_kmh": 10.1,
        "wind_dir": 0.0,
        "cloud_pct": 15.0
      }
    },
    {
      "type": "Feature",
      "geometry": {
        "type": "Point",
        "coordinates": [
          104.509577778,
          -4.839133333
        ]
      },
      "properties": {
        "location_name": "Headpond Besai Kemu",
        "slug": "pltm_besai_kemu_headpond",
        "date": "Senin, 24 Agustus 2026",
        "date_iso": "2026-08-24",
        "relative": "Besok",
        "hour": "21:00",
        "rain_probability": 0,
        "risk_score": 43,
        "risk_class": "watch",
        "risk_label": "Perlu diperhatikan",
        "condition": "Cerah Berawan",
        "temp_c": 25.2,
        "humidity_pct": 78.0,
        "heat_index_c": 25.2,
        "wind_kmh": 6.6,
        "wind_dir": 0.0,
        "cloud_pct": 45.0
      }
    },
    {
      "type": "Feature",
      "geometry": {
        "type": "Point",
        "coordinates": [
          104.509577778,
          -4.839133333
        ]
      },
      "properties": {
        "location_name": "Headpond Besai Kemu",
        "slug": "pltm_besai_kemu_headpond",
        "date": "Senin, 24 Agustus 2026",
        "date_iso": "2026-08-24",
        "relative": "Besok",
        "hour": "22:00",
        "rain_probability": 0,
        "risk_score": 38,
        "risk_class": "watch",
        "risk_label": "Perlu diperhatikan",
        "condition": "Cerah",
        "temp_c": 24.5,
        "humidity_pct": 78.0,
        "heat_index_c": 24.5,
        "wind_kmh": 5.4,
        "wind_dir": 0.0,
        "cloud_pct": 15.0
      }
    },
    {
      "type": "Feature",
      "geometry": {
        "type": "Point",
        "coordinates": [
          104.509577778,
          -4.839133333
        ]
      },
      "properties": {
        "location_name": "Headpond Besai Kemu",
        "slug": "pltm_besai_kemu_headpond",
        "date": "Senin, 24 Agustus 2026",
        "date_iso": "2026-08-24",
        "relative": "Besok",
        "hour": "23:00",
        "rain_probability": 14.4,
        "risk_score": 37,
        "risk_class": "watch",
        "risk_label": "Perlu diperhatikan",
        "condition": "Cerah",
        "temp_c": 24.2,
        "humidity_pct": 81.0,
        "heat_index_c": 24.2,
        "wind_kmh": 5.0,
        "wind_dir": 0.0,
        "cloud_pct": 15.0
      }
    },
    {
      "type": "Feature",
      "geometry": {
        "type": "Point",
        "coordinates": [
          104.509577778,
          -4.839133333
        ]
      },
      "properties": {
        "location_name": "Headpond Besai Kemu",
        "slug": "pltm_besai_kemu_headpond",
        "date": "Selasa, 25 Agustus 2026",
        "date_iso": "2026-08-25",
        "relative": "Lusa",
        "hour": "00:00",
        "rain_probability": 14.4,
        "risk_score": 39,
        "risk_class": "watch",
        "risk_label": "Perlu diperhatikan",
        "condition": "Cerah",
        "temp_c": 23.1,
        "humidity_pct": 86.0,
        "heat_index_c": 23.1,
        "wind_kmh": 6.1,
        "wind_dir": 0.0,
        "cloud_pct": 15.0
      }
    },
    {
      "type": "Feature",
      "geometry": {
        "type": "Point",
        "coordinates": [
          104.509577778,
          -4.839133333
        ]
      },
      "properties": {
        "location_name": "Headpond Besai Kemu",
        "slug": "pltm_besai_kemu_headpond",
        "date": "Selasa, 25 Agustus 2026",
        "date_iso": "2026-08-25",
        "relative": "Lusa",
        "hour": "01:00",
        "rain_probability": 13.8,
        "risk_score": 38,
        "risk_class": "watch",
        "risk_label": "Perlu diperhatikan",
        "condition": "Cerah",
        "temp_c": 22.8,
        "humidity_pct": 87.0,
        "heat_index_c": 22.8,
        "wind_kmh": 5.4,
        "wind_dir": 0.0,
        "cloud_pct": 15.0
      }
    },
    {
      "type": "Feature",
      "geometry": {
        "type": "Point",
        "coordinates": [
          104.509577778,
          -4.839133333
        ]
      },
      "properties": {
        "location_name": "Headpond Besai Kemu",
        "slug": "pltm_besai_kemu_headpond",
        "date": "Selasa, 25 Agustus 2026",
        "date_iso": "2026-08-25",
        "relative": "Lusa",
        "hour": "02:00",
        "rain_probability": 0,
        "risk_score": 35,
        "risk_class": "watch",
        "risk_label": "Perlu diperhatikan",
        "condition": "Cerah",
        "temp_c": 22.6,
        "humidity_pct": 88.0,
        "heat_index_c": 22.6,
        "wind_kmh": 5.8,
        "wind_dir": 0.0,
        "cloud_pct": 15.0
      }
    },
    {
      "type": "Feature",
      "geometry": {
        "type": "Point",
        "coordinates": [
          104.509577778,
          -4.839133333
        ]
      },
      "properties": {
        "location_name": "Headpond Besai Kemu",
        "slug": "pltm_besai_kemu_headpond",
        "date": "Selasa, 25 Agustus 2026",
        "date_iso": "2026-08-25",
        "relative": "Lusa",
        "hour": "03:00",
        "rain_probability": 0,
        "risk_score": 32,
        "risk_class": "watch",
        "risk_label": "Perlu diperhatikan",
        "condition": "Cerah Berawan",
        "temp_c": 22.5,
        "humidity_pct": 90.0,
        "heat_index_c": 22.5,
        "wind_kmh": 6.3,
        "wind_dir": 0.0,
        "cloud_pct": 45.0
      }
    },
    {
      "type": "Feature",
      "geometry": {
        "type": "Point",
        "coordinates": [
          104.509577778,
          -4.839133333
        ]
      },
      "properties": {
        "location_name": "Headpond Besai Kemu",
        "slug": "pltm_besai_kemu_headpond",
        "date": "Selasa, 25 Agustus 2026",
        "date_iso": "2026-08-25",
        "relative": "Lusa",
        "hour": "04:00",
        "rain_probability": 0,
        "risk_score": 22,
        "risk_class": "safe",
        "risk_label": "Aman",
        "condition": "Cerah Berawan",
        "temp_c": 22.4,
        "humidity_pct": 88.0,
        "heat_index_c": 22.4,
        "wind_kmh": 6.3,
        "wind_dir": 0.0,
        "cloud_pct": 45.0
      }
    },
    {
      "type": "Feature",
      "geometry": {
        "type": "Point",
        "coordinates": [
          104.509577778,
          -4.839133333
        ]
      },
      "properties": {
        "location_name": "Headpond Besai Kemu",
        "slug": "pltm_besai_kemu_headpond",
        "date": "Selasa, 25 Agustus 2026",
        "date_iso": "2026-08-25",
        "relative": "Lusa",
        "hour": "05:00",
        "rain_probability": 0,
        "risk_score": 22,
        "risk_class": "safe",
        "risk_label": "Aman",
        "condition": "Cerah Berawan",
        "temp_c": 22.3,
        "humidity_pct": 89.0,
        "heat_index_c": 22.3,
        "wind_kmh": 6.3,
        "wind_dir": 0.0,
        "cloud_pct": 45.0
      }
    },
    {
      "type": "Feature",
      "geometry": {
        "type": "Point",
        "coordinates": [
          104.509577778,
          -4.839133333
        ]
      },
      "properties": {
        "location_name": "Headpond Besai Kemu",
        "slug": "pltm_besai_kemu_headpond",
        "date": "Selasa, 25 Agustus 2026",
        "date_iso": "2026-08-25",
        "relative": "Lusa",
        "hour": "06:00",
        "rain_probability": 0,
        "risk_score": 19,
        "risk_class": "safe",
        "risk_label": "Aman",
        "condition": "Cerah",
        "temp_c": 22.5,
        "humidity_pct": 86.0,
        "heat_index_c": 22.5,
        "wind_kmh": 5.5,
        "wind_dir": 0.0,
        "cloud_pct": 15.0
      }
    },
    {
      "type": "Feature",
      "geometry": {
        "type": "Point",
        "coordinates": [
          104.509577778,
          -4.839133333
        ]
      },
      "properties": {
        "location_name": "Headpond Besai Kemu",
        "slug": "pltm_besai_kemu_headpond",
        "date": "Selasa, 25 Agustus 2026",
        "date_iso": "2026-08-25",
        "relative": "Lusa",
        "hour": "07:00",
        "rain_probability": 0,
        "risk_score": 18,
        "risk_class": "safe",
        "risk_label": "Aman",
        "condition": "Cerah",
        "temp_c": 23.9,
        "humidity_pct": 80.0,
        "heat_index_c": 23.9,
        "wind_kmh": 5.2,
        "wind_dir": 0.0,
        "cloud_pct": 15.0
      }
    },
    {
      "type": "Feature",
      "geometry": {
        "type": "Point",
        "coordinates": [
          104.509577778,
          -4.839133333
        ]
      },
      "properties": {
        "location_name": "Headpond Besai Kemu",
        "slug": "pltm_besai_kemu_headpond",
        "date": "Selasa, 25 Agustus 2026",
        "date_iso": "2026-08-25",
        "relative": "Lusa",
        "hour": "08:00",
        "rain_probability": 0,
        "risk_score": 31,
        "risk_class": "watch",
        "risk_label": "Perlu diperhatikan",
        "condition": "Cerah",
        "temp_c": 25.0,
        "humidity_pct": 75.0,
        "heat_index_c": 25.0,
        "wind_kmh": 3.2,
        "wind_dir": 0.0,
        "cloud_pct": 15.0
      }
    },
    {
      "type": "Feature",
      "geometry": {
        "type": "Point",
        "coordinates": [
          104.509577778,
          -4.839133333
        ]
      },
      "properties": {
        "location_name": "Headpond Besai Kemu",
        "slug": "pltm_besai_kemu_headpond",
        "date": "Selasa, 25 Agustus 2026",
        "date_iso": "2026-08-25",
        "relative": "Lusa",
        "hour": "09:00",
        "rain_probability": 0,
        "risk_score": 56,
        "risk_class": "rain",
        "risk_label": "Waspada",
        "condition": "Cerah",
        "temp_c": 28.9,
        "humidity_pct": 62.0,
        "heat_index_c": 30.59,
        "wind_kmh": 6.9,
        "wind_dir": 0.0,
        "cloud_pct": 15.0
      }
    },
    {
      "type": "Feature",
      "geometry": {
        "type": "Point",
        "coordinates": [
          104.509577778,
          -4.839133333
        ]
      },
      "properties": {
        "location_name": "Headpond Besai Kemu",
        "slug": "pltm_besai_kemu_headpond",
        "date": "Selasa, 25 Agustus 2026",
        "date_iso": "2026-08-25",
        "relative": "Lusa",
        "hour": "10:00",
        "rain_probability": 0,
        "risk_score": 73,
        "risk_class": "rain",
        "risk_label": "Waspada",
        "condition": "Cerah",
        "temp_c": 29.6,
        "humidity_pct": 57.0,
        "heat_index_c": 32.09,
        "wind_kmh": 8.9,
        "wind_dir": 0.0,
        "cloud_pct": 15.0
      }
    },
    {
      "type": "Feature",
      "geometry": {
        "type": "Point",
        "coordinates": [
          104.509577778,
          -4.839133333
        ]
      },
      "properties": {
        "location_name": "Headpond Besai Kemu",
        "slug": "pltm_besai_kemu_headpond",
        "date": "Selasa, 25 Agustus 2026",
        "date_iso": "2026-08-25",
        "relative": "Lusa",
        "hour": "11:00",
        "rain_probability": 0,
        "risk_score": 89,
        "risk_class": "danger",
        "risk_label": "Berpotensi signifikan",
        "condition": "Cerah Berawan",
        "temp_c": 31.0,
        "humidity_pct": 54.0,
        "heat_index_c": 33.45,
        "wind_kmh": 9.0,
        "wind_dir": 0.0,
        "cloud_pct": 45.0
      }
    },
    {
      "type": "Feature",
      "geometry": {
        "type": "Point",
        "coordinates": [
          104.509577778,
          -4.839133333
        ]
      },
      "properties": {
        "location_name": "Headpond Besai Kemu",
        "slug": "pltm_besai_kemu_headpond",
        "date": "Selasa, 25 Agustus 2026",
        "date_iso": "2026-08-25",
        "relative": "Lusa",
        "hour": "12:00",
        "rain_probability": 0,
        "risk_score": 92,
        "risk_class": "danger",
        "risk_label": "Berpotensi signifikan",
        "condition": "Cerah Berawan",
        "temp_c": 32.0,
        "humidity_pct": 47.0,
        "heat_index_c": 34.13,
        "wind_kmh": 9.4,
        "wind_dir": 0.0,
        "cloud_pct": 45.0
      }
    },
    {
      "type": "Feature",
      "geometry": {
        "type": "Point",
        "coordinates": [
          104.509577778,
          -4.839133333
        ]
      },
      "properties": {
        "location_name": "Headpond Besai Kemu",
        "slug": "pltm_besai_kemu_headpond",
        "date": "Selasa, 25 Agustus 2026",
        "date_iso": "2026-08-25",
        "relative": "Lusa",
        "hour": "13:00",
        "rain_probability": 0,
        "risk_score": 91,
        "risk_class": "danger",
        "risk_label": "Berpotensi signifikan",
        "condition": "Cerah",
        "temp_c": 32.7,
        "humidity_pct": 46.0,
        "heat_index_c": 34.5,
        "wind_kmh": 10.2,
        "wind_dir": 0.0,
        "cloud_pct": 15.0
      }
    },
    {
      "type": "Feature",
      "geometry": {
        "type": "Point",
        "coordinates": [
          104.509577778,
          -4.839133333
        ]
      },
      "properties": {
        "location_name": "Headpond Besai Kemu",
        "slug": "pltm_besai_kemu_headpond",
        "date": "Selasa, 25 Agustus 2026",
        "date_iso": "2026-08-25",
        "relative": "Lusa",
        "hour": "14:00",
        "rain_probability": 14.4,
        "risk_score": 96,
        "risk_class": "danger",
        "risk_label": "Berpotensi signifikan",
        "condition": "Cerah Berawan",
        "temp_c": 33.1,
        "humidity_pct": 45.0,
        "heat_index_c": 35.0,
        "wind_kmh": 10.5,
        "wind_dir": 0.0,
        "cloud_pct": 45.0
      }
    },
    {
      "type": "Feature",
      "geometry": {
        "type": "Point",
        "coordinates": [
          104.509577778,
          -4.839133333
        ]
      },
      "properties": {
        "location_name": "Headpond Besai Kemu",
        "slug": "pltm_besai_kemu_headpond",
        "date": "Selasa, 25 Agustus 2026",
        "date_iso": "2026-08-25",
        "relative": "Lusa",
        "hour": "15:00",
        "rain_probability": 14.4,
        "risk_score": 98,
        "risk_class": "danger",
        "risk_label": "Berpotensi signifikan",
        "condition": "Cerah Berawan",
        "temp_c": 33.2,
        "humidity_pct": 46.0,
        "heat_index_c": 34.9,
        "wind_kmh": 9.3,
        "wind_dir": 0.0,
        "cloud_pct": 45.0
      }
    },
    {
      "type": "Feature",
      "geometry": {
        "type": "Point",
        "coordinates": [
          104.509577778,
          -4.839133333
        ]
      },
      "properties": {
        "location_name": "Headpond Besai Kemu",
        "slug": "pltm_besai_kemu_headpond",
        "date": "Selasa, 25 Agustus 2026",
        "date_iso": "2026-08-25",
        "relative": "Lusa",
        "hour": "16:00",
        "rain_probability": 13.8,
        "risk_score": 97,
        "risk_class": "danger",
        "risk_label": "Berpotensi signifikan",
        "condition": "Cerah",
        "temp_c": 32.8,
        "humidity_pct": 48.0,
        "heat_index_c": 34.08,
        "wind_kmh": 8.6,
        "wind_dir": 0.0,
        "cloud_pct": 45.0
      }
    },
    {
      "type": "Feature",
      "geometry": {
        "type": "Point",
        "coordinates": [
          104.509577778,
          -4.839133333
        ]
      },
      "properties": {
        "location_name": "Headpond Besai Kemu",
        "slug": "pltm_besai_kemu_headpond",
        "date": "Selasa, 25 Agustus 2026",
        "date_iso": "2026-08-25",
        "relative": "Lusa",
        "hour": "17:00",
        "rain_probability": 14.4,
        "risk_score": 88,
        "risk_class": "danger",
        "risk_label": "Berpotensi signifikan",
        "condition": "Cerah Berawan",
        "temp_c": 30.9,
        "humidity_pct": 52.0,
        "heat_index_c": 33.04,
        "wind_kmh": 10.1,
        "wind_dir": 0.0,
        "cloud_pct": 45.0
      }
    },
    {
      "type": "Feature",
      "geometry": {
        "type": "Point",
        "coordinates": [
          104.509577778,
          -4.839133333
        ]
      },
      "properties": {
        "location_name": "Headpond Besai Kemu",
        "slug": "pltm_besai_kemu_headpond",
        "date": "Selasa, 25 Agustus 2026",
        "date_iso": "2026-08-25",
        "relative": "Lusa",
        "hour": "18:00",
        "rain_probability": 14.4,
        "risk_score": 91,
        "risk_class": "danger",
        "risk_label": "Berpotensi signifikan",
        "condition": "Cerah Berawan",
        "temp_c": 29.5,
        "humidity_pct": 60.0,
        "heat_index_c": 31.39,
        "wind_kmh": 10.1,
        "wind_dir": 0.0,
        "cloud_pct": 45.0
      }
    },
    {
      "type": "Feature",
      "geometry": {
        "type": "Point",
        "coordinates": [
          104.509577778,
          -4.839133333
        ]
      },
      "properties": {
        "location_name": "Headpond Besai Kemu",
        "slug": "pltm_besai_kemu_headpond",
        "date": "Selasa, 25 Agustus 2026",
        "date_iso": "2026-08-25",
        "relative": "Lusa",
        "hour": "19:00",
        "rain_probability": 13.8,
        "risk_score": 77,
        "risk_class": "rain",
        "risk_label": "Waspada",
        "condition": "Cerah Berawan",
        "temp_c": 28.1,
        "humidity_pct": 66.0,
        "heat_index_c": 29.95,
        "wind_kmh": 10.6,
        "wind_dir": 0.0,
        "cloud_pct": 45.0
      }
    },
    {
      "type": "Feature",
      "geometry": {
        "type": "Point",
        "coordinates": [
          104.509577778,
          -4.839133333
        ]
      },
      "properties": {
        "location_name": "Headpond Besai Kemu",
        "slug": "pltm_besai_kemu_headpond",
        "date": "Selasa, 25 Agustus 2026",
        "date_iso": "2026-08-25",
        "relative": "Lusa",
        "hour": "20:00",
        "rain_probability": 0,
        "risk_score": 66,
        "risk_class": "rain",
        "risk_label": "Waspada",
        "condition": "Cerah Berawan",
        "temp_c": 26.4,
        "humidity_pct": 74.0,
        "heat_index_c": 26.4,
        "wind_kmh": 9.0,
        "wind_dir": 0.0,
        "cloud_pct": 45.0
      }
    },
    {
      "type": "Feature",
      "geometry": {
        "type": "Point",
        "coordinates": [
          104.509577778,
          -4.839133333
        ]
      },
      "properties": {
        "location_name": "Headpond Besai Kemu",
        "slug": "pltm_besai_kemu_headpond",
        "date": "Selasa, 25 Agustus 2026",
        "date_iso": "2026-08-25",
        "relative": "Lusa",
        "hour": "21:00",
        "rain_probability": 0,
        "risk_score": 61,
        "risk_class": "rain",
        "risk_label": "Waspada",
        "condition": "Cerah Berawan",
        "temp_c": 25.1,
        "humidity_pct": 82.0,
        "heat_index_c": 25.1,
        "wind_kmh": 7.2,
        "wind_dir": 0.0,
        "cloud_pct": 45.0
      }
    },
    {
      "type": "Feature",
      "geometry": {
        "type": "Point",
        "coordinates": [
          104.509577778,
          -4.839133333
        ]
      },
      "properties": {
        "location_name": "Headpond Besai Kemu",
        "slug": "pltm_besai_kemu_headpond",
        "date": "Selasa, 25 Agustus 2026",
        "date_iso": "2026-08-25",
        "relative": "Lusa",
        "hour": "22:00",
        "rain_probability": 0,
        "risk_score": 54,
        "risk_class": "watch",
        "risk_label": "Perlu diperhatikan",
        "condition": "Cerah",
        "temp_c": 24.3,
        "humidity_pct": 84.0,
        "heat_index_c": 24.3,
        "wind_kmh": 5.8,
        "wind_dir": 0.0,
        "cloud_pct": 15.0
      }
    },
    {
      "type": "Feature",
      "geometry": {
        "type": "Point",
        "coordinates": [
          104.509577778,
          -4.839133333
        ]
      },
      "properties": {
        "location_name": "Headpond Besai Kemu",
        "slug": "pltm_besai_kemu_headpond",
        "date": "Selasa, 25 Agustus 2026",
        "date_iso": "2026-08-25",
        "relative": "Lusa",
        "hour": "23:00",
        "rain_probability": 0,
        "risk_score": 46,
        "risk_class": "watch",
        "risk_label": "Perlu diperhatikan",
        "condition": "Cerah",
        "temp_c": 24.0,
        "humidity_pct": 84.0,
        "heat_index_c": 24.0,
        "wind_kmh": 6.3,
        "wind_dir": 0.0,
        "cloud_pct": 15.0
      }
    },
    {
      "type": "Feature",
      "geometry": {
        "type": "Point",
        "coordinates": [
          104.510075,
          -4.837533333
        ]
      },
      "properties": {
        "location_name": "Powerhouse Besai Kemu",
        "slug": "pltm_besai_kemu_powerhouse",
        "date": "Minggu, 23 Agustus 2026",
        "date_iso": "2026-08-23",
        "relative": "Hari ini",
        "hour": "00:00",
        "rain_probability": 0,
        "risk_score": 48,
        "risk_class": "watch",
        "risk_label": "Perlu diperhatikan",
        "condition": "Cerah",
        "temp_c": 22.5,
        "humidity_pct": 87.0,
        "heat_index_c": 22.5,
        "wind_kmh": 6.4,
        "wind_dir": 0.0,
        "cloud_pct": 15.0
      }
    },
    {
      "type": "Feature",
      "geometry": {
        "type": "Point",
        "coordinates": [
          104.510075,
          -4.837533333
        ]
      },
      "properties": {
        "location_name": "Powerhouse Besai Kemu",
        "slug": "pltm_besai_kemu_powerhouse",
        "date": "Minggu, 23 Agustus 2026",
        "date_iso": "2026-08-23",
        "relative": "Hari ini",
        "hour": "01:00",
        "rain_probability": 0,
        "risk_score": 37,
        "risk_class": "watch",
        "risk_label": "Perlu diperhatikan",
        "condition": "Cerah",
        "temp_c": 22.3,
        "humidity_pct": 87.0,
        "heat_index_c": 22.3,
        "wind_kmh": 6.3,
        "wind_dir": 0.0,
        "cloud_pct": 45.0
      }
    },
    {
      "type": "Feature",
      "geometry": {
        "type": "Point",
        "coordinates": [
          104.510075,
          -4.837533333
        ]
      },
      "properties": {
        "location_name": "Powerhouse Besai Kemu",
        "slug": "pltm_besai_kemu_powerhouse",
        "date": "Minggu, 23 Agustus 2026",
        "date_iso": "2026-08-23",
        "relative": "Hari ini",
        "hour": "02:00",
        "rain_probability": 0,
        "risk_score": 22,
        "risk_class": "safe",
        "risk_label": "Aman",
        "condition": "Cerah",
        "temp_c": 21.9,
        "humidity_pct": 90.0,
        "heat_index_c": 21.9,
        "wind_kmh": 5.0,
        "wind_dir": 0.0,
        "cloud_pct": 15.0
      }
    },
    {
      "type": "Feature",
      "geometry": {
        "type": "Point",
        "coordinates": [
          104.510075,
          -4.837533333
        ]
      },
      "properties": {
        "location_name": "Powerhouse Besai Kemu",
        "slug": "pltm_besai_kemu_powerhouse",
        "date": "Minggu, 23 Agustus 2026",
        "date_iso": "2026-08-23",
        "relative": "Hari ini",
        "hour": "03:00",
        "rain_probability": 0,
        "risk_score": 23,
        "risk_class": "safe",
        "risk_label": "Aman",
        "condition": "Cerah",
        "temp_c": 21.8,
        "humidity_pct": 91.0,
        "heat_index_c": 21.8,
        "wind_kmh": 6.0,
        "wind_dir": 0.0,
        "cloud_pct": 45.0
      }
    },
    {
      "type": "Feature",
      "geometry": {
        "type": "Point",
        "coordinates": [
          104.510075,
          -4.837533333
        ]
      },
      "properties": {
        "location_name": "Powerhouse Besai Kemu",
        "slug": "pltm_besai_kemu_powerhouse",
        "date": "Minggu, 23 Agustus 2026",
        "date_iso": "2026-08-23",
        "relative": "Hari ini",
        "hour": "04:00",
        "rain_probability": 0,
        "risk_score": 25,
        "risk_class": "watch",
        "risk_label": "Perlu diperhatikan",
        "condition": "Berawan",
        "temp_c": 22.5,
        "humidity_pct": 88.0,
        "heat_index_c": 22.5,
        "wind_kmh": 5.6,
        "wind_dir": 0.0,
        "cloud_pct": 75.0
      }
    },
    {
      "type": "Feature",
      "geometry": {
        "type": "Point",
        "coordinates": [
          104.510075,
          -4.837533333
        ]
      },
      "properties": {
        "location_name": "Powerhouse Besai Kemu",
        "slug": "pltm_besai_kemu_powerhouse",
        "date": "Minggu, 23 Agustus 2026",
        "date_iso": "2026-08-23",
        "relative": "Hari ini",
        "hour": "05:00",
        "rain_probability": 0,
        "risk_score": 22,
        "risk_class": "safe",
        "risk_label": "Aman",
        "condition": "Berawan",
        "temp_c": 22.4,
        "humidity_pct": 88.0,
        "heat_index_c": 22.4,
        "wind_kmh": 5.5,
        "wind_dir": 0.0,
        "cloud_pct": 45.0
      }
    },
    {
      "type": "Feature",
      "geometry": {
        "type": "Point",
        "coordinates": [
          104.510075,
          -4.837533333
        ]
      },
      "properties": {
        "location_name": "Powerhouse Besai Kemu",
        "slug": "pltm_besai_kemu_powerhouse",
        "date": "Minggu, 23 Agustus 2026",
        "date_iso": "2026-08-23",
        "relative": "Hari ini",
        "hour": "06:00",
        "rain_probability": 0,
        "risk_score": 25,
        "risk_class": "watch",
        "risk_label": "Perlu diperhatikan",
        "condition": "Berawan",
        "temp_c": 22.5,
        "humidity_pct": 88.0,
        "heat_index_c": 22.5,
        "wind_kmh": 5.4,
        "wind_dir": 0.0,
        "cloud_pct": 75.0
      }
    },
    {
      "type": "Feature",
      "geometry": {
        "type": "Point",
        "coordinates": [
          104.510075,
          -4.837533333
        ]
      },
      "properties": {
        "location_name": "Powerhouse Besai Kemu",
        "slug": "pltm_besai_kemu_powerhouse",
        "date": "Minggu, 23 Agustus 2026",
        "date_iso": "2026-08-23",
        "relative": "Hari ini",
        "hour": "07:00",
        "rain_probability": 0,
        "risk_score": 21,
        "risk_class": "safe",
        "risk_label": "Aman",
        "condition": "Berawan",
        "temp_c": 23.3,
        "humidity_pct": 82.0,
        "heat_index_c": 23.3,
        "wind_kmh": 4.8,
        "wind_dir": 0.0,
        "cloud_pct": 45.0
      }
    },
    {
      "type": "Feature",
      "geometry": {
        "type": "Point",
        "coordinates": [
          104.510075,
          -4.837533333
        ]
      },
      "properties": {
        "location_name": "Powerhouse Besai Kemu",
        "slug": "pltm_besai_kemu_powerhouse",
        "date": "Minggu, 23 Agustus 2026",
        "date_iso": "2026-08-23",
        "relative": "Hari ini",
        "hour": "08:00",
        "rain_probability": 0,
        "risk_score": 24,
        "risk_class": "safe",
        "risk_label": "Aman",
        "condition": "Cerah",
        "temp_c": 25.1,
        "humidity_pct": 75.0,
        "heat_index_c": 25.1,
        "wind_kmh": 1.8,
        "wind_dir": 0.0,
        "cloud_pct": 45.0
      }
    },
    {
      "type": "Feature",
      "geometry": {
        "type": "Point",
        "coordinates": [
          104.510075,
          -4.837533333
        ]
      },
      "properties": {
        "location_name": "Powerhouse Besai Kemu",
        "slug": "pltm_besai_kemu_powerhouse",
        "date": "Minggu, 23 Agustus 2026",
        "date_iso": "2026-08-23",
        "relative": "Hari ini",
        "hour": "09:00",
        "rain_probability": 0,
        "risk_score": 55,
        "risk_class": "watch",
        "risk_label": "Perlu diperhatikan",
        "condition": "Cerah Berawan",
        "temp_c": 28.3,
        "humidity_pct": 65.0,
        "heat_index_c": 30.55,
        "wind_kmh": 5.4,
        "wind_dir": 0.0,
        "cloud_pct": 45.0
      }
    },
    {
      "type": "Feature",
      "geometry": {
        "type": "Point",
        "coordinates": [
          104.510075,
          -4.837533333
        ]
      },
      "properties": {
        "location_name": "Powerhouse Besai Kemu",
        "slug": "pltm_besai_kemu_powerhouse",
        "date": "Minggu, 23 Agustus 2026",
        "date_iso": "2026-08-23",
        "relative": "Hari ini",
        "hour": "10:00",
        "rain_probability": 0,
        "risk_score": 73,
        "risk_class": "rain",
        "risk_label": "Waspada",
        "condition": "Cerah",
        "temp_c": 29.6,
        "humidity_pct": 57.0,
        "heat_index_c": 31.91,
        "wind_kmh": 8.9,
        "wind_dir": 0.0,
        "cloud_pct": 15.0
      }
    },
    {
      "type": "Feature",
      "geometry": {
        "type": "Point",
        "coordinates": [
          104.510075,
          -4.837533333
        ]
      },
      "properties": {
        "location_name": "Powerhouse Besai Kemu",
        "slug": "pltm_besai_kemu_powerhouse",
        "date": "Minggu, 23 Agustus 2026",
        "date_iso": "2026-08-23",
        "relative": "Hari ini",
        "hour": "11:00",
        "rain_probability": 0,
        "risk_score": 81,
        "risk_class": "danger",
        "risk_label": "Berpotensi signifikan",
        "condition": "Cerah Berawan",
        "temp_c": 31.1,
        "humidity_pct": 53.0,
        "heat_index_c": 33.41,
        "wind_kmh": 9.9,
        "wind_dir": 0.0,
        "cloud_pct": 45.0
      }
    },
    {
      "type": "Feature",
      "geometry": {
        "type": "Point",
        "coordinates": [
          104.510075,
          -4.837533333
        ]
      },
      "properties": {
        "location_name": "Powerhouse Besai Kemu",
        "slug": "pltm_besai_kemu_powerhouse",
        "date": "Minggu, 23 Agustus 2026",
        "date_iso": "2026-08-23",
        "relative": "Hari ini",
        "hour": "12:00",
        "rain_probability": 14.4,
        "risk_score": 90,
        "risk_class": "danger",
        "risk_label": "Berpotensi signifikan",
        "condition": "Cerah",
        "temp_c": 32.2,
        "humidity_pct": 44.0,
        "heat_index_c": 34.2,
        "wind_kmh": 9.6,
        "wind_dir": 0.0,
        "cloud_pct": 45.0
      }
    },
    {
      "type": "Feature",
      "geometry": {
        "type": "Point",
        "coordinates": [
          104.510075,
          -4.837533333
        ]
      },
      "properties": {
        "location_name": "Powerhouse Besai Kemu",
        "slug": "pltm_besai_kemu_powerhouse",
        "date": "Minggu, 23 Agustus 2026",
        "date_iso": "2026-08-23",
        "relative": "Hari ini",
        "hour": "13:00",
        "rain_probability": 0,
        "risk_score": 91,
        "risk_class": "danger",
        "risk_label": "Berpotensi signifikan",
        "condition": "Cerah Berawan",
        "temp_c": 32.9,
        "humidity_pct": 44.0,
        "heat_index_c": 34.1,
        "wind_kmh": 9.5,
        "wind_dir": 0.0,
        "cloud_pct": 45.0
      }
    },
    {
      "type": "Feature",
      "geometry": {
        "type": "Point",
        "coordinates": [
          104.510075,
          -4.837533333
        ]
      },
      "properties": {
        "location_name": "Powerhouse Besai Kemu",
        "slug": "pltm_besai_kemu_powerhouse",
        "date": "Minggu, 23 Agustus 2026",
        "date_iso": "2026-08-23",
        "relative": "Hari ini",
        "hour": "14:00",
        "rain_probability": 0,
        "risk_score": 94,
        "risk_class": "danger",
        "risk_label": "Berpotensi signifikan",
        "condition": "Cerah",
        "temp_c": 33.4,
        "humidity_pct": 41.0,
        "heat_index_c": 34.4,
        "wind_kmh": 9.8,
        "wind_dir": 0.0,
        "cloud_pct": 15.0
      }
    },
    {
      "type": "Feature",
      "geometry": {
        "type": "Point",
        "coordinates": [
          104.510075,
          -4.837533333
        ]
      },
      "properties": {
        "location_name": "Powerhouse Besai Kemu",
        "slug": "pltm_besai_kemu_powerhouse",
        "date": "Minggu, 23 Agustus 2026",
        "date_iso": "2026-08-23",
        "relative": "Hari ini",
        "hour": "15:00",
        "rain_probability": 0,
        "risk_score": 91,
        "risk_class": "danger",
        "risk_label": "Berpotensi signifikan",
        "condition": "Cerah Berawan",
        "temp_c": 33.5,
        "humidity_pct": 40.0,
        "heat_index_c": 34.4,
        "wind_kmh": 9.4,
        "wind_dir": 0.0,
        "cloud_pct": 45.0
      }
    },
    {
      "type": "Feature",
      "geometry": {
        "type": "Point",
        "coordinates": [
          104.510075,
          -4.837533333
        ]
      },
      "properties": {
        "location_name": "Powerhouse Besai Kemu",
        "slug": "pltm_besai_kemu_powerhouse",
        "date": "Minggu, 23 Agustus 2026",
        "date_iso": "2026-08-23",
        "relative": "Hari ini",
        "hour": "16:00",
        "rain_probability": 0,
        "risk_score": 91,
        "risk_class": "danger",
        "risk_label": "Berpotensi signifikan",
        "condition": "Cerah Berawan",
        "temp_c": 33.3,
        "humidity_pct": 40.0,
        "heat_index_c": 33.9,
        "wind_kmh": 9.3,
        "wind_dir": 0.0,
        "cloud_pct": 45.0
      }
    },
    {
      "type": "Feature",
      "geometry": {
        "type": "Point",
        "coordinates": [
          104.510075,
          -4.837533333
        ]
      },
      "properties": {
        "location_name": "Powerhouse Besai Kemu",
        "slug": "pltm_besai_kemu_powerhouse",
        "date": "Minggu, 23 Agustus 2026",
        "date_iso": "2026-08-23",
        "relative": "Hari ini",
        "hour": "17:00",
        "rain_probability": 0,
        "risk_score": 90,
        "risk_class": "danger",
        "risk_label": "Berpotensi signifikan",
        "condition": "Cerah Berawan",
        "temp_c": 32.6,
        "humidity_pct": 42.0,
        "heat_index_c": 33.1,
        "wind_kmh": 8.8,
        "wind_dir": 0.0,
        "cloud_pct": 45.0
      }
    },
    {
      "type": "Feature",
      "geometry": {
        "type": "Point",
        "coordinates": [
          104.510075,
          -4.837533333
        ]
      },
      "properties": {
        "location_name": "Powerhouse Besai Kemu",
        "slug": "pltm_besai_kemu_powerhouse",
        "date": "Minggu, 23 Agustus 2026",
        "date_iso": "2026-08-23",
        "relative": "Hari ini",
        "hour": "18:00",
        "rain_probability": 0,
        "risk_score": 82,
        "risk_class": "danger",
        "risk_label": "Berpotensi signifikan",
        "condition": "Cerah Berawan",
        "temp_c": 28.2,
        "humidity_pct": 46.0,
        "heat_index_c": 29.93,
        "wind_kmh": 9.2,
        "wind_dir": 0.0,
        "cloud_pct": 45.0
      }
    },
    {
      "type": "Feature",
      "geometry": {
        "type": "Point",
        "coordinates": [
          104.510075,
          -4.837533333
        ]
      },
      "properties": {
        "location_name": "Powerhouse Besai Kemu",
        "slug": "pltm_besai_kemu_powerhouse",
        "date": "Minggu, 23 Agustus 2026",
        "date_iso": "2026-08-23",
        "relative": "Hari ini",
        "hour": "19:00",
        "rain_probability": 0,
        "risk_score": 73,
        "risk_class": "rain",
        "risk_label": "Waspada",
        "condition": "Cerah",
        "temp_c": 26.7,
        "humidity_pct": 57.0,
        "heat_index_c": 27.36,
        "wind_kmh": 9.2,
        "wind_dir": 0.0,
        "cloud_pct": 15.0
      }
    },
    {
      "type": "Feature",
      "geometry": {
        "type": "Point",
        "coordinates": [
          104.510075,
          -4.837533333
        ]
      },
      "properties": {
        "location_name": "Powerhouse Besai Kemu",
        "slug": "pltm_besai_kemu_powerhouse",
        "date": "Minggu, 23 Agustus 2026",
        "date_iso": "2026-08-23",
        "relative": "Hari ini",
        "hour": "20:00",
        "rain_probability": 0,
        "risk_score": 59,
        "risk_class": "rain",
        "risk_label": "Waspada",
        "condition": "Cerah",
        "temp_c": 26.0,
        "humidity_pct": 67.0,
        "heat_index_c": 26.0,
        "wind_kmh": 8.5,
        "wind_dir": 0.0,
        "cloud_pct": 15.0
      }
    },
    {
      "type": "Feature",
      "geometry": {
        "type": "Point",
        "coordinates": [
          104.510075,
          -4.837533333
        ]
      },
      "properties": {
        "location_name": "Powerhouse Besai Kemu",
        "slug": "pltm_besai_kemu_powerhouse",
        "date": "Minggu, 23 Agustus 2026",
        "date_iso": "2026-08-23",
        "relative": "Hari ini",
        "hour": "21:00",
        "rain_probability": 0,
        "risk_score": 51,
        "risk_class": "watch",
        "risk_label": "Perlu diperhatikan",
        "condition": "Cerah",
        "temp_c": 24.6,
        "humidity_pct": 77.0,
        "heat_index_c": 24.6,
        "wind_kmh": 7.7,
        "wind_dir": 0.0,
        "cloud_pct": 15.0
      }
    },
    {
      "type": "Feature",
      "geometry": {
        "type": "Point",
        "coordinates": [
          104.510075,
          -4.837533333
        ]
      },
      "properties": {
        "location_name": "Powerhouse Besai Kemu",
        "slug": "pltm_besai_kemu_powerhouse",
        "date": "Minggu, 23 Agustus 2026",
        "date_iso": "2026-08-23",
        "relative": "Hari ini",
        "hour": "22:00",
        "rain_probability": 0,
        "risk_score": 47,
        "risk_class": "watch",
        "risk_label": "Perlu diperhatikan",
        "condition": "Cerah",
        "temp_c": 24.0,
        "humidity_pct": 81.0,
        "heat_index_c": 24.0,
        "wind_kmh": 6.5,
        "wind_dir": 0.0,
        "cloud_pct": 15.0
      }
    },
    {
      "type": "Feature",
      "geometry": {
        "type": "Point",
        "coordinates": [
          104.510075,
          -4.837533333
        ]
      },
      "properties": {
        "location_name": "Powerhouse Besai Kemu",
        "slug": "pltm_besai_kemu_powerhouse",
        "date": "Minggu, 23 Agustus 2026",
        "date_iso": "2026-08-23",
        "relative": "Hari ini",
        "hour": "23:00",
        "rain_probability": 0,
        "risk_score": 41,
        "risk_class": "watch",
        "risk_label": "Perlu diperhatikan",
        "condition": "Cerah",
        "temp_c": 23.3,
        "humidity_pct": 82.0,
        "heat_index_c": 23.3,
        "wind_kmh": 6.8,
        "wind_dir": 0.0,
        "cloud_pct": 15.0
      }
    },
    {
      "type": "Feature",
      "geometry": {
        "type": "Point",
        "coordinates": [
          104.510075,
          -4.837533333
        ]
      },
      "properties": {
        "location_name": "Powerhouse Besai Kemu",
        "slug": "pltm_besai_kemu_powerhouse",
        "date": "Senin, 24 Agustus 2026",
        "date_iso": "2026-08-24",
        "relative": "Besok",
        "hour": "00:00",
        "rain_probability": 0,
        "risk_score": 41,
        "risk_class": "watch",
        "risk_label": "Perlu diperhatikan",
        "condition": "Cerah",
        "temp_c": 22.8,
        "humidity_pct": 87.0,
        "heat_index_c": 22.8,
        "wind_kmh": 7.0,
        "wind_dir": 0.0,
        "cloud_pct": 15.0
      }
    },
    {
      "type": "Feature",
      "geometry": {
        "type": "Point",
        "coordinates": [
          104.510075,
          -4.837533333
        ]
      },
      "properties": {
        "location_name": "Powerhouse Besai Kemu",
        "slug": "pltm_besai_kemu_powerhouse",
        "date": "Senin, 24 Agustus 2026",
        "date_iso": "2026-08-24",
        "relative": "Besok",
        "hour": "01:00",
        "rain_probability": 0,
        "risk_score": 37,
        "risk_class": "watch",
        "risk_label": "Perlu diperhatikan",
        "condition": "Cerah",
        "temp_c": 22.5,
        "humidity_pct": 88.0,
        "heat_index_c": 22.5,
        "wind_kmh": 6.9,
        "wind_dir": 0.0,
        "cloud_pct": 15.0
      }
    },
    {
      "type": "Feature",
      "geometry": {
        "type": "Point",
        "coordinates": [
          104.510075,
          -4.837533333
        ]
      },
      "properties": {
        "location_name": "Powerhouse Besai Kemu",
        "slug": "pltm_besai_kemu_powerhouse",
        "date": "Senin, 24 Agustus 2026",
        "date_iso": "2026-08-24",
        "relative": "Besok",
        "hour": "02:00",
        "rain_probability": 0,
        "risk_score": 29,
        "risk_class": "watch",
        "risk_label": "Perlu diperhatikan",
        "condition": "Cerah",
        "temp_c": 22.3,
        "humidity_pct": 87.0,
        "heat_index_c": 22.3,
        "wind_kmh": 7.1,
        "wind_dir": 0.0,
        "cloud_pct": 15.0
      }
    },
    {
      "type": "Feature",
      "geometry": {
        "type": "Point",
        "coordinates": [
          104.510075,
          -4.837533333
        ]
      },
      "properties": {
        "location_name": "Powerhouse Besai Kemu",
        "slug": "pltm_besai_kemu_powerhouse",
        "date": "Senin, 24 Agustus 2026",
        "date_iso": "2026-08-24",
        "relative": "Besok",
        "hour": "03:00",
        "rain_probability": 0,
        "risk_score": 22,
        "risk_class": "safe",
        "risk_label": "Aman",
        "condition": "Cerah",
        "temp_c": 22.2,
        "humidity_pct": 90.0,
        "heat_index_c": 22.2,
        "wind_kmh": 7.5,
        "wind_dir": 0.0,
        "cloud_pct": 15.0
      }
    },
    {
      "type": "Feature",
      "geometry": {
        "type": "Point",
        "coordinates": [
          104.510075,
          -4.837533333
        ]
      },
      "properties": {
        "location_name": "Powerhouse Besai Kemu",
        "slug": "pltm_besai_kemu_powerhouse",
        "date": "Senin, 24 Agustus 2026",
        "date_iso": "2026-08-24",
        "relative": "Besok",
        "hour": "04:00",
        "rain_probability": 0,
        "risk_score": 19,
        "risk_class": "safe",
        "risk_label": "Aman",
        "condition": "Cerah",
        "temp_c": 22.1,
        "humidity_pct": 89.0,
        "heat_index_c": 22.1,
        "wind_kmh": 7.2,
        "wind_dir": 0.0,
        "cloud_pct": 15.0
      }
    },
    {
      "type": "Feature",
      "geometry": {
        "type": "Point",
        "coordinates": [
          104.510075,
          -4.837533333
        ]
      },
      "properties": {
        "location_name": "Powerhouse Besai Kemu",
        "slug": "pltm_besai_kemu_powerhouse",
        "date": "Senin, 24 Agustus 2026",
        "date_iso": "2026-08-24",
        "relative": "Besok",
        "hour": "05:00",
        "rain_probability": 0,
        "risk_score": 20,
        "risk_class": "safe",
        "risk_label": "Aman",
        "condition": "Cerah",
        "temp_c": 22.0,
        "humidity_pct": 90.0,
        "heat_index_c": 22.0,
        "wind_kmh": 6.8,
        "wind_dir": 0.0,
        "cloud_pct": 15.0
      }
    },
    {
      "type": "Feature",
      "geometry": {
        "type": "Point",
        "coordinates": [
          104.510075,
          -4.837533333
        ]
      },
      "properties": {
        "location_name": "Powerhouse Besai Kemu",
        "slug": "pltm_besai_kemu_powerhouse",
        "date": "Senin, 24 Agustus 2026",
        "date_iso": "2026-08-24",
        "relative": "Besok",
        "hour": "06:00",
        "rain_probability": 0,
        "risk_score": 19,
        "risk_class": "safe",
        "risk_label": "Aman",
        "condition": "Cerah",
        "temp_c": 22.5,
        "humidity_pct": 88.0,
        "heat_index_c": 22.5,
        "wind_kmh": 5.6,
        "wind_dir": 0.0,
        "cloud_pct": 15.0
      }
    },
    {
      "type": "Feature",
      "geometry": {
        "type": "Point",
        "coordinates": [
          104.510075,
          -4.837533333
        ]
      },
      "properties": {
        "location_name": "Powerhouse Besai Kemu",
        "slug": "pltm_besai_kemu_powerhouse",
        "date": "Senin, 24 Agustus 2026",
        "date_iso": "2026-08-24",
        "relative": "Besok",
        "hour": "07:00",
        "rain_probability": 0,
        "risk_score": 18,
        "risk_class": "safe",
        "risk_label": "Aman",
        "condition": "Cerah",
        "temp_c": 23.4,
        "humidity_pct": 80.0,
        "heat_index_c": 23.4,
        "wind_kmh": 5.2,
        "wind_dir": 0.0,
        "cloud_pct": 15.0
      }
    },
    {
      "type": "Feature",
      "geometry": {
        "type": "Point",
        "coordinates": [
          104.510075,
          -4.837533333
        ]
      },
      "properties": {
        "location_name": "Powerhouse Besai Kemu",
        "slug": "pltm_besai_kemu_powerhouse",
        "date": "Senin, 24 Agustus 2026",
        "date_iso": "2026-08-24",
        "relative": "Besok",
        "hour": "08:00",
        "rain_probability": 0,
        "risk_score": 31,
        "risk_class": "watch",
        "risk_label": "Perlu diperhatikan",
        "condition": "Cerah",
        "temp_c": 25.3,
        "humidity_pct": 74.0,
        "heat_index_c": 25.3,
        "wind_kmh": 2.0,
        "wind_dir": 0.0,
        "cloud_pct": 15.0
      }
    },
    {
      "type": "Feature",
      "geometry": {
        "type": "Point",
        "coordinates": [
          104.510075,
          -4.837533333
        ]
      },
      "properties": {
        "location_name": "Powerhouse Besai Kemu",
        "slug": "pltm_besai_kemu_powerhouse",
        "date": "Senin, 24 Agustus 2026",
        "date_iso": "2026-08-24",
        "relative": "Besok",
        "hour": "09:00",
        "rain_probability": 0,
        "risk_score": 56,
        "risk_class": "rain",
        "risk_label": "Waspada",
        "condition": "Cerah",
        "temp_c": 28.5,
        "humidity_pct": 63.0,
        "heat_index_c": 30.62,
        "wind_kmh": 5.8,
        "wind_dir": 0.0,
        "cloud_pct": 15.0
      }
    },
    {
      "type": "Feature",
      "geometry": {
        "type": "Point",
        "coordinates": [
          104.510075,
          -4.837533333
        ]
      },
      "properties": {
        "location_name": "Powerhouse Besai Kemu",
        "slug": "pltm_besai_kemu_powerhouse",
        "date": "Senin, 24 Agustus 2026",
        "date_iso": "2026-08-24",
        "relative": "Besok",
        "hour": "10:00",
        "rain_probability": 0,
        "risk_score": 73,
        "risk_class": "rain",
        "risk_label": "Waspada",
        "condition": "Cerah",
        "temp_c": 30.0,
        "humidity_pct": 56.0,
        "heat_index_c": 32.07,
        "wind_kmh": 7.5,
        "wind_dir": 0.0,
        "cloud_pct": 15.0
      }
    },
    {
      "type": "Feature",
      "geometry": {
        "type": "Point",
        "coordinates": [
          104.510075,
          -4.837533333
        ]
      },
      "properties": {
        "location_name": "Powerhouse Besai Kemu",
        "slug": "pltm_besai_kemu_powerhouse",
        "date": "Senin, 24 Agustus 2026",
        "date_iso": "2026-08-24",
        "relative": "Besok",
        "hour": "11:00",
        "rain_probability": 0,
        "risk_score": 86,
        "risk_class": "danger",
        "risk_label": "Berpotensi signifikan",
        "condition": "Cerah",
        "temp_c": 30.9,
        "humidity_pct": 54.0,
        "heat_index_c": 33.26,
        "wind_kmh": 10.2,
        "wind_dir": 0.0,
        "cloud_pct": 15.0
      }
    },
    {
      "type": "Feature",
      "geometry": {
        "type": "Point",
        "coordinates": [
          104.510075,
          -4.837533333
        ]
      },
      "properties": {
        "location_name": "Powerhouse Besai Kemu",
        "slug": "pltm_besai_kemu_powerhouse",
        "date": "Senin, 24 Agustus 2026",
        "date_iso": "2026-08-24",
        "relative": "Besok",
        "hour": "12:00",
        "rain_probability": 0,
        "risk_score": 89,
        "risk_class": "danger",
        "risk_label": "Berpotensi signifikan",
        "condition": "Cerah",
        "temp_c": 32.2,
        "humidity_pct": 46.0,
        "heat_index_c": 34.1,
        "wind_kmh": 11.6,
        "wind_dir": 0.0,
        "cloud_pct": 15.0
      }
    },
    {
      "type": "Feature",
      "geometry": {
        "type": "Point",
        "coordinates": [
          104.510075,
          -4.837533333
        ]
      },
      "properties": {
        "location_name": "Powerhouse Besai Kemu",
        "slug": "pltm_besai_kemu_powerhouse",
        "date": "Senin, 24 Agustus 2026",
        "date_iso": "2026-08-24",
        "relative": "Besok",
        "hour": "13:00",
        "rain_probability": 13.8,
        "risk_score": 98,
        "risk_class": "danger",
        "risk_label": "Berpotensi signifikan",
        "condition": "Cerah",
        "temp_c": 33.1,
        "humidity_pct": 44.0,
        "heat_index_c": 34.52,
        "wind_kmh": 11.9,
        "wind_dir": 0.0,
        "cloud_pct": 15.0
      }
    },
    {
      "type": "Feature",
      "geometry": {
        "type": "Point",
        "coordinates": [
          104.510075,
          -4.837533333
        ]
      },
      "properties": {
        "location_name": "Powerhouse Besai Kemu",
        "slug": "pltm_besai_kemu_powerhouse",
        "date": "Senin, 24 Agustus 2026",
        "date_iso": "2026-08-24",
        "relative": "Besok",
        "hour": "14:00",
        "rain_probability": 14.4,
        "risk_score": 99,
        "risk_class": "danger",
        "risk_label": "Berpotensi signifikan",
        "condition": "Cerah",
        "temp_c": 33.4,
        "humidity_pct": 42.0,
        "heat_index_c": 34.72,
        "wind_kmh": 12.3,
        "wind_dir": 0.0,
        "cloud_pct": 15.0
      }
    },
    {
      "type": "Feature",
      "geometry": {
        "type": "Point",
        "coordinates": [
          104.510075,
          -4.837533333
        ]
      },
      "properties": {
        "location_name": "Powerhouse Besai Kemu",
        "slug": "pltm_besai_kemu_powerhouse",
        "date": "Senin, 24 Agustus 2026",
        "date_iso": "2026-08-24",
        "relative": "Besok",
        "hour": "15:00",
        "rain_probability": 14.4,
        "risk_score": 97,
        "risk_class": "danger",
        "risk_label": "Berpotensi signifikan",
        "condition": "Cerah",
        "temp_c": 33.3,
        "humidity_pct": 43.0,
        "heat_index_c": 34.8,
        "wind_kmh": 12.6,
        "wind_dir": 0.0,
        "cloud_pct": 15.0
      }
    },
    {
      "type": "Feature",
      "geometry": {
        "type": "Point",
        "coordinates": [
          104.510075,
          -4.837533333
        ]
      },
      "properties": {
        "location_name": "Powerhouse Besai Kemu",
        "slug": "pltm_besai_kemu_powerhouse",
        "date": "Senin, 24 Agustus 2026",
        "date_iso": "2026-08-24",
        "relative": "Besok",
        "hour": "16:00",
        "rain_probability": 0,
        "risk_score": 96,
        "risk_class": "danger",
        "risk_label": "Berpotensi signifikan",
        "condition": "Cerah",
        "temp_c": 32.9,
        "humidity_pct": 44.0,
        "heat_index_c": 34.46,
        "wind_kmh": 11.3,
        "wind_dir": 0.0,
        "cloud_pct": 15.0
      }
    },
    {
      "type": "Feature",
      "geometry": {
        "type": "Point",
        "coordinates": [
          104.510075,
          -4.837533333
        ]
      },
      "properties": {
        "location_name": "Powerhouse Besai Kemu",
        "slug": "pltm_besai_kemu_powerhouse",
        "date": "Senin, 24 Agustus 2026",
        "date_iso": "2026-08-24",
        "relative": "Besok",
        "hour": "17:00",
        "rain_probability": 0,
        "risk_score": 91,
        "risk_class": "danger",
        "risk_label": "Berpotensi signifikan",
        "condition": "Cerah",
        "temp_c": 32.0,
        "humidity_pct": 46.0,
        "heat_index_c": 33.45,
        "wind_kmh": 9.6,
        "wind_dir": 0.0,
        "cloud_pct": 15.0
      }
    },
    {
      "type": "Feature",
      "geometry": {
        "type": "Point",
        "coordinates": [
          104.510075,
          -4.837533333
        ]
      },
      "properties": {
        "location_name": "Powerhouse Besai Kemu",
        "slug": "pltm_besai_kemu_powerhouse",
        "date": "Senin, 24 Agustus 2026",
        "date_iso": "2026-08-24",
        "relative": "Besok",
        "hour": "18:00",
        "rain_probability": 0,
        "risk_score": 83,
        "risk_class": "danger",
        "risk_label": "Berpotensi signifikan",
        "condition": "Cerah",
        "temp_c": 29.2,
        "humidity_pct": 50.0,
        "heat_index_c": 31.65,
        "wind_kmh": 10.1,
        "wind_dir": 0.0,
        "cloud_pct": 15.0
      }
    },
    {
      "type": "Feature",
      "geometry": {
        "type": "Point",
        "coordinates": [
          104.510075,
          -4.837533333
        ]
      },
      "properties": {
        "location_name": "Powerhouse Besai Kemu",
        "slug": "pltm_besai_kemu_powerhouse",
        "date": "Senin, 24 Agustus 2026",
        "date_iso": "2026-08-24",
        "relative": "Besok",
        "hour": "19:00",
        "rain_probability": 0,
        "risk_score": 75,
        "risk_class": "rain",
        "risk_label": "Waspada",
        "condition": "Cerah",
        "temp_c": 27.4,
        "humidity_pct": 64.0,
        "heat_index_c": 29.83,
        "wind_kmh": 11.9,
        "wind_dir": 0.0,
        "cloud_pct": 15.0
      }
    },
    {
      "type": "Feature",
      "geometry": {
        "type": "Point",
        "coordinates": [
          104.510075,
          -4.837533333
        ]
      },
      "properties": {
        "location_name": "Powerhouse Besai Kemu",
        "slug": "pltm_besai_kemu_powerhouse",
        "date": "Senin, 24 Agustus 2026",
        "date_iso": "2026-08-24",
        "relative": "Besok",
        "hour": "20:00",
        "rain_probability": 0,
        "risk_score": 55,
        "risk_class": "rain",
        "risk_label": "Waspada",
        "condition": "Cerah",
        "temp_c": 26.1,
        "humidity_pct": 65.0,
        "heat_index_c": 26.1,
        "wind_kmh": 10.1,
        "wind_dir": 0.0,
        "cloud_pct": 15.0
      }
    },
    {
      "type": "Feature",
      "geometry": {
        "type": "Point",
        "coordinates": [
          104.510075,
          -4.837533333
        ]
      },
      "properties": {
        "location_name": "Powerhouse Besai Kemu",
        "slug": "pltm_besai_kemu_powerhouse",
        "date": "Senin, 24 Agustus 2026",
        "date_iso": "2026-08-24",
        "relative": "Besok",
        "hour": "21:00",
        "rain_probability": 0,
        "risk_score": 45,
        "risk_class": "watch",
        "risk_label": "Perlu diperhatikan",
        "condition": "Cerah Berawan",
        "temp_c": 25.3,
        "humidity_pct": 78.0,
        "heat_index_c": 25.3,
        "wind_kmh": 6.6,
        "wind_dir": 0.0,
        "cloud_pct": 45.0
      }
    },
    {
      "type": "Feature",
      "geometry": {
        "type": "Point",
        "coordinates": [
          104.510075,
          -4.837533333
        ]
      },
      "properties": {
        "location_name": "Powerhouse Besai Kemu",
        "slug": "pltm_besai_kemu_powerhouse",
        "date": "Senin, 24 Agustus 2026",
        "date_iso": "2026-08-24",
        "relative": "Besok",
        "hour": "22:00",
        "rain_probability": 0,
        "risk_score": 40,
        "risk_class": "watch",
        "risk_label": "Perlu diperhatikan",
        "condition": "Cerah",
        "temp_c": 24.6,
        "humidity_pct": 78.0,
        "heat_index_c": 24.6,
        "wind_kmh": 5.4,
        "wind_dir": 0.0,
        "cloud_pct": 15.0
      }
    },
    {
      "type": "Feature",
      "geometry": {
        "type": "Point",
        "coordinates": [
          104.510075,
          -4.837533333
        ]
      },
      "properties": {
        "location_name": "Powerhouse Besai Kemu",
        "slug": "pltm_besai_kemu_powerhouse",
        "date": "Senin, 24 Agustus 2026",
        "date_iso": "2026-08-24",
        "relative": "Besok",
        "hour": "23:00",
        "rain_probability": 14.4,
        "risk_score": 39,
        "risk_class": "watch",
        "risk_label": "Perlu diperhatikan",
        "condition": "Cerah",
        "temp_c": 24.2,
        "humidity_pct": 81.0,
        "heat_index_c": 24.2,
        "wind_kmh": 5.0,
        "wind_dir": 0.0,
        "cloud_pct": 15.0
      }
    },
    {
      "type": "Feature",
      "geometry": {
        "type": "Point",
        "coordinates": [
          104.510075,
          -4.837533333
        ]
      },
      "properties": {
        "location_name": "Powerhouse Besai Kemu",
        "slug": "pltm_besai_kemu_powerhouse",
        "date": "Selasa, 25 Agustus 2026",
        "date_iso": "2026-08-25",
        "relative": "Lusa",
        "hour": "00:00",
        "rain_probability": 14.4,
        "risk_score": 41,
        "risk_class": "watch",
        "risk_label": "Perlu diperhatikan",
        "condition": "Cerah",
        "temp_c": 23.2,
        "humidity_pct": 86.0,
        "heat_index_c": 23.2,
        "wind_kmh": 6.1,
        "wind_dir": 0.0,
        "cloud_pct": 15.0
      }
    },
    {
      "type": "Feature",
      "geometry": {
        "type": "Point",
        "coordinates": [
          104.510075,
          -4.837533333
        ]
      },
      "properties": {
        "location_name": "Powerhouse Besai Kemu",
        "slug": "pltm_besai_kemu_powerhouse",
        "date": "Selasa, 25 Agustus 2026",
        "date_iso": "2026-08-25",
        "relative": "Lusa",
        "hour": "01:00",
        "rain_probability": 13.8,
        "risk_score": 40,
        "risk_class": "watch",
        "risk_label": "Perlu diperhatikan",
        "condition": "Cerah",
        "temp_c": 22.8,
        "humidity_pct": 87.0,
        "heat_index_c": 22.8,
        "wind_kmh": 5.4,
        "wind_dir": 0.0,
        "cloud_pct": 15.0
      }
    },
    {
      "type": "Feature",
      "geometry": {
        "type": "Point",
        "coordinates": [
          104.510075,
          -4.837533333
        ]
      },
      "properties": {
        "location_name": "Powerhouse Besai Kemu",
        "slug": "pltm_besai_kemu_powerhouse",
        "date": "Selasa, 25 Agustus 2026",
        "date_iso": "2026-08-25",
        "relative": "Lusa",
        "hour": "02:00",
        "rain_probability": 0,
        "risk_score": 36,
        "risk_class": "watch",
        "risk_label": "Perlu diperhatikan",
        "condition": "Cerah",
        "temp_c": 22.6,
        "humidity_pct": 88.0,
        "heat_index_c": 22.6,
        "wind_kmh": 5.8,
        "wind_dir": 0.0,
        "cloud_pct": 15.0
      }
    },
    {
      "type": "Feature",
      "geometry": {
        "type": "Point",
        "coordinates": [
          104.510075,
          -4.837533333
        ]
      },
      "properties": {
        "location_name": "Powerhouse Besai Kemu",
        "slug": "pltm_besai_kemu_powerhouse",
        "date": "Selasa, 25 Agustus 2026",
        "date_iso": "2026-08-25",
        "relative": "Lusa",
        "hour": "03:00",
        "rain_probability": 0,
        "risk_score": 34,
        "risk_class": "watch",
        "risk_label": "Perlu diperhatikan",
        "condition": "Cerah Berawan",
        "temp_c": 22.5,
        "humidity_pct": 90.0,
        "heat_index_c": 22.5,
        "wind_kmh": 6.3,
        "wind_dir": 0.0,
        "cloud_pct": 45.0
      }
    },
    {
      "type": "Feature",
      "geometry": {
        "type": "Point",
        "coordinates": [
          104.510075,
          -4.837533333
        ]
      },
      "properties": {
        "location_name": "Powerhouse Besai Kemu",
        "slug": "pltm_besai_kemu_powerhouse",
        "date": "Selasa, 25 Agustus 2026",
        "date_iso": "2026-08-25",
        "relative": "Lusa",
        "hour": "04:00",
        "rain_probability": 0,
        "risk_score": 22,
        "risk_class": "safe",
        "risk_label": "Aman",
        "condition": "Cerah Berawan",
        "temp_c": 22.4,
        "humidity_pct": 88.0,
        "heat_index_c": 22.4,
        "wind_kmh": 6.3,
        "wind_dir": 0.0,
        "cloud_pct": 45.0
      }
    },
    {
      "type": "Feature",
      "geometry": {
        "type": "Point",
        "coordinates": [
          104.510075,
          -4.837533333
        ]
      },
      "properties": {
        "location_name": "Powerhouse Besai Kemu",
        "slug": "pltm_besai_kemu_powerhouse",
        "date": "Selasa, 25 Agustus 2026",
        "date_iso": "2026-08-25",
        "relative": "Lusa",
        "hour": "05:00",
        "rain_probability": 0,
        "risk_score": 22,
        "risk_class": "safe",
        "risk_label": "Aman",
        "condition": "Cerah Berawan",
        "temp_c": 22.3,
        "humidity_pct": 89.0,
        "heat_index_c": 22.3,
        "wind_kmh": 6.3,
        "wind_dir": 0.0,
        "cloud_pct": 45.0
      }
    },
    {
      "type": "Feature",
      "geometry": {
        "type": "Point",
        "coordinates": [
          104.510075,
          -4.837533333
        ]
      },
      "properties": {
        "location_name": "Powerhouse Besai Kemu",
        "slug": "pltm_besai_kemu_powerhouse",
        "date": "Selasa, 25 Agustus 2026",
        "date_iso": "2026-08-25",
        "relative": "Lusa",
        "hour": "06:00",
        "rain_probability": 0,
        "risk_score": 19,
        "risk_class": "safe",
        "risk_label": "Aman",
        "condition": "Cerah",
        "temp_c": 22.5,
        "humidity_pct": 86.0,
        "heat_index_c": 22.5,
        "wind_kmh": 5.5,
        "wind_dir": 0.0,
        "cloud_pct": 15.0
      }
    },
    {
      "type": "Feature",
      "geometry": {
        "type": "Point",
        "coordinates": [
          104.510075,
          -4.837533333
        ]
      },
      "properties": {
        "location_name": "Powerhouse Besai Kemu",
        "slug": "pltm_besai_kemu_powerhouse",
        "date": "Selasa, 25 Agustus 2026",
        "date_iso": "2026-08-25",
        "relative": "Lusa",
        "hour": "07:00",
        "rain_probability": 0,
        "risk_score": 18,
        "risk_class": "safe",
        "risk_label": "Aman",
        "condition": "Cerah",
        "temp_c": 24.0,
        "humidity_pct": 80.0,
        "heat_index_c": 24.0,
        "wind_kmh": 5.2,
        "wind_dir": 0.0,
        "cloud_pct": 15.0
      }
    },
    {
      "type": "Feature",
      "geometry": {
        "type": "Point",
        "coordinates": [
          104.510075,
          -4.837533333
        ]
      },
      "properties": {
        "location_name": "Powerhouse Besai Kemu",
        "slug": "pltm_besai_kemu_powerhouse",
        "date": "Selasa, 25 Agustus 2026",
        "date_iso": "2026-08-25",
        "relative": "Lusa",
        "hour": "08:00",
        "rain_probability": 0,
        "risk_score": 31,
        "risk_class": "watch",
        "risk_label": "Perlu diperhatikan",
        "condition": "Cerah",
        "temp_c": 25.1,
        "humidity_pct": 75.0,
        "heat_index_c": 25.1,
        "wind_kmh": 3.2,
        "wind_dir": 0.0,
        "cloud_pct": 15.0
      }
    },
    {
      "type": "Feature",
      "geometry": {
        "type": "Point",
        "coordinates": [
          104.510075,
          -4.837533333
        ]
      },
      "properties": {
        "location_name": "Powerhouse Besai Kemu",
        "slug": "pltm_besai_kemu_powerhouse",
        "date": "Selasa, 25 Agustus 2026",
        "date_iso": "2026-08-25",
        "relative": "Lusa",
        "hour": "09:00",
        "rain_probability": 0,
        "risk_score": 56,
        "risk_class": "rain",
        "risk_label": "Waspada",
        "condition": "Cerah",
        "temp_c": 29.0,
        "humidity_pct": 62.0,
        "heat_index_c": 30.59,
        "wind_kmh": 6.9,
        "wind_dir": 0.0,
        "cloud_pct": 15.0
      }
    },
    {
      "type": "Feature",
      "geometry": {
        "type": "Point",
        "coordinates": [
          104.510075,
          -4.837533333
        ]
      },
      "properties": {
        "location_name": "Powerhouse Besai Kemu",
        "slug": "pltm_besai_kemu_powerhouse",
        "date": "Selasa, 25 Agustus 2026",
        "date_iso": "2026-08-25",
        "relative": "Lusa",
        "hour": "10:00",
        "rain_probability": 0,
        "risk_score": 73,
        "risk_class": "rain",
        "risk_label": "Waspada",
        "condition": "Cerah",
        "temp_c": 29.6,
        "humidity_pct": 57.0,
        "heat_index_c": 32.09,
        "wind_kmh": 8.9,
        "wind_dir": 0.0,
        "cloud_pct": 15.0
      }
    },
    {
      "type": "Feature",
      "geometry": {
        "type": "Point",
        "coordinates": [
          104.510075,
          -4.837533333
        ]
      },
      "properties": {
        "location_name": "Powerhouse Besai Kemu",
        "slug": "pltm_besai_kemu_powerhouse",
        "date": "Selasa, 25 Agustus 2026",
        "date_iso": "2026-08-25",
        "relative": "Lusa",
        "hour": "11:00",
        "rain_probability": 0,
        "risk_score": 89,
        "risk_class": "danger",
        "risk_label": "Berpotensi signifikan",
        "condition": "Cerah Berawan",
        "temp_c": 31.0,
        "humidity_pct": 54.0,
        "heat_index_c": 33.45,
        "wind_kmh": 9.0,
        "wind_dir": 0.0,
        "cloud_pct": 45.0
      }
    },
    {
      "type": "Feature",
      "geometry": {
        "type": "Point",
        "coordinates": [
          104.510075,
          -4.837533333
        ]
      },
      "properties": {
        "location_name": "Powerhouse Besai Kemu",
        "slug": "pltm_besai_kemu_powerhouse",
        "date": "Selasa, 25 Agustus 2026",
        "date_iso": "2026-08-25",
        "relative": "Lusa",
        "hour": "12:00",
        "rain_probability": 0,
        "risk_score": 94,
        "risk_class": "danger",
        "risk_label": "Berpotensi signifikan",
        "condition": "Cerah Berawan",
        "temp_c": 32.1,
        "humidity_pct": 47.0,
        "heat_index_c": 34.31,
        "wind_kmh": 9.4,
        "wind_dir": 0.0,
        "cloud_pct": 45.0
      }
    },
    {
      "type": "Feature",
      "geometry": {
        "type": "Point",
        "coordinates": [
          104.510075,
          -4.837533333
        ]
      },
      "properties": {
        "location_name": "Powerhouse Besai Kemu",
        "slug": "pltm_besai_kemu_powerhouse",
        "date": "Selasa, 25 Agustus 2026",
        "date_iso": "2026-08-25",
        "relative": "Lusa",
        "hour": "13:00",
        "rain_probability": 0,
        "risk_score": 91,
        "risk_class": "danger",
        "risk_label": "Berpotensi signifikan",
        "condition": "Cerah",
        "temp_c": 32.8,
        "humidity_pct": 46.0,
        "heat_index_c": 34.6,
        "wind_kmh": 10.2,
        "wind_dir": 0.0,
        "cloud_pct": 15.0
      }
    },
    {
      "type": "Feature",
      "geometry": {
        "type": "Point",
        "coordinates": [
          104.510075,
          -4.837533333
        ]
      },
      "properties": {
        "location_name": "Powerhouse Besai Kemu",
        "slug": "pltm_besai_kemu_powerhouse",
        "date": "Selasa, 25 Agustus 2026",
        "date_iso": "2026-08-25",
        "relative": "Lusa",
        "hour": "14:00",
        "rain_probability": 14.4,
        "risk_score": 96,
        "risk_class": "danger",
        "risk_label": "Berpotensi signifikan",
        "condition": "Cerah Berawan",
        "temp_c": 33.2,
        "humidity_pct": 45.0,
        "heat_index_c": 35.1,
        "wind_kmh": 10.5,
        "wind_dir": 0.0,
        "cloud_pct": 45.0
      }
    },
    {
      "type": "Feature",
      "geometry": {
        "type": "Point",
        "coordinates": [
          104.510075,
          -4.837533333
        ]
      },
      "properties": {
        "location_name": "Powerhouse Besai Kemu",
        "slug": "pltm_besai_kemu_powerhouse",
        "date": "Selasa, 25 Agustus 2026",
        "date_iso": "2026-08-25",
        "relative": "Lusa",
        "hour": "15:00",
        "rain_probability": 14.4,
        "risk_score": 99,
        "risk_class": "danger",
        "risk_label": "Berpotensi signifikan",
        "condition": "Cerah Berawan",
        "temp_c": 33.2,
        "humidity_pct": 46.0,
        "heat_index_c": 35.0,
        "wind_kmh": 9.3,
        "wind_dir": 0.0,
        "cloud_pct": 45.0
      }
    },
    {
      "type": "Feature",
      "geometry": {
        "type": "Point",
        "coordinates": [
          104.510075,
          -4.837533333
        ]
      },
      "properties": {
        "location_name": "Powerhouse Besai Kemu",
        "slug": "pltm_besai_kemu_powerhouse",
        "date": "Selasa, 25 Agustus 2026",
        "date_iso": "2026-08-25",
        "relative": "Lusa",
        "hour": "16:00",
        "rain_probability": 13.8,
        "risk_score": 98,
        "risk_class": "danger",
        "risk_label": "Berpotensi signifikan",
        "condition": "Cerah",
        "temp_c": 32.8,
        "humidity_pct": 48.0,
        "heat_index_c": 34.22,
        "wind_kmh": 8.6,
        "wind_dir": 0.0,
        "cloud_pct": 45.0
      }
    },
    {
      "type": "Feature",
      "geometry": {
        "type": "Point",
        "coordinates": [
          104.510075,
          -4.837533333
        ]
      },
      "properties": {
        "location_name": "Powerhouse Besai Kemu",
        "slug": "pltm_besai_kemu_powerhouse",
        "date": "Selasa, 25 Agustus 2026",
        "date_iso": "2026-08-25",
        "relative": "Lusa",
        "hour": "17:00",
        "rain_probability": 14.4,
        "risk_score": 89,
        "risk_class": "danger",
        "risk_label": "Berpotensi signifikan",
        "condition": "Cerah Berawan",
        "temp_c": 30.9,
        "humidity_pct": 52.0,
        "heat_index_c": 33.23,
        "wind_kmh": 10.1,
        "wind_dir": 0.0,
        "cloud_pct": 45.0
      }
    },
    {
      "type": "Feature",
      "geometry": {
        "type": "Point",
        "coordinates": [
          104.510075,
          -4.837533333
        ]
      },
      "properties": {
        "location_name": "Powerhouse Besai Kemu",
        "slug": "pltm_besai_kemu_powerhouse",
        "date": "Selasa, 25 Agustus 2026",
        "date_iso": "2026-08-25",
        "relative": "Lusa",
        "hour": "18:00",
        "rain_probability": 14.4,
        "risk_score": 93,
        "risk_class": "danger",
        "risk_label": "Berpotensi signifikan",
        "condition": "Cerah Berawan",
        "temp_c": 29.5,
        "humidity_pct": 60.0,
        "heat_index_c": 31.39,
        "wind_kmh": 10.1,
        "wind_dir": 0.0,
        "cloud_pct": 45.0
      }
    },
    {
      "type": "Feature",
      "geometry": {
        "type": "Point",
        "coordinates": [
          104.510075,
          -4.837533333
        ]
      },
      "properties": {
        "location_name": "Powerhouse Besai Kemu",
        "slug": "pltm_besai_kemu_powerhouse",
        "date": "Selasa, 25 Agustus 2026",
        "date_iso": "2026-08-25",
        "relative": "Lusa",
        "hour": "19:00",
        "rain_probability": 13.8,
        "risk_score": 79,
        "risk_class": "danger",
        "risk_label": "Berpotensi signifikan",
        "condition": "Cerah Berawan",
        "temp_c": 28.1,
        "humidity_pct": 66.0,
        "heat_index_c": 29.95,
        "wind_kmh": 10.6,
        "wind_dir": 0.0,
        "cloud_pct": 45.0
      }
    },
    {
      "type": "Feature",
      "geometry": {
        "type": "Point",
        "coordinates": [
          104.510075,
          -4.837533333
        ]
      },
      "properties": {
        "location_name": "Powerhouse Besai Kemu",
        "slug": "pltm_besai_kemu_powerhouse",
        "date": "Selasa, 25 Agustus 2026",
        "date_iso": "2026-08-25",
        "relative": "Lusa",
        "hour": "20:00",
        "rain_probability": 0,
        "risk_score": 68,
        "risk_class": "rain",
        "risk_label": "Waspada",
        "condition": "Cerah Berawan",
        "temp_c": 26.4,
        "humidity_pct": 74.0,
        "heat_index_c": 26.4,
        "wind_kmh": 9.0,
        "wind_dir": 0.0,
        "cloud_pct": 45.0
      }
    },
    {
      "type": "Feature",
      "geometry": {
        "type": "Point",
        "coordinates": [
          104.510075,
          -4.837533333
        ]
      },
      "properties": {
        "location_name": "Powerhouse Besai Kemu",
        "slug": "pltm_besai_kemu_powerhouse",
        "date": "Selasa, 25 Agustus 2026",
        "date_iso": "2026-08-25",
        "relative": "Lusa",
        "hour": "21:00",
        "rain_probability": 0,
        "risk_score": 63,
        "risk_class": "rain",
        "risk_label": "Waspada",
        "condition": "Cerah Berawan",
        "temp_c": 25.2,
        "humidity_pct": 82.0,
        "heat_index_c": 25.2,
        "wind_kmh": 7.2,
        "wind_dir": 0.0,
        "cloud_pct": 45.0
      }
    },
    {
      "type": "Feature",
      "geometry": {
        "type": "Point",
        "coordinates": [
          104.510075,
          -4.837533333
        ]
      },
      "properties": {
        "location_name": "Powerhouse Besai Kemu",
        "slug": "pltm_besai_kemu_powerhouse",
        "date": "Selasa, 25 Agustus 2026",
        "date_iso": "2026-08-25",
        "relative": "Lusa",
        "hour": "22:00",
        "rain_probability": 0,
        "risk_score": 56,
        "risk_class": "rain",
        "risk_label": "Waspada",
        "condition": "Cerah",
        "temp_c": 24.3,
        "humidity_pct": 84.0,
        "heat_index_c": 24.3,
        "wind_kmh": 5.8,
        "wind_dir": 0.0,
        "cloud_pct": 15.0
      }
    },
    {
      "type": "Feature",
      "geometry": {
        "type": "Point",
        "coordinates": [
          104.510075,
          -4.837533333
        ]
      },
      "properties": {
        "location_name": "Powerhouse Besai Kemu",
        "slug": "pltm_besai_kemu_powerhouse",
        "date": "Selasa, 25 Agustus 2026",
        "date_iso": "2026-08-25",
        "relative": "Lusa",
        "hour": "23:00",
        "rain_probability": 0,
        "risk_score": 48,
        "risk_class": "watch",
        "risk_label": "Perlu diperhatikan",
        "condition": "Cerah",
        "temp_c": 24.0,
        "humidity_pct": 84.0,
        "heat_index_c": 24.0,
        "wind_kmh": 6.3,
        "wind_dir": 0.0,
        "cloud_pct": 15.0
      }
    },
    {
      "type": "Feature",
      "geometry": {
        "type": "Point",
        "coordinates": [
          104.483483333,
          -5.009188889
        ]
      },
      "properties": {
        "location_name": "Stasiun Hujan Sumberjaya",
        "slug": "pltm_besai_kemu_sumberjaya",
        "date": "Minggu, 23 Agustus 2026",
        "date_iso": "2026-08-23",
        "relative": "Hari ini",
        "hour": "00:00",
        "rain_probability": 0,
        "risk_score": 23,
        "risk_class": "safe",
        "risk_label": "Aman",
        "condition": "Cerah Berawan",
        "temp_c": 19.2,
        "humidity_pct": 94.0,
        "heat_index_c": 19.2,
        "wind_kmh": 3.6,
        "wind_dir": 0.0,
        "cloud_pct": 45.0
      }
    },
    {
      "type": "Feature",
      "geometry": {
        "type": "Point",
        "coordinates": [
          104.483483333,
          -5.009188889
        ]
      },
      "properties": {
        "location_name": "Stasiun Hujan Sumberjaya",
        "slug": "pltm_besai_kemu_sumberjaya",
        "date": "Minggu, 23 Agustus 2026",
        "date_iso": "2026-08-23",
        "relative": "Hari ini",
        "hour": "01:00",
        "rain_probability": 0,
        "risk_score": 24,
        "risk_class": "safe",
        "risk_label": "Aman",
        "condition": "Berawan",
        "temp_c": 18.9,
        "humidity_pct": 95.0,
        "heat_index_c": 18.9,
        "wind_kmh": 3.3,
        "wind_dir": 0.0,
        "cloud_pct": 45.0
      }
    },
    {
      "type": "Feature",
      "geometry": {
        "type": "Point",
        "coordinates": [
          104.483483333,
          -5.009188889
        ]
      },
      "properties": {
        "location_name": "Stasiun Hujan Sumberjaya",
        "slug": "pltm_besai_kemu_sumberjaya",
        "date": "Minggu, 23 Agustus 2026",
        "date_iso": "2026-08-23",
        "relative": "Hari ini",
        "hour": "02:00",
        "rain_probability": 0,
        "risk_score": 24,
        "risk_class": "safe",
        "risk_label": "Aman",
        "condition": "Berawan",
        "temp_c": 18.7,
        "humidity_pct": 96.0,
        "heat_index_c": 18.7,
        "wind_kmh": 3.7,
        "wind_dir": 0.0,
        "cloud_pct": 45.0
      }
    },
    {
      "type": "Feature",
      "geometry": {
        "type": "Point",
        "coordinates": [
          104.483483333,
          -5.009188889
        ]
      },
      "properties": {
        "location_name": "Stasiun Hujan Sumberjaya",
        "slug": "pltm_besai_kemu_sumberjaya",
        "date": "Minggu, 23 Agustus 2026",
        "date_iso": "2026-08-23",
        "relative": "Hari ini",
        "hour": "03:00",
        "rain_probability": 0,
        "risk_score": 24,
        "risk_class": "safe",
        "risk_label": "Aman",
        "condition": "Berawan",
        "temp_c": 18.5,
        "humidity_pct": 97.0,
        "heat_index_c": 18.5,
        "wind_kmh": 3.2,
        "wind_dir": 0.0,
        "cloud_pct": 45.0
      }
    },
    {
      "type": "Feature",
      "geometry": {
        "type": "Point",
        "coordinates": [
          104.483483333,
          -5.009188889
        ]
      },
      "properties": {
        "location_name": "Stasiun Hujan Sumberjaya",
        "slug": "pltm_besai_kemu_sumberjaya",
        "date": "Minggu, 23 Agustus 2026",
        "date_iso": "2026-08-23",
        "relative": "Hari ini",
        "hour": "04:00",
        "rain_probability": 0,
        "risk_score": 27,
        "risk_class": "watch",
        "risk_label": "Perlu diperhatikan",
        "condition": "Berawan",
        "temp_c": 18.6,
        "humidity_pct": 97.0,
        "heat_index_c": 18.6,
        "wind_kmh": 2.9,
        "wind_dir": 0.0,
        "cloud_pct": 75.0
      }
    },
    {
      "type": "Feature",
      "geometry": {
        "type": "Point",
        "coordinates": [
          104.483483333,
          -5.009188889
        ]
      },
      "properties": {
        "location_name": "Stasiun Hujan Sumberjaya",
        "slug": "pltm_besai_kemu_sumberjaya",
        "date": "Minggu, 23 Agustus 2026",
        "date_iso": "2026-08-23",
        "relative": "Hari ini",
        "hour": "05:00",
        "rain_probability": 0,
        "risk_score": 27,
        "risk_class": "watch",
        "risk_label": "Perlu diperhatikan",
        "condition": "Berawan",
        "temp_c": 18.5,
        "humidity_pct": 97.0,
        "heat_index_c": 18.5,
        "wind_kmh": 3.2,
        "wind_dir": 0.0,
        "cloud_pct": 75.0
      }
    },
    {
      "type": "Feature",
      "geometry": {
        "type": "Point",
        "coordinates": [
          104.483483333,
          -5.009188889
        ]
      },
      "properties": {
        "location_name": "Stasiun Hujan Sumberjaya",
        "slug": "pltm_besai_kemu_sumberjaya",
        "date": "Minggu, 23 Agustus 2026",
        "date_iso": "2026-08-23",
        "relative": "Hari ini",
        "hour": "06:00",
        "rain_probability": 0,
        "risk_score": 27,
        "risk_class": "watch",
        "risk_label": "Perlu diperhatikan",
        "condition": "Berawan",
        "temp_c": 19.1,
        "humidity_pct": 96.0,
        "heat_index_c": 19.1,
        "wind_kmh": 3.6,
        "wind_dir": 0.0,
        "cloud_pct": 75.0
      }
    },
    {
      "type": "Feature",
      "geometry": {
        "type": "Point",
        "coordinates": [
          104.483483333,
          -5.009188889
        ]
      },
      "properties": {
        "location_name": "Stasiun Hujan Sumberjaya",
        "slug": "pltm_besai_kemu_sumberjaya",
        "date": "Minggu, 23 Agustus 2026",
        "date_iso": "2026-08-23",
        "relative": "Hari ini",
        "hour": "07:00",
        "rain_probability": 0,
        "risk_score": 26,
        "risk_class": "watch",
        "risk_label": "Perlu diperhatikan",
        "condition": "Berawan",
        "temp_c": 20.0,
        "humidity_pct": 93.0,
        "heat_index_c": 20.0,
        "wind_kmh": 3.5,
        "wind_dir": 0.0,
        "cloud_pct": 75.0
      }
    },
    {
      "type": "Feature",
      "geometry": {
        "type": "Point",
        "coordinates": [
          104.483483333,
          -5.009188889
        ]
      },
      "properties": {
        "location_name": "Stasiun Hujan Sumberjaya",
        "slug": "pltm_besai_kemu_sumberjaya",
        "date": "Minggu, 23 Agustus 2026",
        "date_iso": "2026-08-23",
        "relative": "Hari ini",
        "hour": "08:00",
        "rain_probability": 0,
        "risk_score": 21,
        "risk_class": "safe",
        "risk_label": "Aman",
        "condition": "Cerah",
        "temp_c": 22.4,
        "humidity_pct": 83.0,
        "heat_index_c": 22.4,
        "wind_kmh": 2.5,
        "wind_dir": 0.0,
        "cloud_pct": 45.0
      }
    },
    {
      "type": "Feature",
      "geometry": {
        "type": "Point",
        "coordinates": [
          104.483483333,
          -5.009188889
        ]
      },
      "properties": {
        "location_name": "Stasiun Hujan Sumberjaya",
        "slug": "pltm_besai_kemu_sumberjaya",
        "date": "Minggu, 23 Agustus 2026",
        "date_iso": "2026-08-23",
        "relative": "Hari ini",
        "hour": "09:00",
        "rain_probability": 0,
        "risk_score": 40,
        "risk_class": "watch",
        "risk_label": "Perlu diperhatikan",
        "condition": "Cerah Berawan",
        "temp_c": 24.6,
        "humidity_pct": 70.0,
        "heat_index_c": 24.6,
        "wind_kmh": 5.8,
        "wind_dir": 0.0,
        "cloud_pct": 45.0
      }
    },
    {
      "type": "Feature",
      "geometry": {
        "type": "Point",
        "coordinates": [
          104.483483333,
          -5.009188889
        ]
      },
      "properties": {
        "location_name": "Stasiun Hujan Sumberjaya",
        "slug": "pltm_besai_kemu_sumberjaya",
        "date": "Minggu, 23 Agustus 2026",
        "date_iso": "2026-08-23",
        "relative": "Hari ini",
        "hour": "10:00",
        "rain_probability": 0,
        "risk_score": 40,
        "risk_class": "watch",
        "risk_label": "Perlu diperhatikan",
        "condition": "Cerah",
        "temp_c": 26.6,
        "humidity_pct": 61.0,
        "heat_index_c": 26.6,
        "wind_kmh": 7.4,
        "wind_dir": 0.0,
        "cloud_pct": 45.0
      }
    },
    {
      "type": "Feature",
      "geometry": {
        "type": "Point",
        "coordinates": [
          104.483483333,
          -5.009188889
        ]
      },
      "properties": {
        "location_name": "Stasiun Hujan Sumberjaya",
        "slug": "pltm_besai_kemu_sumberjaya",
        "date": "Minggu, 23 Agustus 2026",
        "date_iso": "2026-08-23",
        "relative": "Hari ini",
        "hour": "11:00",
        "rain_probability": 14.4,
        "risk_score": 40,
        "risk_class": "watch",
        "risk_label": "Perlu diperhatikan",
        "condition": "Cerah Berawan",
        "temp_c": 28.0,
        "humidity_pct": 57.0,
        "heat_index_c": 28.82,
        "wind_kmh": 9.4,
        "wind_dir": 0.0,
        "cloud_pct": 45.0
      }
    },
    {
      "type": "Feature",
      "geometry": {
        "type": "Point",
        "coordinates": [
          104.483483333,
          -5.009188889
        ]
      },
      "properties": {
        "location_name": "Stasiun Hujan Sumberjaya",
        "slug": "pltm_besai_kemu_sumberjaya",
        "date": "Minggu, 23 Agustus 2026",
        "date_iso": "2026-08-23",
        "relative": "Hari ini",
        "hour": "12:00",
        "rain_probability": 0,
        "risk_score": 50,
        "risk_class": "watch",
        "risk_label": "Perlu diperhatikan",
        "condition": "Cerah Berawan",
        "temp_c": 29.1,
        "humidity_pct": 50.0,
        "heat_index_c": 29.79,
        "wind_kmh": 10.3,
        "wind_dir": 0.0,
        "cloud_pct": 45.0
      }
    },
    {
      "type": "Feature",
      "geometry": {
        "type": "Point",
        "coordinates": [
          104.483483333,
          -5.009188889
        ]
      },
      "properties": {
        "location_name": "Stasiun Hujan Sumberjaya",
        "slug": "pltm_besai_kemu_sumberjaya",
        "date": "Minggu, 23 Agustus 2026",
        "date_iso": "2026-08-23",
        "relative": "Hari ini",
        "hour": "13:00",
        "rain_probability": 13.8,
        "risk_score": 50,
        "risk_class": "watch",
        "risk_label": "Perlu diperhatikan",
        "condition": "Cerah Berawan",
        "temp_c": 29.8,
        "humidity_pct": 46.0,
        "heat_index_c": 30.18,
        "wind_kmh": 10.1,
        "wind_dir": 0.0,
        "cloud_pct": 45.0
      }
    },
    {
      "type": "Feature",
      "geometry": {
        "type": "Point",
        "coordinates": [
          104.483483333,
          -5.009188889
        ]
      },
      "properties": {
        "location_name": "Stasiun Hujan Sumberjaya",
        "slug": "pltm_besai_kemu_sumberjaya",
        "date": "Minggu, 23 Agustus 2026",
        "date_iso": "2026-08-23",
        "relative": "Hari ini",
        "hour": "14:00",
        "rain_probability": 0,
        "risk_score": 50,
        "risk_class": "watch",
        "risk_label": "Perlu diperhatikan",
        "condition": "Cerah Berawan",
        "temp_c": 30.0,
        "humidity_pct": 44.0,
        "heat_index_c": 30.05,
        "wind_kmh": 9.8,
        "wind_dir": 0.0,
        "cloud_pct": 45.0
      }
    },
    {
      "type": "Feature",
      "geometry": {
        "type": "Point",
        "coordinates": [
          104.483483333,
          -5.009188889
        ]
      },
      "properties": {
        "location_name": "Stasiun Hujan Sumberjaya",
        "slug": "pltm_besai_kemu_sumberjaya",
        "date": "Minggu, 23 Agustus 2026",
        "date_iso": "2026-08-23",
        "relative": "Hari ini",
        "hour": "15:00",
        "rain_probability": 0,
        "risk_score": 44,
        "risk_class": "watch",
        "risk_label": "Perlu diperhatikan",
        "condition": "Cerah Berawan",
        "temp_c": 29.0,
        "humidity_pct": 49.0,
        "heat_index_c": 29.7,
        "wind_kmh": 10.0,
        "wind_dir": 0.0,
        "cloud_pct": 45.0
      }
    },
    {
      "type": "Feature",
      "geometry": {
        "type": "Point",
        "coordinates": [
          104.483483333,
          -5.009188889
        ]
      },
      "properties": {
        "location_name": "Stasiun Hujan Sumberjaya",
        "slug": "pltm_besai_kemu_sumberjaya",
        "date": "Minggu, 23 Agustus 2026",
        "date_iso": "2026-08-23",
        "relative": "Hari ini",
        "hour": "16:00",
        "rain_probability": 0,
        "risk_score": 37,
        "risk_class": "watch",
        "risk_label": "Perlu diperhatikan",
        "condition": "Cerah Berawan",
        "temp_c": 29.0,
        "humidity_pct": 51.0,
        "heat_index_c": 29.2,
        "wind_kmh": 9.2,
        "wind_dir": 0.0,
        "cloud_pct": 45.0
      }
    },
    {
      "type": "Feature",
      "geometry": {
        "type": "Point",
        "coordinates": [
          104.483483333,
          -5.009188889
        ]
      },
      "properties": {
        "location_name": "Stasiun Hujan Sumberjaya",
        "slug": "pltm_besai_kemu_sumberjaya",
        "date": "Minggu, 23 Agustus 2026",
        "date_iso": "2026-08-23",
        "relative": "Hari ini",
        "hour": "17:00",
        "rain_probability": 0,
        "risk_score": 34,
        "risk_class": "watch",
        "risk_label": "Perlu diperhatikan",
        "condition": "Cerah",
        "temp_c": 28.2,
        "humidity_pct": 53.0,
        "heat_index_c": 28.31,
        "wind_kmh": 7.5,
        "wind_dir": 0.0,
        "cloud_pct": 45.0
      }
    },
    {
      "type": "Feature",
      "geometry": {
        "type": "Point",
        "coordinates": [
          104.483483333,
          -5.009188889
        ]
      },
      "properties": {
        "location_name": "Stasiun Hujan Sumberjaya",
        "slug": "pltm_besai_kemu_sumberjaya",
        "date": "Minggu, 23 Agustus 2026",
        "date_iso": "2026-08-23",
        "relative": "Hari ini",
        "hour": "18:00",
        "rain_probability": 0,
        "risk_score": 26,
        "risk_class": "watch",
        "risk_label": "Perlu diperhatikan",
        "condition": "Cerah Berawan",
        "temp_c": 23.9,
        "humidity_pct": 66.0,
        "heat_index_c": 23.9,
        "wind_kmh": 5.4,
        "wind_dir": 0.0,
        "cloud_pct": 45.0
      }
    },
    {
      "type": "Feature",
      "geometry": {
        "type": "Point",
        "coordinates": [
          104.483483333,
          -5.009188889
        ]
      },
      "properties": {
        "location_name": "Stasiun Hujan Sumberjaya",
        "slug": "pltm_besai_kemu_sumberjaya",
        "date": "Minggu, 23 Agustus 2026",
        "date_iso": "2026-08-23",
        "relative": "Hari ini",
        "hour": "19:00",
        "rain_probability": 0,
        "risk_score": 20,
        "risk_class": "safe",
        "risk_label": "Aman",
        "condition": "Cerah",
        "temp_c": 22.2,
        "humidity_pct": 66.0,
        "heat_index_c": 22.2,
        "wind_kmh": 6.5,
        "wind_dir": 0.0,
        "cloud_pct": 15.0
      }
    },
    {
      "type": "Feature",
      "geometry": {
        "type": "Point",
        "coordinates": [
          104.483483333,
          -5.009188889
        ]
      },
      "properties": {
        "location_name": "Stasiun Hujan Sumberjaya",
        "slug": "pltm_besai_kemu_sumberjaya",
        "date": "Minggu, 23 Agustus 2026",
        "date_iso": "2026-08-23",
        "relative": "Hari ini",
        "hour": "20:00",
        "rain_probability": 0,
        "risk_score": 20,
        "risk_class": "safe",
        "risk_label": "Aman",
        "condition": "Cerah Berawan",
        "temp_c": 21.4,
        "humidity_pct": 78.0,
        "heat_index_c": 21.4,
        "wind_kmh": 4.3,
        "wind_dir": 0.0,
        "cloud_pct": 45.0
      }
    },
    {
      "type": "Feature",
      "geometry": {
        "type": "Point",
        "coordinates": [
          104.483483333,
          -5.009188889
        ]
      },
      "properties": {
        "location_name": "Stasiun Hujan Sumberjaya",
        "slug": "pltm_besai_kemu_sumberjaya",
        "date": "Minggu, 23 Agustus 2026",
        "date_iso": "2026-08-23",
        "relative": "Hari ini",
        "hour": "21:00",
        "rain_probability": 0,
        "risk_score": 19,
        "risk_class": "safe",
        "risk_label": "Aman",
        "condition": "Cerah",
        "temp_c": 21.0,
        "humidity_pct": 87.0,
        "heat_index_c": 21.0,
        "wind_kmh": 4.4,
        "wind_dir": 0.0,
        "cloud_pct": 15.0
      }
    },
    {
      "type": "Feature",
      "geometry": {
        "type": "Point",
        "coordinates": [
          104.483483333,
          -5.009188889
        ]
      },
      "properties": {
        "location_name": "Stasiun Hujan Sumberjaya",
        "slug": "pltm_besai_kemu_sumberjaya",
        "date": "Minggu, 23 Agustus 2026",
        "date_iso": "2026-08-23",
        "relative": "Hari ini",
        "hour": "22:00",
        "rain_probability": 0,
        "risk_score": 20,
        "risk_class": "safe",
        "risk_label": "Aman",
        "condition": "Cerah",
        "temp_c": 20.6,
        "humidity_pct": 91.0,
        "heat_index_c": 20.6,
        "wind_kmh": 4.5,
        "wind_dir": 0.0,
        "cloud_pct": 15.0
      }
    },
    {
      "type": "Feature",
      "geometry": {
        "type": "Point",
        "coordinates": [
          104.483483333,
          -5.009188889
        ]
      },
      "properties": {
        "location_name": "Stasiun Hujan Sumberjaya",
        "slug": "pltm_besai_kemu_sumberjaya",
        "date": "Minggu, 23 Agustus 2026",
        "date_iso": "2026-08-23",
        "relative": "Hari ini",
        "hour": "23:00",
        "rain_probability": 0,
        "risk_score": 20,
        "risk_class": "safe",
        "risk_label": "Aman",
        "condition": "Cerah",
        "temp_c": 20.1,
        "humidity_pct": 92.0,
        "heat_index_c": 20.1,
        "wind_kmh": 4.3,
        "wind_dir": 0.0,
        "cloud_pct": 15.0
      }
    },
    {
      "type": "Feature",
      "geometry": {
        "type": "Point",
        "coordinates": [
          104.483483333,
          -5.009188889
        ]
      },
      "properties": {
        "location_name": "Stasiun Hujan Sumberjaya",
        "slug": "pltm_besai_kemu_sumberjaya",
        "date": "Senin, 24 Agustus 2026",
        "date_iso": "2026-08-24",
        "relative": "Besok",
        "hour": "00:00",
        "rain_probability": 0,
        "risk_score": 23,
        "risk_class": "safe",
        "risk_label": "Aman",
        "condition": "Cerah Berawan",
        "temp_c": 19.3,
        "humidity_pct": 94.0,
        "heat_index_c": 19.3,
        "wind_kmh": 4.5,
        "wind_dir": 0.0,
        "cloud_pct": 45.0
      }
    },
    {
      "type": "Feature",
      "geometry": {
        "type": "Point",
        "coordinates": [
          104.483483333,
          -5.009188889
        ]
      },
      "properties": {
        "location_name": "Stasiun Hujan Sumberjaya",
        "slug": "pltm_besai_kemu_sumberjaya",
        "date": "Senin, 24 Agustus 2026",
        "date_iso": "2026-08-24",
        "relative": "Besok",
        "hour": "01:00",
        "rain_probability": 0,
        "risk_score": 24,
        "risk_class": "safe",
        "risk_label": "Aman",
        "condition": "Cerah Berawan",
        "temp_c": 19.0,
        "humidity_pct": 96.0,
        "heat_index_c": 19.0,
        "wind_kmh": 5.0,
        "wind_dir": 0.0,
        "cloud_pct": 45.0
      }
    },
    {
      "type": "Feature",
      "geometry": {
        "type": "Point",
        "coordinates": [
          104.483483333,
          -5.009188889
        ]
      },
      "properties": {
        "location_name": "Stasiun Hujan Sumberjaya",
        "slug": "pltm_besai_kemu_sumberjaya",
        "date": "Senin, 24 Agustus 2026",
        "date_iso": "2026-08-24",
        "relative": "Besok",
        "hour": "02:00",
        "rain_probability": 0,
        "risk_score": 24,
        "risk_class": "safe",
        "risk_label": "Aman",
        "condition": "Cerah Berawan",
        "temp_c": 19.2,
        "humidity_pct": 96.0,
        "heat_index_c": 19.2,
        "wind_kmh": 5.1,
        "wind_dir": 0.0,
        "cloud_pct": 45.0
      }
    },
    {
      "type": "Feature",
      "geometry": {
        "type": "Point",
        "coordinates": [
          104.483483333,
          -5.009188889
        ]
      },
      "properties": {
        "location_name": "Stasiun Hujan Sumberjaya",
        "slug": "pltm_besai_kemu_sumberjaya",
        "date": "Senin, 24 Agustus 2026",
        "date_iso": "2026-08-24",
        "relative": "Besok",
        "hour": "03:00",
        "rain_probability": 0,
        "risk_score": 24,
        "risk_class": "safe",
        "risk_label": "Aman",
        "condition": "Cerah Berawan",
        "temp_c": 19.8,
        "humidity_pct": 96.0,
        "heat_index_c": 19.8,
        "wind_kmh": 5.5,
        "wind_dir": 0.0,
        "cloud_pct": 45.0
      }
    },
    {
      "type": "Feature",
      "geometry": {
        "type": "Point",
        "coordinates": [
          104.483483333,
          -5.009188889
        ]
      },
      "properties": {
        "location_name": "Stasiun Hujan Sumberjaya",
        "slug": "pltm_besai_kemu_sumberjaya",
        "date": "Senin, 24 Agustus 2026",
        "date_iso": "2026-08-24",
        "relative": "Besok",
        "hour": "04:00",
        "rain_probability": 0,
        "risk_score": 24,
        "risk_class": "safe",
        "risk_label": "Aman",
        "condition": "Cerah Berawan",
        "temp_c": 20.0,
        "humidity_pct": 95.0,
        "heat_index_c": 20.0,
        "wind_kmh": 5.1,
        "wind_dir": 0.0,
        "cloud_pct": 45.0
      }
    },
    {
      "type": "Feature",
      "geometry": {
        "type": "Point",
        "coordinates": [
          104.483483333,
          -5.009188889
        ]
      },
      "properties": {
        "location_name": "Stasiun Hujan Sumberjaya",
        "slug": "pltm_besai_kemu_sumberjaya",
        "date": "Senin, 24 Agustus 2026",
        "date_iso": "2026-08-24",
        "relative": "Besok",
        "hour": "05:00",
        "rain_probability": 0,
        "risk_score": 24,
        "risk_class": "safe",
        "risk_label": "Aman",
        "condition": "Berawan",
        "temp_c": 19.6,
        "humidity_pct": 95.0,
        "heat_index_c": 19.6,
        "wind_kmh": 5.4,
        "wind_dir": 0.0,
        "cloud_pct": 45.0
      }
    },
    {
      "type": "Feature",
      "geometry": {
        "type": "Point",
        "coordinates": [
          104.483483333,
          -5.009188889
        ]
      },
      "properties": {
        "location_name": "Stasiun Hujan Sumberjaya",
        "slug": "pltm_besai_kemu_sumberjaya",
        "date": "Senin, 24 Agustus 2026",
        "date_iso": "2026-08-24",
        "relative": "Besok",
        "hour": "06:00",
        "rain_probability": 0,
        "risk_score": 24,
        "risk_class": "safe",
        "risk_label": "Aman",
        "condition": "Cerah Berawan",
        "temp_c": 19.2,
        "humidity_pct": 96.0,
        "heat_index_c": 19.2,
        "wind_kmh": 5.2,
        "wind_dir": 0.0,
        "cloud_pct": 45.0
      }
    },
    {
      "type": "Feature",
      "geometry": {
        "type": "Point",
        "coordinates": [
          104.483483333,
          -5.009188889
        ]
      },
      "properties": {
        "location_name": "Stasiun Hujan Sumberjaya",
        "slug": "pltm_besai_kemu_sumberjaya",
        "date": "Senin, 24 Agustus 2026",
        "date_iso": "2026-08-24",
        "relative": "Besok",
        "hour": "07:00",
        "rain_probability": 0,
        "risk_score": 22,
        "risk_class": "safe",
        "risk_label": "Aman",
        "condition": "Cerah",
        "temp_c": 20.5,
        "humidity_pct": 89.0,
        "heat_index_c": 20.5,
        "wind_kmh": 5.0,
        "wind_dir": 0.0,
        "cloud_pct": 45.0
      }
    },
    {
      "type": "Feature",
      "geometry": {
        "type": "Point",
        "coordinates": [
          104.483483333,
          -5.009188889
        ]
      },
      "properties": {
        "location_name": "Stasiun Hujan Sumberjaya",
        "slug": "pltm_besai_kemu_sumberjaya",
        "date": "Senin, 24 Agustus 2026",
        "date_iso": "2026-08-24",
        "relative": "Besok",
        "hour": "08:00",
        "rain_probability": 0,
        "risk_score": 18,
        "risk_class": "safe",
        "risk_label": "Aman",
        "condition": "Cerah",
        "temp_c": 23.1,
        "humidity_pct": 79.0,
        "heat_index_c": 23.1,
        "wind_kmh": 3.3,
        "wind_dir": 0.0,
        "cloud_pct": 15.0
      }
    },
    {
      "type": "Feature",
      "geometry": {
        "type": "Point",
        "coordinates": [
          104.483483333,
          -5.009188889
        ]
      },
      "properties": {
        "location_name": "Stasiun Hujan Sumberjaya",
        "slug": "pltm_besai_kemu_sumberjaya",
        "date": "Senin, 24 Agustus 2026",
        "date_iso": "2026-08-24",
        "relative": "Besok",
        "hour": "09:00",
        "rain_probability": 0,
        "risk_score": 56,
        "risk_class": "rain",
        "risk_label": "Waspada",
        "condition": "Cerah Berawan",
        "temp_c": 25.2,
        "humidity_pct": 66.0,
        "heat_index_c": 25.2,
        "wind_kmh": 4.7,
        "wind_dir": 0.0,
        "cloud_pct": 45.0
      }
    },
    {
      "type": "Feature",
      "geometry": {
        "type": "Point",
        "coordinates": [
          104.483483333,
          -5.009188889
        ]
      },
      "properties": {
        "location_name": "Stasiun Hujan Sumberjaya",
        "slug": "pltm_besai_kemu_sumberjaya",
        "date": "Senin, 24 Agustus 2026",
        "date_iso": "2026-08-24",
        "relative": "Besok",
        "hour": "10:00",
        "rain_probability": 0,
        "risk_score": 56,
        "risk_class": "rain",
        "risk_label": "Waspada",
        "condition": "Cerah",
        "temp_c": 27.2,
        "humidity_pct": 57.0,
        "heat_index_c": 28.11,
        "wind_kmh": 6.4,
        "wind_dir": 0.0,
        "cloud_pct": 15.0
      }
    },
    {
      "type": "Feature",
      "geometry": {
        "type": "Point",
        "coordinates": [
          104.483483333,
          -5.009188889
        ]
      },
      "properties": {
        "location_name": "Stasiun Hujan Sumberjaya",
        "slug": "pltm_besai_kemu_sumberjaya",
        "date": "Senin, 24 Agustus 2026",
        "date_iso": "2026-08-24",
        "relative": "Besok",
        "hour": "11:00",
        "rain_probability": 0,
        "risk_score": 56,
        "risk_class": "rain",
        "risk_label": "Waspada",
        "condition": "Cerah",
        "temp_c": 28.8,
        "humidity_pct": 56.0,
        "heat_index_c": 29.29,
        "wind_kmh": 7.8,
        "wind_dir": 0.0,
        "cloud_pct": 15.0
      }
    },
    {
      "type": "Feature",
      "geometry": {
        "type": "Point",
        "coordinates": [
          104.483483333,
          -5.009188889
        ]
      },
      "properties": {
        "location_name": "Stasiun Hujan Sumberjaya",
        "slug": "pltm_besai_kemu_sumberjaya",
        "date": "Senin, 24 Agustus 2026",
        "date_iso": "2026-08-24",
        "relative": "Besok",
        "hour": "12:00",
        "rain_probability": 0,
        "risk_score": 54,
        "risk_class": "watch",
        "risk_label": "Perlu diperhatikan",
        "condition": "Cerah Berawan",
        "temp_c": 30.0,
        "humidity_pct": 46.0,
        "heat_index_c": 30.18,
        "wind_kmh": 10.2,
        "wind_dir": 0.0,
        "cloud_pct": 45.0
      }
    },
    {
      "type": "Feature",
      "geometry": {
        "type": "Point",
        "coordinates": [
          104.483483333,
          -5.009188889
        ]
      },
      "properties": {
        "location_name": "Stasiun Hujan Sumberjaya",
        "slug": "pltm_besai_kemu_sumberjaya",
        "date": "Senin, 24 Agustus 2026",
        "date_iso": "2026-08-24",
        "relative": "Besok",
        "hour": "13:00",
        "rain_probability": 0,
        "risk_score": 54,
        "risk_class": "watch",
        "risk_label": "Perlu diperhatikan",
        "condition": "Cerah",
        "temp_c": 30.5,
        "humidity_pct": 46.0,
        "heat_index_c": 30.55,
        "wind_kmh": 10.2,
        "wind_dir": 0.0,
        "cloud_pct": 45.0
      }
    },
    {
      "type": "Feature",
      "geometry": {
        "type": "Point",
        "coordinates": [
          104.483483333,
          -5.009188889
        ]
      },
      "properties": {
        "location_name": "Stasiun Hujan Sumberjaya",
        "slug": "pltm_besai_kemu_sumberjaya",
        "date": "Senin, 24 Agustus 2026",
        "date_iso": "2026-08-24",
        "relative": "Besok",
        "hour": "14:00",
        "rain_probability": 14.4,
        "risk_score": 54,
        "risk_class": "watch",
        "risk_label": "Perlu diperhatikan",
        "condition": "Cerah Berawan",
        "temp_c": 30.4,
        "humidity_pct": 46.0,
        "heat_index_c": 30.4,
        "wind_kmh": 10.2,
        "wind_dir": 0.0,
        "cloud_pct": 45.0
      }
    },
    {
      "type": "Feature",
      "geometry": {
        "type": "Point",
        "coordinates": [
          104.483483333,
          -5.009188889
        ]
      },
      "properties": {
        "location_name": "Stasiun Hujan Sumberjaya",
        "slug": "pltm_besai_kemu_sumberjaya",
        "date": "Senin, 24 Agustus 2026",
        "date_iso": "2026-08-24",
        "relative": "Besok",
        "hour": "15:00",
        "rain_probability": 14.4,
        "risk_score": 52,
        "risk_class": "watch",
        "risk_label": "Perlu diperhatikan",
        "condition": "Cerah Berawan",
        "temp_c": 30.0,
        "humidity_pct": 47.0,
        "heat_index_c": 30.1,
        "wind_kmh": 9.4,
        "wind_dir": 0.0,
        "cloud_pct": 45.0
      }
    },
    {
      "type": "Feature",
      "geometry": {
        "type": "Point",
        "coordinates": [
          104.483483333,
          -5.009188889
        ]
      },
      "properties": {
        "location_name": "Stasiun Hujan Sumberjaya",
        "slug": "pltm_besai_kemu_sumberjaya",
        "date": "Senin, 24 Agustus 2026",
        "date_iso": "2026-08-24",
        "relative": "Besok",
        "hour": "16:00",
        "rain_probability": 13.8,
        "risk_score": 41,
        "risk_class": "watch",
        "risk_label": "Perlu diperhatikan",
        "condition": "Cerah Berawan",
        "temp_c": 29.1,
        "humidity_pct": 47.0,
        "heat_index_c": 29.1,
        "wind_kmh": 8.5,
        "wind_dir": 0.0,
        "cloud_pct": 45.0
      }
    },
    {
      "type": "Feature",
      "geometry": {
        "type": "Point",
        "coordinates": [
          104.483483333,
          -5.009188889
        ]
      },
      "properties": {
        "location_name": "Stasiun Hujan Sumberjaya",
        "slug": "pltm_besai_kemu_sumberjaya",
        "date": "Senin, 24 Agustus 2026",
        "date_iso": "2026-08-24",
        "relative": "Besok",
        "hour": "17:00",
        "rain_probability": 14.4,
        "risk_score": 40,
        "risk_class": "watch",
        "risk_label": "Perlu diperhatikan",
        "condition": "Cerah Berawan",
        "temp_c": 28.2,
        "humidity_pct": 47.0,
        "heat_index_c": 28.31,
        "wind_kmh": 7.7,
        "wind_dir": 0.0,
        "cloud_pct": 45.0
      }
    },
    {
      "type": "Feature",
      "geometry": {
        "type": "Point",
        "coordinates": [
          104.483483333,
          -5.009188889
        ]
      },
      "properties": {
        "location_name": "Stasiun Hujan Sumberjaya",
        "slug": "pltm_besai_kemu_sumberjaya",
        "date": "Senin, 24 Agustus 2026",
        "date_iso": "2026-08-24",
        "relative": "Besok",
        "hour": "18:00",
        "rain_probability": 14.4,
        "risk_score": 24,
        "risk_class": "safe",
        "risk_label": "Aman",
        "condition": "Cerah Berawan",
        "temp_c": 25.1,
        "humidity_pct": 65.0,
        "heat_index_c": 25.1,
        "wind_kmh": 4.6,
        "wind_dir": 0.0,
        "cloud_pct": 45.0
      }
    },
    {
      "type": "Feature",
      "geometry": {
        "type": "Point",
        "coordinates": [
          104.483483333,
          -5.009188889
        ]
      },
      "properties": {
        "location_name": "Stasiun Hujan Sumberjaya",
        "slug": "pltm_besai_kemu_sumberjaya",
        "date": "Senin, 24 Agustus 2026",
        "date_iso": "2026-08-24",
        "relative": "Besok",
        "hour": "19:00",
        "rain_probability": 13.8,
        "risk_score": 24,
        "risk_class": "safe",
        "risk_label": "Aman",
        "condition": "Cerah",
        "temp_c": 22.9,
        "humidity_pct": 70.0,
        "heat_index_c": 22.9,
        "wind_kmh": 4.6,
        "wind_dir": 0.0,
        "cloud_pct": 15.0
      }
    },
    {
      "type": "Feature",
      "geometry": {
        "type": "Point",
        "coordinates": [
          104.483483333,
          -5.009188889
        ]
      },
      "properties": {
        "location_name": "Stasiun Hujan Sumberjaya",
        "slug": "pltm_besai_kemu_sumberjaya",
        "date": "Senin, 24 Agustus 2026",
        "date_iso": "2026-08-24",
        "relative": "Besok",
        "hour": "20:00",
        "rain_probability": 0,
        "risk_score": 20,
        "risk_class": "safe",
        "risk_label": "Aman",
        "condition": "Cerah",
        "temp_c": 21.6,
        "humidity_pct": 81.0,
        "heat_index_c": 21.6,
        "wind_kmh": 4.8,
        "wind_dir": 0.0,
        "cloud_pct": 15.0
      }
    },
    {
      "type": "Feature",
      "geometry": {
        "type": "Point",
        "coordinates": [
          104.483483333,
          -5.009188889
        ]
      },
      "properties": {
        "location_name": "Stasiun Hujan Sumberjaya",
        "slug": "pltm_besai_kemu_sumberjaya",
        "date": "Senin, 24 Agustus 2026",
        "date_iso": "2026-08-24",
        "relative": "Besok",
        "hour": "21:00",
        "rain_probability": 0,
        "risk_score": 22,
        "risk_class": "safe",
        "risk_label": "Aman",
        "condition": "Cerah Berawan",
        "temp_c": 21.1,
        "humidity_pct": 88.0,
        "heat_index_c": 21.1,
        "wind_kmh": 5.1,
        "wind_dir": 0.0,
        "cloud_pct": 45.0
      }
    },
    {
      "type": "Feature",
      "geometry": {
        "type": "Point",
        "coordinates": [
          104.483483333,
          -5.009188889
        ]
      },
      "properties": {
        "location_name": "Stasiun Hujan Sumberjaya",
        "slug": "pltm_besai_kemu_sumberjaya",
        "date": "Senin, 24 Agustus 2026",
        "date_iso": "2026-08-24",
        "relative": "Besok",
        "hour": "22:00",
        "rain_probability": 0,
        "risk_score": 20,
        "risk_class": "safe",
        "risk_label": "Aman",
        "condition": "Cerah",
        "temp_c": 20.7,
        "humidity_pct": 92.0,
        "heat_index_c": 20.7,
        "wind_kmh": 5.4,
        "wind_dir": 0.0,
        "cloud_pct": 15.0
      }
    },
    {
      "type": "Feature",
      "geometry": {
        "type": "Point",
        "coordinates": [
          104.483483333,
          -5.009188889
        ]
      },
      "properties": {
        "location_name": "Stasiun Hujan Sumberjaya",
        "slug": "pltm_besai_kemu_sumberjaya",
        "date": "Senin, 24 Agustus 2026",
        "date_iso": "2026-08-24",
        "relative": "Besok",
        "hour": "23:00",
        "rain_probability": 0,
        "risk_score": 23,
        "risk_class": "safe",
        "risk_label": "Aman",
        "condition": "Cerah Berawan",
        "temp_c": 20.3,
        "humidity_pct": 93.0,
        "heat_index_c": 20.3,
        "wind_kmh": 4.6,
        "wind_dir": 0.0,
        "cloud_pct": 45.0
      }
    },
    {
      "type": "Feature",
      "geometry": {
        "type": "Point",
        "coordinates": [
          104.483483333,
          -5.009188889
        ]
      },
      "properties": {
        "location_name": "Stasiun Hujan Sumberjaya",
        "slug": "pltm_besai_kemu_sumberjaya",
        "date": "Selasa, 25 Agustus 2026",
        "date_iso": "2026-08-25",
        "relative": "Lusa",
        "hour": "00:00",
        "rain_probability": 0,
        "risk_score": 23,
        "risk_class": "safe",
        "risk_label": "Aman",
        "condition": "Cerah Berawan",
        "temp_c": 20.0,
        "humidity_pct": 94.0,
        "heat_index_c": 20.0,
        "wind_kmh": 4.5,
        "wind_dir": 0.0,
        "cloud_pct": 45.0
      }
    },
    {
      "type": "Feature",
      "geometry": {
        "type": "Point",
        "coordinates": [
          104.483483333,
          -5.009188889
        ]
      },
      "properties": {
        "location_name": "Stasiun Hujan Sumberjaya",
        "slug": "pltm_besai_kemu_sumberjaya",
        "date": "Selasa, 25 Agustus 2026",
        "date_iso": "2026-08-25",
        "relative": "Lusa",
        "hour": "01:00",
        "rain_probability": 0,
        "risk_score": 23,
        "risk_class": "safe",
        "risk_label": "Aman",
        "condition": "Cerah Berawan",
        "temp_c": 19.8,
        "humidity_pct": 94.0,
        "heat_index_c": 19.8,
        "wind_kmh": 4.5,
        "wind_dir": 0.0,
        "cloud_pct": 45.0
      }
    },
    {
      "type": "Feature",
      "geometry": {
        "type": "Point",
        "coordinates": [
          104.483483333,
          -5.009188889
        ]
      },
      "properties": {
        "location_name": "Stasiun Hujan Sumberjaya",
        "slug": "pltm_besai_kemu_sumberjaya",
        "date": "Selasa, 25 Agustus 2026",
        "date_iso": "2026-08-25",
        "relative": "Lusa",
        "hour": "02:00",
        "rain_probability": 0,
        "risk_score": 24,
        "risk_class": "safe",
        "risk_label": "Aman",
        "condition": "Cerah Berawan",
        "temp_c": 19.4,
        "humidity_pct": 95.0,
        "heat_index_c": 19.4,
        "wind_kmh": 4.5,
        "wind_dir": 0.0,
        "cloud_pct": 45.0
      }
    },
    {
      "type": "Feature",
      "geometry": {
        "type": "Point",
        "coordinates": [
          104.483483333,
          -5.009188889
        ]
      },
      "properties": {
        "location_name": "Stasiun Hujan Sumberjaya",
        "slug": "pltm_besai_kemu_sumberjaya",
        "date": "Selasa, 25 Agustus 2026",
        "date_iso": "2026-08-25",
        "relative": "Lusa",
        "hour": "03:00",
        "rain_probability": 0,
        "risk_score": 26,
        "risk_class": "watch",
        "risk_label": "Perlu diperhatikan",
        "condition": "Berawan",
        "temp_c": 19.0,
        "humidity_pct": 95.0,
        "heat_index_c": 19.0,
        "wind_kmh": 4.5,
        "wind_dir": 0.0,
        "cloud_pct": 75.0
      }
    },
    {
      "type": "Feature",
      "geometry": {
        "type": "Point",
        "coordinates": [
          104.483483333,
          -5.009188889
        ]
      },
      "properties": {
        "location_name": "Stasiun Hujan Sumberjaya",
        "slug": "pltm_besai_kemu_sumberjaya",
        "date": "Selasa, 25 Agustus 2026",
        "date_iso": "2026-08-25",
        "relative": "Lusa",
        "hour": "04:00",
        "rain_probability": 0,
        "risk_score": 26,
        "risk_class": "watch",
        "risk_label": "Perlu diperhatikan",
        "condition": "Berawan",
        "temp_c": 18.9,
        "humidity_pct": 95.0,
        "heat_index_c": 18.9,
        "wind_kmh": 4.5,
        "wind_dir": 0.0,
        "cloud_pct": 75.0
      }
    },
    {
      "type": "Feature",
      "geometry": {
        "type": "Point",
        "coordinates": [
          104.483483333,
          -5.009188889
        ]
      },
      "properties": {
        "location_name": "Stasiun Hujan Sumberjaya",
        "slug": "pltm_besai_kemu_sumberjaya",
        "date": "Selasa, 25 Agustus 2026",
        "date_iso": "2026-08-25",
        "relative": "Lusa",
        "hour": "05:00",
        "rain_probability": 0,
        "risk_score": 26,
        "risk_class": "watch",
        "risk_label": "Perlu diperhatikan",
        "condition": "Berawan",
        "temp_c": 18.9,
        "humidity_pct": 95.0,
        "heat_index_c": 18.9,
        "wind_kmh": 4.5,
        "wind_dir": 0.0,
        "cloud_pct": 75.0
      }
    },
    {
      "type": "Feature",
      "geometry": {
        "type": "Point",
        "coordinates": [
          104.483483333,
          -5.009188889
        ]
      },
      "properties": {
        "location_name": "Stasiun Hujan Sumberjaya",
        "slug": "pltm_besai_kemu_sumberjaya",
        "date": "Selasa, 25 Agustus 2026",
        "date_iso": "2026-08-25",
        "relative": "Lusa",
        "hour": "06:00",
        "rain_probability": 0,
        "risk_score": 23,
        "risk_class": "safe",
        "risk_label": "Aman",
        "condition": "Berawan",
        "temp_c": 19.2,
        "humidity_pct": 94.0,
        "heat_index_c": 19.2,
        "wind_kmh": 3.8,
        "wind_dir": 0.0,
        "cloud_pct": 45.0
      }
    },
    {
      "type": "Feature",
      "geometry": {
        "type": "Point",
        "coordinates": [
          104.483483333,
          -5.009188889
        ]
      },
      "properties": {
        "location_name": "Stasiun Hujan Sumberjaya",
        "slug": "pltm_besai_kemu_sumberjaya",
        "date": "Selasa, 25 Agustus 2026",
        "date_iso": "2026-08-25",
        "relative": "Lusa",
        "hour": "07:00",
        "rain_probability": 0,
        "risk_score": 23,
        "risk_class": "safe",
        "risk_label": "Aman",
        "condition": "Cerah",
        "temp_c": 20.3,
        "humidity_pct": 91.0,
        "heat_index_c": 20.3,
        "wind_kmh": 3.3,
        "wind_dir": 0.0,
        "cloud_pct": 45.0
      }
    },
    {
      "type": "Feature",
      "geometry": {
        "type": "Point",
        "coordinates": [
          104.483483333,
          -5.009188889
        ]
      },
      "properties": {
        "location_name": "Stasiun Hujan Sumberjaya",
        "slug": "pltm_besai_kemu_sumberjaya",
        "date": "Selasa, 25 Agustus 2026",
        "date_iso": "2026-08-25",
        "relative": "Lusa",
        "hour": "08:00",
        "rain_probability": 0,
        "risk_score": 18,
        "risk_class": "safe",
        "risk_label": "Aman",
        "condition": "Cerah",
        "temp_c": 22.9,
        "humidity_pct": 82.0,
        "heat_index_c": 22.9,
        "wind_kmh": 2.9,
        "wind_dir": 0.0,
        "cloud_pct": 15.0
      }
    },
    {
      "type": "Feature",
      "geometry": {
        "type": "Point",
        "coordinates": [
          104.483483333,
          -5.009188889
        ]
      },
      "properties": {
        "location_name": "Stasiun Hujan Sumberjaya",
        "slug": "pltm_besai_kemu_sumberjaya",
        "date": "Selasa, 25 Agustus 2026",
        "date_iso": "2026-08-25",
        "relative": "Lusa",
        "hour": "09:00",
        "rain_probability": 0,
        "risk_score": 40,
        "risk_class": "watch",
        "risk_label": "Perlu diperhatikan",
        "condition": "Cerah",
        "temp_c": 24.9,
        "humidity_pct": 72.0,
        "heat_index_c": 24.9,
        "wind_kmh": 6.0,
        "wind_dir": 0.0,
        "cloud_pct": 15.0
      }
    },
    {
      "type": "Feature",
      "geometry": {
        "type": "Point",
        "coordinates": [
          104.483483333,
          -5.009188889
        ]
      },
      "properties": {
        "location_name": "Stasiun Hujan Sumberjaya",
        "slug": "pltm_besai_kemu_sumberjaya",
        "date": "Selasa, 25 Agustus 2026",
        "date_iso": "2026-08-25",
        "relative": "Lusa",
        "hour": "10:00",
        "rain_probability": 0,
        "risk_score": 40,
        "risk_class": "watch",
        "risk_label": "Perlu diperhatikan",
        "condition": "Cerah",
        "temp_c": 26.7,
        "humidity_pct": 62.0,
        "heat_index_c": 27.84,
        "wind_kmh": 8.1,
        "wind_dir": 0.0,
        "cloud_pct": 15.0
      }
    },
    {
      "type": "Feature",
      "geometry": {
        "type": "Point",
        "coordinates": [
          104.483483333,
          -5.009188889
        ]
      },
      "properties": {
        "location_name": "Stasiun Hujan Sumberjaya",
        "slug": "pltm_besai_kemu_sumberjaya",
        "date": "Selasa, 25 Agustus 2026",
        "date_iso": "2026-08-25",
        "relative": "Lusa",
        "hour": "11:00",
        "rain_probability": 0,
        "risk_score": 40,
        "risk_class": "watch",
        "risk_label": "Perlu diperhatikan",
        "condition": "Cerah Berawan",
        "temp_c": 28.1,
        "humidity_pct": 57.0,
        "heat_index_c": 29.16,
        "wind_kmh": 9.2,
        "wind_dir": 0.0,
        "cloud_pct": 45.0
      }
    },
    {
      "type": "Feature",
      "geometry": {
        "type": "Point",
        "coordinates": [
          104.483483333,
          -5.009188889
        ]
      },
      "properties": {
        "location_name": "Stasiun Hujan Sumberjaya",
        "slug": "pltm_besai_kemu_sumberjaya",
        "date": "Selasa, 25 Agustus 2026",
        "date_iso": "2026-08-25",
        "relative": "Lusa",
        "hour": "12:00",
        "rain_probability": 0,
        "risk_score": 56,
        "risk_class": "rain",
        "risk_label": "Waspada",
        "condition": "Cerah Berawan",
        "temp_c": 29.2,
        "humidity_pct": 53.0,
        "heat_index_c": 30.32,
        "wind_kmh": 9.9,
        "wind_dir": 0.0,
        "cloud_pct": 45.0
      }
    },
    {
      "type": "Feature",
      "geometry": {
        "type": "Point",
        "coordinates": [
          104.483483333,
          -5.009188889
        ]
      },
      "properties": {
        "location_name": "Stasiun Hujan Sumberjaya",
        "slug": "pltm_besai_kemu_sumberjaya",
        "date": "Selasa, 25 Agustus 2026",
        "date_iso": "2026-08-25",
        "relative": "Lusa",
        "hour": "13:00",
        "rain_probability": 0,
        "risk_score": 56,
        "risk_class": "rain",
        "risk_label": "Waspada",
        "condition": "Cerah Berawan",
        "temp_c": 30.0,
        "humidity_pct": 50.0,
        "heat_index_c": 30.45,
        "wind_kmh": 10.2,
        "wind_dir": 0.0,
        "cloud_pct": 45.0
      }
    },
    {
      "type": "Feature",
      "geometry": {
        "type": "Point",
        "coordinates": [
          104.483483333,
          -5.009188889
        ]
      },
      "properties": {
        "location_name": "Stasiun Hujan Sumberjaya",
        "slug": "pltm_besai_kemu_sumberjaya",
        "date": "Selasa, 25 Agustus 2026",
        "date_iso": "2026-08-25",
        "relative": "Lusa",
        "hour": "14:00",
        "rain_probability": 14.4,
        "risk_score": 56,
        "risk_class": "rain",
        "risk_label": "Waspada",
        "condition": "Cerah Berawan",
        "temp_c": 30.3,
        "humidity_pct": 48.0,
        "heat_index_c": 30.43,
        "wind_kmh": 10.1,
        "wind_dir": 0.0,
        "cloud_pct": 45.0
      }
    },
    {
      "type": "Feature",
      "geometry": {
        "type": "Point",
        "coordinates": [
          104.483483333,
          -5.009188889
        ]
      },
      "properties": {
        "location_name": "Stasiun Hujan Sumberjaya",
        "slug": "pltm_besai_kemu_sumberjaya",
        "date": "Selasa, 25 Agustus 2026",
        "date_iso": "2026-08-25",
        "relative": "Lusa",
        "hour": "15:00",
        "rain_probability": 14.4,
        "risk_score": 54,
        "risk_class": "watch",
        "risk_label": "Perlu diperhatikan",
        "condition": "Cerah Berawan",
        "temp_c": 29.0,
        "humidity_pct": 52.0,
        "heat_index_c": 29.09,
        "wind_kmh": 10.1,
        "wind_dir": 0.0,
        "cloud_pct": 45.0
      }
    },
    {
      "type": "Feature",
      "geometry": {
        "type": "Point",
        "coordinates": [
          104.483483333,
          -5.009188889
        ]
      },
      "properties": {
        "location_name": "Stasiun Hujan Sumberjaya",
        "slug": "pltm_besai_kemu_sumberjaya",
        "date": "Selasa, 25 Agustus 2026",
        "date_iso": "2026-08-25",
        "relative": "Lusa",
        "hour": "16:00",
        "rain_probability": 13.8,
        "risk_score": 53,
        "risk_class": "watch",
        "risk_label": "Perlu diperhatikan",
        "condition": "Cerah",
        "temp_c": 27.2,
        "humidity_pct": 54.0,
        "heat_index_c": 28.5,
        "wind_kmh": 8.9,
        "wind_dir": 0.0,
        "cloud_pct": 45.0
      }
    },
    {
      "type": "Feature",
      "geometry": {
        "type": "Point",
        "coordinates": [
          104.483483333,
          -5.009188889
        ]
      },
      "properties": {
        "location_name": "Stasiun Hujan Sumberjaya",
        "slug": "pltm_besai_kemu_sumberjaya",
        "date": "Selasa, 25 Agustus 2026",
        "date_iso": "2026-08-25",
        "relative": "Lusa",
        "hour": "17:00",
        "rain_probability": 0,
        "risk_score": 49,
        "risk_class": "watch",
        "risk_label": "Perlu diperhatikan",
        "condition": "Cerah Berawan",
        "temp_c": 26.1,
        "humidity_pct": 62.0,
        "heat_index_c": 26.1,
        "wind_kmh": 7.6,
        "wind_dir": 0.0,
        "cloud_pct": 45.0
      }
    },
    {
      "type": "Feature",
      "geometry": {
        "type": "Point",
        "coordinates": [
          104.483483333,
          -5.009188889
        ]
      },
      "properties": {
        "location_name": "Stasiun Hujan Sumberjaya",
        "slug": "pltm_besai_kemu_sumberjaya",
        "date": "Selasa, 25 Agustus 2026",
        "date_iso": "2026-08-25",
        "relative": "Lusa",
        "hour": "18:00",
        "rain_probability": 0,
        "risk_score": 30,
        "risk_class": "watch",
        "risk_label": "Perlu diperhatikan",
        "condition": "Cerah Berawan",
        "temp_c": 24.7,
        "humidity_pct": 74.0,
        "heat_index_c": 24.7,
        "wind_kmh": 5.1,
        "wind_dir": 0.0,
        "cloud_pct": 45.0
      }
    },
    {
      "type": "Feature",
      "geometry": {
        "type": "Point",
        "coordinates": [
          104.483483333,
          -5.009188889
        ]
      },
      "properties": {
        "location_name": "Stasiun Hujan Sumberjaya",
        "slug": "pltm_besai_kemu_sumberjaya",
        "date": "Selasa, 25 Agustus 2026",
        "date_iso": "2026-08-25",
        "relative": "Lusa",
        "hour": "19:00",
        "rain_probability": 13.8,
        "risk_score": 25,
        "risk_class": "watch",
        "risk_label": "Perlu diperhatikan",
        "condition": "Cerah",
        "temp_c": 23.4,
        "humidity_pct": 75.0,
        "heat_index_c": 23.4,
        "wind_kmh": 4.8,
        "wind_dir": 0.0,
        "cloud_pct": 45.0
      }
    },
    {
      "type": "Feature",
      "geometry": {
        "type": "Point",
        "coordinates": [
          104.483483333,
          -5.009188889
        ]
      },
      "properties": {
        "location_name": "Stasiun Hujan Sumberjaya",
        "slug": "pltm_besai_kemu_sumberjaya",
        "date": "Selasa, 25 Agustus 2026",
        "date_iso": "2026-08-25",
        "relative": "Lusa",
        "hour": "20:00",
        "rain_probability": 0,
        "risk_score": 22,
        "risk_class": "safe",
        "risk_label": "Aman",
        "condition": "Cerah Berawan",
        "temp_c": 22.3,
        "humidity_pct": 85.0,
        "heat_index_c": 22.3,
        "wind_kmh": 3.9,
        "wind_dir": 0.0,
        "cloud_pct": 45.0
      }
    },
    {
      "type": "Feature",
      "geometry": {
        "type": "Point",
        "coordinates": [
          104.483483333,
          -5.009188889
        ]
      },
      "properties": {
        "location_name": "Stasiun Hujan Sumberjaya",
        "slug": "pltm_besai_kemu_sumberjaya",
        "date": "Selasa, 25 Agustus 2026",
        "date_iso": "2026-08-25",
        "relative": "Lusa",
        "hour": "21:00",
        "rain_probability": 0,
        "risk_score": 22,
        "risk_class": "safe",
        "risk_label": "Aman",
        "condition": "Cerah Berawan",
        "temp_c": 21.8,
        "humidity_pct": 90.0,
        "heat_index_c": 21.8,
        "wind_kmh": 4.1,
        "wind_dir": 0.0,
        "cloud_pct": 45.0
      }
    },
    {
      "type": "Feature",
      "geometry": {
        "type": "Point",
        "coordinates": [
          104.483483333,
          -5.009188889
        ]
      },
      "properties": {
        "location_name": "Stasiun Hujan Sumberjaya",
        "slug": "pltm_besai_kemu_sumberjaya",
        "date": "Selasa, 25 Agustus 2026",
        "date_iso": "2026-08-25",
        "relative": "Lusa",
        "hour": "22:00",
        "rain_probability": 0,
        "risk_score": 23,
        "risk_class": "safe",
        "risk_label": "Aman",
        "condition": "Cerah Berawan",
        "temp_c": 21.7,
        "humidity_pct": 94.0,
        "heat_index_c": 21.7,
        "wind_kmh": 4.2,
        "wind_dir": 0.0,
        "cloud_pct": 45.0
      }
    },
    {
      "type": "Feature",
      "geometry": {
        "type": "Point",
        "coordinates": [
          104.483483333,
          -5.009188889
        ]
      },
      "properties": {
        "location_name": "Stasiun Hujan Sumberjaya",
        "slug": "pltm_besai_kemu_sumberjaya",
        "date": "Selasa, 25 Agustus 2026",
        "date_iso": "2026-08-25",
        "relative": "Lusa",
        "hour": "23:00",
        "rain_probability": 0,
        "risk_score": 24,
        "risk_class": "safe",
        "risk_label": "Aman",
        "condition": "Berawan",
        "temp_c": 21.4,
        "humidity_pct": 95.0,
        "heat_index_c": 21.4,
        "wind_kmh": 3.8,
        "wind_dir": 0.0,
        "cloud_pct": 45.0
      }
    }
  ]
}