location_slug,location_name,target_date,adm4,bmkg_point_name,area_level,is_proxy_bmkg,latitude,longitude,timezone,location_note,tanggal,source_id,provider,success,base_weight,health_factor,effective_base_weight,points_collected,target_points,http_status,duration_ms,error_content_type,error_snippet,payload_saved_path,error
plta_redelong,PLTA Redelong,2026-09-24,11.17.05.2002,Bale Redelong,outlet_reference,yes,4.748139,96.977344,Asia/Jakarta,Forecast Redelong representative point. BMKG ADM4 reference: 11.17.05.2002 (Bale Redelong). Initial BMKG reference for Forecast Redelong Spatial role: outlet_reference. Titik referensi PLTA; tidak diberi bobot luas.,24-09-2026,BMKG,BMKG,yes,1.35,1.0,1.35,18,24,200,432,,,,
plta_redelong,PLTA Redelong,2026-09-24,11.17.05.2002,Bale Redelong,outlet_reference,yes,4.748139,96.977344,Asia/Jakarta,Forecast Redelong representative point. BMKG ADM4 reference: 11.17.05.2002 (Bale Redelong). Initial BMKG reference for Forecast Redelong Spatial role: outlet_reference. Titik referensi PLTA; tidak diberi bobot luas.,24-09-2026,CMA,Open-Meteo / CMA GRAPES,yes,1.0,1.0,1.0,24,24,200,628,,,,
plta_redelong,PLTA Redelong,2026-09-24,11.17.05.2002,Bale Redelong,outlet_reference,yes,4.748139,96.977344,Asia/Jakarta,Forecast Redelong representative point. BMKG ADM4 reference: 11.17.05.2002 (Bale Redelong). Initial BMKG reference for Forecast Redelong Spatial role: outlet_reference. Titik referensi PLTA; tidak diberi bobot luas.,24-09-2026,ECMWF,Open-Meteo / ECMWF,yes,1.0,1.0,1.0,24,24,200,586,,,,
plta_redelong,PLTA Redelong,2026-09-24,11.17.05.2002,Bale Redelong,outlet_reference,yes,4.748139,96.977344,Asia/Jakarta,Forecast Redelong representative point. BMKG ADM4 reference: 11.17.05.2002 (Bale Redelong). Initial BMKG reference for Forecast Redelong Spatial role: outlet_reference. Titik referensi PLTA; tidak diberi bobot luas.,24-09-2026,GFS,Open-Meteo / NOAA GFS,yes,1.0,1.0,1.0,24,24,200,594,,,,
plta_redelong,PLTA Redelong,2026-09-24,11.17.05.2002,Bale Redelong,outlet_reference,yes,4.748139,96.977344,Asia/Jakarta,Forecast Redelong representative point. BMKG ADM4 reference: 11.17.05.2002 (Bale Redelong). Initial BMKG reference for Forecast Redelong Spatial role: outlet_reference. Titik referensi PLTA; tidak diberi bobot luas.,24-09-2026,ICON,Open-Meteo / DWD ICON,yes,1.0,1.0,1.0,24,24,200,675,,,,
plta_redelong,PLTA Redelong,2026-09-24,11.17.05.2002,Bale Redelong,outlet_reference,yes,4.748139,96.977344,Asia/Jakarta,Forecast Redelong representative point. BMKG ADM4 reference: 11.17.05.2002 (Bale Redelong). Initial BMKG reference for Forecast Redelong Spatial role: outlet_reference. Titik referensi PLTA; tidak diberi bobot luas.,24-09-2026,METEOFRANCE,Open-Meteo / Meteo-France,yes,1.0,1.0,1.0,24,24,200,630,,,,
plta_redelong,PLTA Redelong,2026-09-24,11.17.05.2002,Bale Redelong,outlet_reference,yes,4.748139,96.977344,Asia/Jakarta,Forecast Redelong representative point. BMKG ADM4 reference: 11.17.05.2002 (Bale Redelong). Initial BMKG reference for Forecast Redelong Spatial role: outlet_reference. Titik referensi PLTA; tidak diberi bobot luas.,24-09-2026,UKMO,Open-Meteo / UK Met Office,yes,1.0,1.0,1.0,24,24,200,803,,,,
plta_redelong,PLTA Redelong,2026-09-25,11.17.05.2002,Bale Redelong,outlet_reference,yes,4.748139,96.977344,Asia/Jakarta,Forecast Redelong representative point. BMKG ADM4 reference: 11.17.05.2002 (Bale Redelong). Initial BMKG reference for Forecast Redelong Spatial role: outlet_reference. Titik referensi PLTA; tidak diberi bobot luas.,25-09-2026,BMKG,BMKG,yes,1.35,0.9869,1.3323,24,24,200,66,,,,
plta_redelong,PLTA Redelong,2026-09-25,11.17.05.2002,Bale Redelong,outlet_reference,yes,4.748139,96.977344,Asia/Jakarta,Forecast Redelong representative point. BMKG ADM4 reference: 11.17.05.2002 (Bale Redelong). Initial BMKG reference for Forecast Redelong Spatial role: outlet_reference. Titik referensi PLTA; tidak diberi bobot luas.,25-09-2026,CMA,Open-Meteo / CMA GRAPES,yes,1.0,1.0,1.0,24,24,200,558,,,,
plta_redelong,PLTA Redelong,2026-09-25,11.17.05.2002,Bale Redelong,outlet_reference,yes,4.748139,96.977344,Asia/Jakarta,Forecast Redelong representative point. BMKG ADM4 reference: 11.17.05.2002 (Bale Redelong). Initial BMKG reference for Forecast Redelong Spatial role: outlet_reference. Titik referensi PLTA; tidak diberi bobot luas.,25-09-2026,ECMWF,Open-Meteo / ECMWF,yes,1.0,1.0,1.0,24,24,200,647,,,,
plta_redelong,PLTA Redelong,2026-09-25,11.17.05.2002,Bale Redelong,outlet_reference,yes,4.748139,96.977344,Asia/Jakarta,Forecast Redelong representative point. BMKG ADM4 reference: 11.17.05.2002 (Bale Redelong). Initial BMKG reference for Forecast Redelong Spatial role: outlet_reference. Titik referensi PLTA; tidak diberi bobot luas.,25-09-2026,GFS,Open-Meteo / NOAA GFS,yes,1.0,1.0,1.0,24,24,200,547,,,,
plta_redelong,PLTA Redelong,2026-09-25,11.17.05.2002,Bale Redelong,outlet_reference,yes,4.748139,96.977344,Asia/Jakarta,Forecast Redelong representative point. BMKG ADM4 reference: 11.17.05.2002 (Bale Redelong). Initial BMKG reference for Forecast Redelong Spatial role: outlet_reference. Titik referensi PLTA; tidak diberi bobot luas.,25-09-2026,ICON,Open-Meteo / DWD ICON,yes,1.0,1.0,1.0,24,24,200,571,,,,
plta_redelong,PLTA Redelong,2026-09-25,11.17.05.2002,Bale Redelong,outlet_reference,yes,4.748139,96.977344,Asia/Jakarta,Forecast Redelong representative point. BMKG ADM4 reference: 11.17.05.2002 (Bale Redelong). Initial BMKG reference for Forecast Redelong Spatial role: outlet_reference. Titik referensi PLTA; tidak diberi bobot luas.,25-09-2026,METEOFRANCE,Open-Meteo / Meteo-France,yes,1.0,1.0,1.0,24,24,200,577,,,,
plta_redelong,PLTA Redelong,2026-09-25,11.17.05.2002,Bale Redelong,outlet_reference,yes,4.748139,96.977344,Asia/Jakarta,Forecast Redelong representative point. BMKG ADM4 reference: 11.17.05.2002 (Bale Redelong). Initial BMKG reference for Forecast Redelong Spatial role: outlet_reference. Titik referensi PLTA; tidak diberi bobot luas.,25-09-2026,UKMO,Open-Meteo / UK Met Office,yes,1.0,1.0,1.0,24,24,200,570,,,,
plta_redelong,PLTA Redelong,2026-09-26,11.17.05.2002,Bale Redelong,outlet_reference,yes,4.748139,96.977344,Asia/Jakarta,Forecast Redelong representative point. BMKG ADM4 reference: 11.17.05.2002 (Bale Redelong). Initial BMKG reference for Forecast Redelong Spatial role: outlet_reference. Titik referensi PLTA; tidak diberi bobot luas.,26-09-2026,BMKG,BMKG,yes,1.35,0.9915,1.3385,24,24,200,46,,,,
plta_redelong,PLTA Redelong,2026-09-26,11.17.05.2002,Bale Redelong,outlet_reference,yes,4.748139,96.977344,Asia/Jakarta,Forecast Redelong representative point. BMKG ADM4 reference: 11.17.05.2002 (Bale Redelong). Initial BMKG reference for Forecast Redelong Spatial role: outlet_reference. Titik referensi PLTA; tidak diberi bobot luas.,26-09-2026,CMA,Open-Meteo / CMA GRAPES,yes,1.0,1.0,1.0,24,24,200,691,,,,
plta_redelong,PLTA Redelong,2026-09-26,11.17.05.2002,Bale Redelong,outlet_reference,yes,4.748139,96.977344,Asia/Jakarta,Forecast Redelong representative point. BMKG ADM4 reference: 11.17.05.2002 (Bale Redelong). Initial BMKG reference for Forecast Redelong Spatial role: outlet_reference. Titik referensi PLTA; tidak diberi bobot luas.,26-09-2026,ECMWF,Open-Meteo / ECMWF,yes,1.0,1.0,1.0,24,24,200,547,,,,
plta_redelong,PLTA Redelong,2026-09-26,11.17.05.2002,Bale Redelong,outlet_reference,yes,4.748139,96.977344,Asia/Jakarta,Forecast Redelong representative point. BMKG ADM4 reference: 11.17.05.2002 (Bale Redelong). Initial BMKG reference for Forecast Redelong Spatial role: outlet_reference. Titik referensi PLTA; tidak diberi bobot luas.,26-09-2026,GFS,Open-Meteo / NOAA GFS,yes,1.0,1.0,1.0,24,24,200,558,,,,
plta_redelong,PLTA Redelong,2026-09-26,11.17.05.2002,Bale Redelong,outlet_reference,yes,4.748139,96.977344,Asia/Jakarta,Forecast Redelong representative point. BMKG ADM4 reference: 11.17.05.2002 (Bale Redelong). Initial BMKG reference for Forecast Redelong Spatial role: outlet_reference. Titik referensi PLTA; tidak diberi bobot luas.,26-09-2026,ICON,Open-Meteo / DWD ICON,yes,1.0,1.0,1.0,24,24,200,563,,,,
plta_redelong,PLTA Redelong,2026-09-26,11.17.05.2002,Bale Redelong,outlet_reference,yes,4.748139,96.977344,Asia/Jakarta,Forecast Redelong representative point. BMKG ADM4 reference: 11.17.05.2002 (Bale Redelong). Initial BMKG reference for Forecast Redelong Spatial role: outlet_reference. Titik referensi PLTA; tidak diberi bobot luas.,26-09-2026,METEOFRANCE,Open-Meteo / Meteo-France,yes,1.0,1.0,1.0,24,24,200,685,,,,
plta_redelong,PLTA Redelong,2026-09-26,11.17.05.2002,Bale Redelong,outlet_reference,yes,4.748139,96.977344,Asia/Jakarta,Forecast Redelong representative point. BMKG ADM4 reference: 11.17.05.2002 (Bale Redelong). Initial BMKG reference for Forecast Redelong Spatial role: outlet_reference. Titik referensi PLTA; tidak diberi bobot luas.,26-09-2026,UKMO,Open-Meteo / UK Met Office,yes,1.0,1.0,1.0,24,24,200,563,,,,
plta_redelong,PLTA Redelong,2026-09-27,11.17.05.2002,Bale Redelong,outlet_reference,yes,4.748139,96.977344,Asia/Jakarta,Forecast Redelong representative point. BMKG ADM4 reference: 11.17.05.2002 (Bale Redelong). Initial BMKG reference for Forecast Redelong Spatial role: outlet_reference. Titik referensi PLTA; tidak diberi bobot luas.,27-09-2026,BMKG,BMKG,no,1.35,0.9945,1.3426,0,24,,95,,,,BMKG tidak mengembalikan kandidat untuk target date
plta_redelong,PLTA Redelong,2026-09-27,11.17.05.2002,Bale Redelong,outlet_reference,yes,4.748139,96.977344,Asia/Jakarta,Forecast Redelong representative point. BMKG ADM4 reference: 11.17.05.2002 (Bale Redelong). Initial BMKG reference for Forecast Redelong Spatial role: outlet_reference. Titik referensi PLTA; tidak diberi bobot luas.,27-09-2026,CMA,Open-Meteo / CMA GRAPES,yes,1.0,1.0,1.0,24,24,200,573,,,,
plta_redelong,PLTA Redelong,2026-09-27,11.17.05.2002,Bale Redelong,outlet_reference,yes,4.748139,96.977344,Asia/Jakarta,Forecast Redelong representative point. BMKG ADM4 reference: 11.17.05.2002 (Bale Redelong). Initial BMKG reference for Forecast Redelong Spatial role: outlet_reference. Titik referensi PLTA; tidak diberi bobot luas.,27-09-2026,ECMWF,Open-Meteo / ECMWF,yes,1.0,1.0,1.0,24,24,200,565,,,,
plta_redelong,PLTA Redelong,2026-09-27,11.17.05.2002,Bale Redelong,outlet_reference,yes,4.748139,96.977344,Asia/Jakarta,Forecast Redelong representative point. BMKG ADM4 reference: 11.17.05.2002 (Bale Redelong). Initial BMKG reference for Forecast Redelong Spatial role: outlet_reference. Titik referensi PLTA; tidak diberi bobot luas.,27-09-2026,GFS,Open-Meteo / NOAA GFS,yes,1.0,1.0,1.0,24,24,200,563,,,,
plta_redelong,PLTA Redelong,2026-09-27,11.17.05.2002,Bale Redelong,outlet_reference,yes,4.748139,96.977344,Asia/Jakarta,Forecast Redelong representative point. BMKG ADM4 reference: 11.17.05.2002 (Bale Redelong). Initial BMKG reference for Forecast Redelong Spatial role: outlet_reference. Titik referensi PLTA; tidak diberi bobot luas.,27-09-2026,ICON,Open-Meteo / DWD ICON,yes,1.0,1.0,1.0,24,24,200,565,,,,
plta_redelong,PLTA Redelong,2026-09-27,11.17.05.2002,Bale Redelong,outlet_reference,yes,4.748139,96.977344,Asia/Jakarta,Forecast Redelong representative point. BMKG ADM4 reference: 11.17.05.2002 (Bale Redelong). Initial BMKG reference for Forecast Redelong Spatial role: outlet_reference. Titik referensi PLTA; tidak diberi bobot luas.,27-09-2026,METEOFRANCE,Open-Meteo / Meteo-France,yes,1.0,1.0,1.0,24,24,200,546,,,,
plta_redelong,PLTA Redelong,2026-09-27,11.17.05.2002,Bale Redelong,outlet_reference,yes,4.748139,96.977344,Asia/Jakarta,Forecast Redelong representative point. BMKG ADM4 reference: 11.17.05.2002 (Bale Redelong). Initial BMKG reference for Forecast Redelong Spatial role: outlet_reference. Titik referensi PLTA; tidak diberi bobot luas.,27-09-2026,UKMO,Open-Meteo / UK Met Office,yes,1.0,1.0,1.0,24,24,200,556,,,,
gpm1,GPM1,2026-09-24,11.17.05.2002,Bale Redelong,provisional_catchment,yes,4.81572033808049,96.877105410688,Asia/Jakarta,Forecast Redelong representative point. BMKG ADM4 reference: 11.17.05.2002 (Bale Redelong). Initial BMKG reference for catchment point Spatial role: provisional_catchment. Area analisis provisional; menunggu konfirmasi batas DAS resmi.,24-09-2026,BMKG,BMKG,yes,1.35,1.0,1.35,18,24,200,67,,,,
gpm1,GPM1,2026-09-24,11.17.05.2002,Bale Redelong,provisional_catchment,yes,4.81572033808049,96.877105410688,Asia/Jakarta,Forecast Redelong representative point. BMKG ADM4 reference: 11.17.05.2002 (Bale Redelong). Initial BMKG reference for catchment point Spatial role: provisional_catchment. Area analisis provisional; menunggu konfirmasi batas DAS resmi.,24-09-2026,CMA,Open-Meteo / CMA GRAPES,yes,1.0,1.0,1.0,24,24,200,643,,,,
gpm1,GPM1,2026-09-24,11.17.05.2002,Bale Redelong,provisional_catchment,yes,4.81572033808049,96.877105410688,Asia/Jakarta,Forecast Redelong representative point. BMKG ADM4 reference: 11.17.05.2002 (Bale Redelong). Initial BMKG reference for catchment point Spatial role: provisional_catchment. Area analisis provisional; menunggu konfirmasi batas DAS resmi.,24-09-2026,ECMWF,Open-Meteo / ECMWF,yes,1.0,1.0,1.0,24,24,200,554,,,,
gpm1,GPM1,2026-09-24,11.17.05.2002,Bale Redelong,provisional_catchment,yes,4.81572033808049,96.877105410688,Asia/Jakarta,Forecast Redelong representative point. BMKG ADM4 reference: 11.17.05.2002 (Bale Redelong). Initial BMKG reference for catchment point Spatial role: provisional_catchment. Area analisis provisional; menunggu konfirmasi batas DAS resmi.,24-09-2026,GFS,Open-Meteo / NOAA GFS,yes,1.0,1.0,1.0,24,24,200,548,,,,
gpm1,GPM1,2026-09-24,11.17.05.2002,Bale Redelong,provisional_catchment,yes,4.81572033808049,96.877105410688,Asia/Jakarta,Forecast Redelong representative point. BMKG ADM4 reference: 11.17.05.2002 (Bale Redelong). Initial BMKG reference for catchment point Spatial role: provisional_catchment. Area analisis provisional; menunggu konfirmasi batas DAS resmi.,24-09-2026,ICON,Open-Meteo / DWD ICON,yes,1.0,1.0,1.0,24,24,200,549,,,,
gpm1,GPM1,2026-09-24,11.17.05.2002,Bale Redelong,provisional_catchment,yes,4.81572033808049,96.877105410688,Asia/Jakarta,Forecast Redelong representative point. BMKG ADM4 reference: 11.17.05.2002 (Bale Redelong). Initial BMKG reference for catchment point Spatial role: provisional_catchment. Area analisis provisional; menunggu konfirmasi batas DAS resmi.,24-09-2026,METEOFRANCE,Open-Meteo / Meteo-France,yes,1.0,1.0,1.0,24,24,200,560,,,,
gpm1,GPM1,2026-09-24,11.17.05.2002,Bale Redelong,provisional_catchment,yes,4.81572033808049,96.877105410688,Asia/Jakarta,Forecast Redelong representative point. BMKG ADM4 reference: 11.17.05.2002 (Bale Redelong). Initial BMKG reference for catchment point Spatial role: provisional_catchment. Area analisis provisional; menunggu konfirmasi batas DAS resmi.,24-09-2026,UKMO,Open-Meteo / UK Met Office,yes,1.0,1.0,1.0,24,24,200,547,,,,
gpm1,GPM1,2026-09-25,11.17.05.2002,Bale Redelong,provisional_catchment,yes,4.81572033808049,96.877105410688,Asia/Jakarta,Forecast Redelong representative point. BMKG ADM4 reference: 11.17.05.2002 (Bale Redelong). Initial BMKG reference for catchment point Spatial role: provisional_catchment. Area analisis provisional; menunggu konfirmasi batas DAS resmi.,25-09-2026,BMKG,BMKG,yes,1.35,0.9869,1.3323,24,24,200,51,,,,
gpm1,GPM1,2026-09-25,11.17.05.2002,Bale Redelong,provisional_catchment,yes,4.81572033808049,96.877105410688,Asia/Jakarta,Forecast Redelong representative point. BMKG ADM4 reference: 11.17.05.2002 (Bale Redelong). Initial BMKG reference for catchment point Spatial role: provisional_catchment. Area analisis provisional; menunggu konfirmasi batas DAS resmi.,25-09-2026,CMA,Open-Meteo / CMA GRAPES,yes,1.0,1.0,1.0,24,24,200,645,,,,
gpm1,GPM1,2026-09-25,11.17.05.2002,Bale Redelong,provisional_catchment,yes,4.81572033808049,96.877105410688,Asia/Jakarta,Forecast Redelong representative point. BMKG ADM4 reference: 11.17.05.2002 (Bale Redelong). Initial BMKG reference for catchment point Spatial role: provisional_catchment. Area analisis provisional; menunggu konfirmasi batas DAS resmi.,25-09-2026,ECMWF,Open-Meteo / ECMWF,yes,1.0,1.0,1.0,24,24,200,555,,,,
gpm1,GPM1,2026-09-25,11.17.05.2002,Bale Redelong,provisional_catchment,yes,4.81572033808049,96.877105410688,Asia/Jakarta,Forecast Redelong representative point. BMKG ADM4 reference: 11.17.05.2002 (Bale Redelong). Initial BMKG reference for catchment point Spatial role: provisional_catchment. Area analisis provisional; menunggu konfirmasi batas DAS resmi.,25-09-2026,GFS,Open-Meteo / NOAA GFS,yes,1.0,1.0,1.0,24,24,200,552,,,,
gpm1,GPM1,2026-09-25,11.17.05.2002,Bale Redelong,provisional_catchment,yes,4.81572033808049,96.877105410688,Asia/Jakarta,Forecast Redelong representative point. BMKG ADM4 reference: 11.17.05.2002 (Bale Redelong). Initial BMKG reference for catchment point Spatial role: provisional_catchment. Area analisis provisional; menunggu konfirmasi batas DAS resmi.,25-09-2026,ICON,Open-Meteo / DWD ICON,yes,1.0,1.0,1.0,24,24,200,603,,,,
gpm1,GPM1,2026-09-25,11.17.05.2002,Bale Redelong,provisional_catchment,yes,4.81572033808049,96.877105410688,Asia/Jakarta,Forecast Redelong representative point. BMKG ADM4 reference: 11.17.05.2002 (Bale Redelong). Initial BMKG reference for catchment point Spatial role: provisional_catchment. Area analisis provisional; menunggu konfirmasi batas DAS resmi.,25-09-2026,METEOFRANCE,Open-Meteo / Meteo-France,yes,1.0,1.0,1.0,24,24,200,564,,,,
gpm1,GPM1,2026-09-25,11.17.05.2002,Bale Redelong,provisional_catchment,yes,4.81572033808049,96.877105410688,Asia/Jakarta,Forecast Redelong representative point. BMKG ADM4 reference: 11.17.05.2002 (Bale Redelong). Initial BMKG reference for catchment point Spatial role: provisional_catchment. Area analisis provisional; menunggu konfirmasi batas DAS resmi.,25-09-2026,UKMO,Open-Meteo / UK Met Office,yes,1.0,1.0,1.0,24,24,200,556,,,,
gpm1,GPM1,2026-09-26,11.17.05.2002,Bale Redelong,provisional_catchment,yes,4.81572033808049,96.877105410688,Asia/Jakarta,Forecast Redelong representative point. BMKG ADM4 reference: 11.17.05.2002 (Bale Redelong). Initial BMKG reference for catchment point Spatial role: provisional_catchment. Area analisis provisional; menunggu konfirmasi batas DAS resmi.,26-09-2026,BMKG,BMKG,yes,1.35,0.9915,1.3385,24,24,200,56,,,,
gpm1,GPM1,2026-09-26,11.17.05.2002,Bale Redelong,provisional_catchment,yes,4.81572033808049,96.877105410688,Asia/Jakarta,Forecast Redelong representative point. BMKG ADM4 reference: 11.17.05.2002 (Bale Redelong). Initial BMKG reference for catchment point Spatial role: provisional_catchment. Area analisis provisional; menunggu konfirmasi batas DAS resmi.,26-09-2026,CMA,Open-Meteo / CMA GRAPES,yes,1.0,1.0,1.0,24,24,200,552,,,,
gpm1,GPM1,2026-09-26,11.17.05.2002,Bale Redelong,provisional_catchment,yes,4.81572033808049,96.877105410688,Asia/Jakarta,Forecast Redelong representative point. BMKG ADM4 reference: 11.17.05.2002 (Bale Redelong). Initial BMKG reference for catchment point Spatial role: provisional_catchment. Area analisis provisional; menunggu konfirmasi batas DAS resmi.,26-09-2026,ECMWF,Open-Meteo / ECMWF,yes,1.0,1.0,1.0,24,24,200,564,,,,
gpm1,GPM1,2026-09-26,11.17.05.2002,Bale Redelong,provisional_catchment,yes,4.81572033808049,96.877105410688,Asia/Jakarta,Forecast Redelong representative point. BMKG ADM4 reference: 11.17.05.2002 (Bale Redelong). Initial BMKG reference for catchment point Spatial role: provisional_catchment. Area analisis provisional; menunggu konfirmasi batas DAS resmi.,26-09-2026,GFS,Open-Meteo / NOAA GFS,yes,1.0,1.0,1.0,24,24,200,549,,,,
gpm1,GPM1,2026-09-26,11.17.05.2002,Bale Redelong,provisional_catchment,yes,4.81572033808049,96.877105410688,Asia/Jakarta,Forecast Redelong representative point. BMKG ADM4 reference: 11.17.05.2002 (Bale Redelong). Initial BMKG reference for catchment point Spatial role: provisional_catchment. Area analisis provisional; menunggu konfirmasi batas DAS resmi.,26-09-2026,ICON,Open-Meteo / DWD ICON,yes,1.0,1.0,1.0,24,24,200,550,,,,
gpm1,GPM1,2026-09-26,11.17.05.2002,Bale Redelong,provisional_catchment,yes,4.81572033808049,96.877105410688,Asia/Jakarta,Forecast Redelong representative point. BMKG ADM4 reference: 11.17.05.2002 (Bale Redelong). Initial BMKG reference for catchment point Spatial role: provisional_catchment. Area analisis provisional; menunggu konfirmasi batas DAS resmi.,26-09-2026,METEOFRANCE,Open-Meteo / Meteo-France,yes,1.0,1.0,1.0,24,24,200,615,,,,
gpm1,GPM1,2026-09-26,11.17.05.2002,Bale Redelong,provisional_catchment,yes,4.81572033808049,96.877105410688,Asia/Jakarta,Forecast Redelong representative point. BMKG ADM4 reference: 11.17.05.2002 (Bale Redelong). Initial BMKG reference for catchment point Spatial role: provisional_catchment. Area analisis provisional; menunggu konfirmasi batas DAS resmi.,26-09-2026,UKMO,Open-Meteo / UK Met Office,yes,1.0,1.0,1.0,24,24,200,547,,,,
gpm1,GPM1,2026-09-27,11.17.05.2002,Bale Redelong,provisional_catchment,yes,4.81572033808049,96.877105410688,Asia/Jakarta,Forecast Redelong representative point. BMKG ADM4 reference: 11.17.05.2002 (Bale Redelong). Initial BMKG reference for catchment point Spatial role: provisional_catchment. Area analisis provisional; menunggu konfirmasi batas DAS resmi.,27-09-2026,BMKG,BMKG,no,1.35,0.9945,1.3426,0,24,,79,,,,BMKG tidak mengembalikan kandidat untuk target date
gpm1,GPM1,2026-09-27,11.17.05.2002,Bale Redelong,provisional_catchment,yes,4.81572033808049,96.877105410688,Asia/Jakarta,Forecast Redelong representative point. BMKG ADM4 reference: 11.17.05.2002 (Bale Redelong). Initial BMKG reference for catchment point Spatial role: provisional_catchment. Area analisis provisional; menunggu konfirmasi batas DAS resmi.,27-09-2026,CMA,Open-Meteo / CMA GRAPES,yes,1.0,1.0,1.0,24,24,200,560,,,,
gpm1,GPM1,2026-09-27,11.17.05.2002,Bale Redelong,provisional_catchment,yes,4.81572033808049,96.877105410688,Asia/Jakarta,Forecast Redelong representative point. BMKG ADM4 reference: 11.17.05.2002 (Bale Redelong). Initial BMKG reference for catchment point Spatial role: provisional_catchment. Area analisis provisional; menunggu konfirmasi batas DAS resmi.,27-09-2026,ECMWF,Open-Meteo / ECMWF,yes,1.0,1.0,1.0,24,24,200,548,,,,
gpm1,GPM1,2026-09-27,11.17.05.2002,Bale Redelong,provisional_catchment,yes,4.81572033808049,96.877105410688,Asia/Jakarta,Forecast Redelong representative point. BMKG ADM4 reference: 11.17.05.2002 (Bale Redelong). Initial BMKG reference for catchment point Spatial role: provisional_catchment. Area analisis provisional; menunggu konfirmasi batas DAS resmi.,27-09-2026,GFS,Open-Meteo / NOAA GFS,yes,1.0,1.0,1.0,24,24,200,564,,,,
gpm1,GPM1,2026-09-27,11.17.05.2002,Bale Redelong,provisional_catchment,yes,4.81572033808049,96.877105410688,Asia/Jakarta,Forecast Redelong representative point. BMKG ADM4 reference: 11.17.05.2002 (Bale Redelong). Initial BMKG reference for catchment point Spatial role: provisional_catchment. Area analisis provisional; menunggu konfirmasi batas DAS resmi.,27-09-2026,ICON,Open-Meteo / DWD ICON,yes,1.0,1.0,1.0,24,24,200,577,,,,
gpm1,GPM1,2026-09-27,11.17.05.2002,Bale Redelong,provisional_catchment,yes,4.81572033808049,96.877105410688,Asia/Jakarta,Forecast Redelong representative point. BMKG ADM4 reference: 11.17.05.2002 (Bale Redelong). Initial BMKG reference for catchment point Spatial role: provisional_catchment. Area analisis provisional; menunggu konfirmasi batas DAS resmi.,27-09-2026,METEOFRANCE,Open-Meteo / Meteo-France,yes,1.0,1.0,1.0,24,24,200,559,,,,
gpm1,GPM1,2026-09-27,11.17.05.2002,Bale Redelong,provisional_catchment,yes,4.81572033808049,96.877105410688,Asia/Jakarta,Forecast Redelong representative point. BMKG ADM4 reference: 11.17.05.2002 (Bale Redelong). Initial BMKG reference for catchment point Spatial role: provisional_catchment. Area analisis provisional; menunggu konfirmasi batas DAS resmi.,27-09-2026,UKMO,Open-Meteo / UK Met Office,yes,1.0,1.0,1.0,24,24,200,583,,,,
gpm2,GPM2,2026-09-24,11.17.05.2002,Bale Redelong,provisional_catchment,yes,4.811672965065149,96.9505347134354,Asia/Jakarta,Forecast Redelong representative point. BMKG ADM4 reference: 11.17.05.2002 (Bale Redelong). Initial BMKG reference for catchment point Spatial role: provisional_catchment. Area analisis provisional; menunggu konfirmasi batas DAS resmi.,24-09-2026,BMKG,BMKG,yes,1.35,1.0,1.35,18,24,200,56,,,,
gpm2,GPM2,2026-09-24,11.17.05.2002,Bale Redelong,provisional_catchment,yes,4.811672965065149,96.9505347134354,Asia/Jakarta,Forecast Redelong representative point. BMKG ADM4 reference: 11.17.05.2002 (Bale Redelong). Initial BMKG reference for catchment point Spatial role: provisional_catchment. Area analisis provisional; menunggu konfirmasi batas DAS resmi.,24-09-2026,CMA,Open-Meteo / CMA GRAPES,yes,1.0,1.0,1.0,24,24,200,556,,,,
gpm2,GPM2,2026-09-24,11.17.05.2002,Bale Redelong,provisional_catchment,yes,4.811672965065149,96.9505347134354,Asia/Jakarta,Forecast Redelong representative point. BMKG ADM4 reference: 11.17.05.2002 (Bale Redelong). Initial BMKG reference for catchment point Spatial role: provisional_catchment. Area analisis provisional; menunggu konfirmasi batas DAS resmi.,24-09-2026,ECMWF,Open-Meteo / ECMWF,yes,1.0,1.0,1.0,24,24,200,560,,,,
gpm2,GPM2,2026-09-24,11.17.05.2002,Bale Redelong,provisional_catchment,yes,4.811672965065149,96.9505347134354,Asia/Jakarta,Forecast Redelong representative point. BMKG ADM4 reference: 11.17.05.2002 (Bale Redelong). Initial BMKG reference for catchment point Spatial role: provisional_catchment. Area analisis provisional; menunggu konfirmasi batas DAS resmi.,24-09-2026,GFS,Open-Meteo / NOAA GFS,yes,1.0,1.0,1.0,24,24,200,557,,,,
gpm2,GPM2,2026-09-24,11.17.05.2002,Bale Redelong,provisional_catchment,yes,4.811672965065149,96.9505347134354,Asia/Jakarta,Forecast Redelong representative point. BMKG ADM4 reference: 11.17.05.2002 (Bale Redelong). Initial BMKG reference for catchment point Spatial role: provisional_catchment. Area analisis provisional; menunggu konfirmasi batas DAS resmi.,24-09-2026,ICON,Open-Meteo / DWD ICON,yes,1.0,1.0,1.0,24,24,200,568,,,,
gpm2,GPM2,2026-09-24,11.17.05.2002,Bale Redelong,provisional_catchment,yes,4.811672965065149,96.9505347134354,Asia/Jakarta,Forecast Redelong representative point. BMKG ADM4 reference: 11.17.05.2002 (Bale Redelong). Initial BMKG reference for catchment point Spatial role: provisional_catchment. Area analisis provisional; menunggu konfirmasi batas DAS resmi.,24-09-2026,METEOFRANCE,Open-Meteo / Meteo-France,yes,1.0,1.0,1.0,24,24,200,571,,,,
gpm2,GPM2,2026-09-24,11.17.05.2002,Bale Redelong,provisional_catchment,yes,4.811672965065149,96.9505347134354,Asia/Jakarta,Forecast Redelong representative point. BMKG ADM4 reference: 11.17.05.2002 (Bale Redelong). Initial BMKG reference for catchment point Spatial role: provisional_catchment. Area analisis provisional; menunggu konfirmasi batas DAS resmi.,24-09-2026,UKMO,Open-Meteo / UK Met Office,yes,1.0,1.0,1.0,24,24,200,568,,,,
gpm2,GPM2,2026-09-25,11.17.05.2002,Bale Redelong,provisional_catchment,yes,4.811672965065149,96.9505347134354,Asia/Jakarta,Forecast Redelong representative point. BMKG ADM4 reference: 11.17.05.2002 (Bale Redelong). Initial BMKG reference for catchment point Spatial role: provisional_catchment. Area analisis provisional; menunggu konfirmasi batas DAS resmi.,25-09-2026,BMKG,BMKG,yes,1.35,0.9869,1.3323,24,24,200,53,,,,
gpm2,GPM2,2026-09-25,11.17.05.2002,Bale Redelong,provisional_catchment,yes,4.811672965065149,96.9505347134354,Asia/Jakarta,Forecast Redelong representative point. BMKG ADM4 reference: 11.17.05.2002 (Bale Redelong). Initial BMKG reference for catchment point Spatial role: provisional_catchment. Area analisis provisional; menunggu konfirmasi batas DAS resmi.,25-09-2026,CMA,Open-Meteo / CMA GRAPES,yes,1.0,1.0,1.0,24,24,200,722,,,,
gpm2,GPM2,2026-09-25,11.17.05.2002,Bale Redelong,provisional_catchment,yes,4.811672965065149,96.9505347134354,Asia/Jakarta,Forecast Redelong representative point. BMKG ADM4 reference: 11.17.05.2002 (Bale Redelong). Initial BMKG reference for catchment point Spatial role: provisional_catchment. Area analisis provisional; menunggu konfirmasi batas DAS resmi.,25-09-2026,ECMWF,Open-Meteo / ECMWF,yes,1.0,1.0,1.0,24,24,200,564,,,,
gpm2,GPM2,2026-09-25,11.17.05.2002,Bale Redelong,provisional_catchment,yes,4.811672965065149,96.9505347134354,Asia/Jakarta,Forecast Redelong representative point. BMKG ADM4 reference: 11.17.05.2002 (Bale Redelong). Initial BMKG reference for catchment point Spatial role: provisional_catchment. Area analisis provisional; menunggu konfirmasi batas DAS resmi.,25-09-2026,GFS,Open-Meteo / NOAA GFS,yes,1.0,1.0,1.0,24,24,200,569,,,,
gpm2,GPM2,2026-09-25,11.17.05.2002,Bale Redelong,provisional_catchment,yes,4.811672965065149,96.9505347134354,Asia/Jakarta,Forecast Redelong representative point. BMKG ADM4 reference: 11.17.05.2002 (Bale Redelong). Initial BMKG reference for catchment point Spatial role: provisional_catchment. Area analisis provisional; menunggu konfirmasi batas DAS resmi.,25-09-2026,ICON,Open-Meteo / DWD ICON,yes,1.0,1.0,1.0,24,24,200,580,,,,
gpm2,GPM2,2026-09-25,11.17.05.2002,Bale Redelong,provisional_catchment,yes,4.811672965065149,96.9505347134354,Asia/Jakarta,Forecast Redelong representative point. BMKG ADM4 reference: 11.17.05.2002 (Bale Redelong). Initial BMKG reference for catchment point Spatial role: provisional_catchment. Area analisis provisional; menunggu konfirmasi batas DAS resmi.,25-09-2026,METEOFRANCE,Open-Meteo / Meteo-France,yes,1.0,1.0,1.0,24,24,200,602,,,,
gpm2,GPM2,2026-09-25,11.17.05.2002,Bale Redelong,provisional_catchment,yes,4.811672965065149,96.9505347134354,Asia/Jakarta,Forecast Redelong representative point. BMKG ADM4 reference: 11.17.05.2002 (Bale Redelong). Initial BMKG reference for catchment point Spatial role: provisional_catchment. Area analisis provisional; menunggu konfirmasi batas DAS resmi.,25-09-2026,UKMO,Open-Meteo / UK Met Office,yes,1.0,1.0,1.0,24,24,200,683,,,,
gpm2,GPM2,2026-09-26,11.17.05.2002,Bale Redelong,provisional_catchment,yes,4.811672965065149,96.9505347134354,Asia/Jakarta,Forecast Redelong representative point. BMKG ADM4 reference: 11.17.05.2002 (Bale Redelong). Initial BMKG reference for catchment point Spatial role: provisional_catchment. Area analisis provisional; menunggu konfirmasi batas DAS resmi.,26-09-2026,BMKG,BMKG,yes,1.35,0.9915,1.3385,24,24,200,49,,,,
gpm2,GPM2,2026-09-26,11.17.05.2002,Bale Redelong,provisional_catchment,yes,4.811672965065149,96.9505347134354,Asia/Jakarta,Forecast Redelong representative point. BMKG ADM4 reference: 11.17.05.2002 (Bale Redelong). Initial BMKG reference for catchment point Spatial role: provisional_catchment. Area analisis provisional; menunggu konfirmasi batas DAS resmi.,26-09-2026,CMA,Open-Meteo / CMA GRAPES,yes,1.0,1.0,1.0,24,24,200,567,,,,
gpm2,GPM2,2026-09-26,11.17.05.2002,Bale Redelong,provisional_catchment,yes,4.811672965065149,96.9505347134354,Asia/Jakarta,Forecast Redelong representative point. BMKG ADM4 reference: 11.17.05.2002 (Bale Redelong). Initial BMKG reference for catchment point Spatial role: provisional_catchment. Area analisis provisional; menunggu konfirmasi batas DAS resmi.,26-09-2026,ECMWF,Open-Meteo / ECMWF,yes,1.0,1.0,1.0,24,24,200,556,,,,
gpm2,GPM2,2026-09-26,11.17.05.2002,Bale Redelong,provisional_catchment,yes,4.811672965065149,96.9505347134354,Asia/Jakarta,Forecast Redelong representative point. BMKG ADM4 reference: 11.17.05.2002 (Bale Redelong). Initial BMKG reference for catchment point Spatial role: provisional_catchment. Area analisis provisional; menunggu konfirmasi batas DAS resmi.,26-09-2026,GFS,Open-Meteo / NOAA GFS,yes,1.0,1.0,1.0,24,24,200,579,,,,
gpm2,GPM2,2026-09-26,11.17.05.2002,Bale Redelong,provisional_catchment,yes,4.811672965065149,96.9505347134354,Asia/Jakarta,Forecast Redelong representative point. BMKG ADM4 reference: 11.17.05.2002 (Bale Redelong). Initial BMKG reference for catchment point Spatial role: provisional_catchment. Area analisis provisional; menunggu konfirmasi batas DAS resmi.,26-09-2026,ICON,Open-Meteo / DWD ICON,yes,1.0,1.0,1.0,24,24,200,572,,,,
gpm2,GPM2,2026-09-26,11.17.05.2002,Bale Redelong,provisional_catchment,yes,4.811672965065149,96.9505347134354,Asia/Jakarta,Forecast Redelong representative point. BMKG ADM4 reference: 11.17.05.2002 (Bale Redelong). Initial BMKG reference for catchment point Spatial role: provisional_catchment. Area analisis provisional; menunggu konfirmasi batas DAS resmi.,26-09-2026,METEOFRANCE,Open-Meteo / Meteo-France,yes,1.0,1.0,1.0,24,24,200,574,,,,
gpm2,GPM2,2026-09-26,11.17.05.2002,Bale Redelong,provisional_catchment,yes,4.811672965065149,96.9505347134354,Asia/Jakarta,Forecast Redelong representative point. BMKG ADM4 reference: 11.17.05.2002 (Bale Redelong). Initial BMKG reference for catchment point Spatial role: provisional_catchment. Area analisis provisional; menunggu konfirmasi batas DAS resmi.,26-09-2026,UKMO,Open-Meteo / UK Met Office,yes,1.0,1.0,1.0,24,24,200,687,,,,
gpm2,GPM2,2026-09-27,11.17.05.2002,Bale Redelong,provisional_catchment,yes,4.811672965065149,96.9505347134354,Asia/Jakarta,Forecast Redelong representative point. BMKG ADM4 reference: 11.17.05.2002 (Bale Redelong). Initial BMKG reference for catchment point Spatial role: provisional_catchment. Area analisis provisional; menunggu konfirmasi batas DAS resmi.,27-09-2026,BMKG,BMKG,no,1.35,0.9945,1.3426,0,24,,76,,,,BMKG tidak mengembalikan kandidat untuk target date
gpm2,GPM2,2026-09-27,11.17.05.2002,Bale Redelong,provisional_catchment,yes,4.811672965065149,96.9505347134354,Asia/Jakarta,Forecast Redelong representative point. BMKG ADM4 reference: 11.17.05.2002 (Bale Redelong). Initial BMKG reference for catchment point Spatial role: provisional_catchment. Area analisis provisional; menunggu konfirmasi batas DAS resmi.,27-09-2026,CMA,Open-Meteo / CMA GRAPES,yes,1.0,1.0,1.0,24,24,200,575,,,,
gpm2,GPM2,2026-09-27,11.17.05.2002,Bale Redelong,provisional_catchment,yes,4.811672965065149,96.9505347134354,Asia/Jakarta,Forecast Redelong representative point. BMKG ADM4 reference: 11.17.05.2002 (Bale Redelong). Initial BMKG reference for catchment point Spatial role: provisional_catchment. Area analisis provisional; menunggu konfirmasi batas DAS resmi.,27-09-2026,ECMWF,Open-Meteo / ECMWF,yes,1.0,1.0,1.0,24,24,200,556,,,,
gpm2,GPM2,2026-09-27,11.17.05.2002,Bale Redelong,provisional_catchment,yes,4.811672965065149,96.9505347134354,Asia/Jakarta,Forecast Redelong representative point. BMKG ADM4 reference: 11.17.05.2002 (Bale Redelong). Initial BMKG reference for catchment point Spatial role: provisional_catchment. Area analisis provisional; menunggu konfirmasi batas DAS resmi.,27-09-2026,GFS,Open-Meteo / NOAA GFS,yes,1.0,1.0,1.0,24,24,200,592,,,,
gpm2,GPM2,2026-09-27,11.17.05.2002,Bale Redelong,provisional_catchment,yes,4.811672965065149,96.9505347134354,Asia/Jakarta,Forecast Redelong representative point. BMKG ADM4 reference: 11.17.05.2002 (Bale Redelong). Initial BMKG reference for catchment point Spatial role: provisional_catchment. Area analisis provisional; menunggu konfirmasi batas DAS resmi.,27-09-2026,ICON,Open-Meteo / DWD ICON,yes,1.0,1.0,1.0,24,24,200,566,,,,
gpm2,GPM2,2026-09-27,11.17.05.2002,Bale Redelong,provisional_catchment,yes,4.811672965065149,96.9505347134354,Asia/Jakarta,Forecast Redelong representative point. BMKG ADM4 reference: 11.17.05.2002 (Bale Redelong). Initial BMKG reference for catchment point Spatial role: provisional_catchment. Area analisis provisional; menunggu konfirmasi batas DAS resmi.,27-09-2026,METEOFRANCE,Open-Meteo / Meteo-France,yes,1.0,1.0,1.0,24,24,200,556,,,,
gpm2,GPM2,2026-09-27,11.17.05.2002,Bale Redelong,provisional_catchment,yes,4.811672965065149,96.9505347134354,Asia/Jakarta,Forecast Redelong representative point. BMKG ADM4 reference: 11.17.05.2002 (Bale Redelong). Initial BMKG reference for catchment point Spatial role: provisional_catchment. Area analisis provisional; menunggu konfirmasi batas DAS resmi.,27-09-2026,UKMO,Open-Meteo / UK Met Office,yes,1.0,1.0,1.0,24,24,200,563,,,,
gpm3,GPM3,2026-09-24,11.17.05.2002,Bale Redelong,provisional_catchment,yes,4.815409756944025,97.009911990332,Asia/Jakarta,Forecast Redelong representative point. BMKG ADM4 reference: 11.17.05.2002 (Bale Redelong). Initial BMKG reference for catchment point Spatial role: provisional_catchment. Area analisis provisional; menunggu konfirmasi batas DAS resmi.,24-09-2026,BMKG,BMKG,yes,1.35,1.0,1.35,18,24,200,52,,,,
gpm3,GPM3,2026-09-24,11.17.05.2002,Bale Redelong,provisional_catchment,yes,4.815409756944025,97.009911990332,Asia/Jakarta,Forecast Redelong representative point. BMKG ADM4 reference: 11.17.05.2002 (Bale Redelong). Initial BMKG reference for catchment point Spatial role: provisional_catchment. Area analisis provisional; menunggu konfirmasi batas DAS resmi.,24-09-2026,CMA,Open-Meteo / CMA GRAPES,yes,1.0,1.0,1.0,24,24,200,580,,,,
gpm3,GPM3,2026-09-24,11.17.05.2002,Bale Redelong,provisional_catchment,yes,4.815409756944025,97.009911990332,Asia/Jakarta,Forecast Redelong representative point. BMKG ADM4 reference: 11.17.05.2002 (Bale Redelong). Initial BMKG reference for catchment point Spatial role: provisional_catchment. Area analisis provisional; menunggu konfirmasi batas DAS resmi.,24-09-2026,ECMWF,Open-Meteo / ECMWF,yes,1.0,1.0,1.0,24,24,200,560,,,,
gpm3,GPM3,2026-09-24,11.17.05.2002,Bale Redelong,provisional_catchment,yes,4.815409756944025,97.009911990332,Asia/Jakarta,Forecast Redelong representative point. BMKG ADM4 reference: 11.17.05.2002 (Bale Redelong). Initial BMKG reference for catchment point Spatial role: provisional_catchment. Area analisis provisional; menunggu konfirmasi batas DAS resmi.,24-09-2026,GFS,Open-Meteo / NOAA GFS,yes,1.0,1.0,1.0,24,24,200,572,,,,
gpm3,GPM3,2026-09-24,11.17.05.2002,Bale Redelong,provisional_catchment,yes,4.815409756944025,97.009911990332,Asia/Jakarta,Forecast Redelong representative point. BMKG ADM4 reference: 11.17.05.2002 (Bale Redelong). Initial BMKG reference for catchment point Spatial role: provisional_catchment. Area analisis provisional; menunggu konfirmasi batas DAS resmi.,24-09-2026,ICON,Open-Meteo / DWD ICON,yes,1.0,1.0,1.0,24,24,200,565,,,,
gpm3,GPM3,2026-09-24,11.17.05.2002,Bale Redelong,provisional_catchment,yes,4.815409756944025,97.009911990332,Asia/Jakarta,Forecast Redelong representative point. BMKG ADM4 reference: 11.17.05.2002 (Bale Redelong). Initial BMKG reference for catchment point Spatial role: provisional_catchment. Area analisis provisional; menunggu konfirmasi batas DAS resmi.,24-09-2026,METEOFRANCE,Open-Meteo / Meteo-France,yes,1.0,1.0,1.0,24,24,200,558,,,,
gpm3,GPM3,2026-09-24,11.17.05.2002,Bale Redelong,provisional_catchment,yes,4.815409756944025,97.009911990332,Asia/Jakarta,Forecast Redelong representative point. BMKG ADM4 reference: 11.17.05.2002 (Bale Redelong). Initial BMKG reference for catchment point Spatial role: provisional_catchment. Area analisis provisional; menunggu konfirmasi batas DAS resmi.,24-09-2026,UKMO,Open-Meteo / UK Met Office,yes,1.0,1.0,1.0,24,24,200,564,,,,
gpm3,GPM3,2026-09-25,11.17.05.2002,Bale Redelong,provisional_catchment,yes,4.815409756944025,97.009911990332,Asia/Jakarta,Forecast Redelong representative point. BMKG ADM4 reference: 11.17.05.2002 (Bale Redelong). Initial BMKG reference for catchment point Spatial role: provisional_catchment. Area analisis provisional; menunggu konfirmasi batas DAS resmi.,25-09-2026,BMKG,BMKG,yes,1.35,0.9869,1.3323,24,24,200,49,,,,
gpm3,GPM3,2026-09-25,11.17.05.2002,Bale Redelong,provisional_catchment,yes,4.815409756944025,97.009911990332,Asia/Jakarta,Forecast Redelong representative point. BMKG ADM4 reference: 11.17.05.2002 (Bale Redelong). Initial BMKG reference for catchment point Spatial role: provisional_catchment. Area analisis provisional; menunggu konfirmasi batas DAS resmi.,25-09-2026,CMA,Open-Meteo / CMA GRAPES,yes,1.0,1.0,1.0,24,24,200,558,,,,
gpm3,GPM3,2026-09-25,11.17.05.2002,Bale Redelong,provisional_catchment,yes,4.815409756944025,97.009911990332,Asia/Jakarta,Forecast Redelong representative point. BMKG ADM4 reference: 11.17.05.2002 (Bale Redelong). Initial BMKG reference for catchment point Spatial role: provisional_catchment. Area analisis provisional; menunggu konfirmasi batas DAS resmi.,25-09-2026,ECMWF,Open-Meteo / ECMWF,yes,1.0,1.0,1.0,24,24,200,561,,,,
gpm3,GPM3,2026-09-25,11.17.05.2002,Bale Redelong,provisional_catchment,yes,4.815409756944025,97.009911990332,Asia/Jakarta,Forecast Redelong representative point. BMKG ADM4 reference: 11.17.05.2002 (Bale Redelong). Initial BMKG reference for catchment point Spatial role: provisional_catchment. Area analisis provisional; menunggu konfirmasi batas DAS resmi.,25-09-2026,GFS,Open-Meteo / NOAA GFS,yes,1.0,1.0,1.0,24,24,200,558,,,,
gpm3,GPM3,2026-09-25,11.17.05.2002,Bale Redelong,provisional_catchment,yes,4.815409756944025,97.009911990332,Asia/Jakarta,Forecast Redelong representative point. BMKG ADM4 reference: 11.17.05.2002 (Bale Redelong). Initial BMKG reference for catchment point Spatial role: provisional_catchment. Area analisis provisional; menunggu konfirmasi batas DAS resmi.,25-09-2026,ICON,Open-Meteo / DWD ICON,yes,1.0,1.0,1.0,24,24,200,563,,,,
gpm3,GPM3,2026-09-25,11.17.05.2002,Bale Redelong,provisional_catchment,yes,4.815409756944025,97.009911990332,Asia/Jakarta,Forecast Redelong representative point. BMKG ADM4 reference: 11.17.05.2002 (Bale Redelong). Initial BMKG reference for catchment point Spatial role: provisional_catchment. Area analisis provisional; menunggu konfirmasi batas DAS resmi.,25-09-2026,METEOFRANCE,Open-Meteo / Meteo-France,yes,1.0,1.0,1.0,24,24,200,594,,,,
gpm3,GPM3,2026-09-25,11.17.05.2002,Bale Redelong,provisional_catchment,yes,4.815409756944025,97.009911990332,Asia/Jakarta,Forecast Redelong representative point. BMKG ADM4 reference: 11.17.05.2002 (Bale Redelong). Initial BMKG reference for catchment point Spatial role: provisional_catchment. Area analisis provisional; menunggu konfirmasi batas DAS resmi.,25-09-2026,UKMO,Open-Meteo / UK Met Office,yes,1.0,1.0,1.0,24,24,200,574,,,,
gpm3,GPM3,2026-09-26,11.17.05.2002,Bale Redelong,provisional_catchment,yes,4.815409756944025,97.009911990332,Asia/Jakarta,Forecast Redelong representative point. BMKG ADM4 reference: 11.17.05.2002 (Bale Redelong). Initial BMKG reference for catchment point Spatial role: provisional_catchment. Area analisis provisional; menunggu konfirmasi batas DAS resmi.,26-09-2026,BMKG,BMKG,yes,1.35,0.9915,1.3385,24,24,200,64,,,,
gpm3,GPM3,2026-09-26,11.17.05.2002,Bale Redelong,provisional_catchment,yes,4.815409756944025,97.009911990332,Asia/Jakarta,Forecast Redelong representative point. BMKG ADM4 reference: 11.17.05.2002 (Bale Redelong). Initial BMKG reference for catchment point Spatial role: provisional_catchment. Area analisis provisional; menunggu konfirmasi batas DAS resmi.,26-09-2026,CMA,Open-Meteo / CMA GRAPES,yes,1.0,1.0,1.0,24,24,200,572,,,,
gpm3,GPM3,2026-09-26,11.17.05.2002,Bale Redelong,provisional_catchment,yes,4.815409756944025,97.009911990332,Asia/Jakarta,Forecast Redelong representative point. BMKG ADM4 reference: 11.17.05.2002 (Bale Redelong). Initial BMKG reference for catchment point Spatial role: provisional_catchment. Area analisis provisional; menunggu konfirmasi batas DAS resmi.,26-09-2026,ECMWF,Open-Meteo / ECMWF,yes,1.0,1.0,1.0,24,24,200,570,,,,
gpm3,GPM3,2026-09-26,11.17.05.2002,Bale Redelong,provisional_catchment,yes,4.815409756944025,97.009911990332,Asia/Jakarta,Forecast Redelong representative point. BMKG ADM4 reference: 11.17.05.2002 (Bale Redelong). Initial BMKG reference for catchment point Spatial role: provisional_catchment. Area analisis provisional; menunggu konfirmasi batas DAS resmi.,26-09-2026,GFS,Open-Meteo / NOAA GFS,yes,1.0,1.0,1.0,24,24,200,562,,,,
gpm3,GPM3,2026-09-26,11.17.05.2002,Bale Redelong,provisional_catchment,yes,4.815409756944025,97.009911990332,Asia/Jakarta,Forecast Redelong representative point. BMKG ADM4 reference: 11.17.05.2002 (Bale Redelong). Initial BMKG reference for catchment point Spatial role: provisional_catchment. Area analisis provisional; menunggu konfirmasi batas DAS resmi.,26-09-2026,ICON,Open-Meteo / DWD ICON,yes,1.0,1.0,1.0,24,24,200,562,,,,
gpm3,GPM3,2026-09-26,11.17.05.2002,Bale Redelong,provisional_catchment,yes,4.815409756944025,97.009911990332,Asia/Jakarta,Forecast Redelong representative point. BMKG ADM4 reference: 11.17.05.2002 (Bale Redelong). Initial BMKG reference for catchment point Spatial role: provisional_catchment. Area analisis provisional; menunggu konfirmasi batas DAS resmi.,26-09-2026,METEOFRANCE,Open-Meteo / Meteo-France,yes,1.0,1.0,1.0,24,24,200,581,,,,
gpm3,GPM3,2026-09-26,11.17.05.2002,Bale Redelong,provisional_catchment,yes,4.815409756944025,97.009911990332,Asia/Jakarta,Forecast Redelong representative point. BMKG ADM4 reference: 11.17.05.2002 (Bale Redelong). Initial BMKG reference for catchment point Spatial role: provisional_catchment. Area analisis provisional; menunggu konfirmasi batas DAS resmi.,26-09-2026,UKMO,Open-Meteo / UK Met Office,yes,1.0,1.0,1.0,24,24,200,571,,,,
gpm3,GPM3,2026-09-27,11.17.05.2002,Bale Redelong,provisional_catchment,yes,4.815409756944025,97.009911990332,Asia/Jakarta,Forecast Redelong representative point. BMKG ADM4 reference: 11.17.05.2002 (Bale Redelong). Initial BMKG reference for catchment point Spatial role: provisional_catchment. Area analisis provisional; menunggu konfirmasi batas DAS resmi.,27-09-2026,BMKG,BMKG,no,1.35,0.9945,1.3426,0,24,,118,,,,BMKG tidak mengembalikan kandidat untuk target date
gpm3,GPM3,2026-09-27,11.17.05.2002,Bale Redelong,provisional_catchment,yes,4.815409756944025,97.009911990332,Asia/Jakarta,Forecast Redelong representative point. BMKG ADM4 reference: 11.17.05.2002 (Bale Redelong). Initial BMKG reference for catchment point Spatial role: provisional_catchment. Area analisis provisional; menunggu konfirmasi batas DAS resmi.,27-09-2026,CMA,Open-Meteo / CMA GRAPES,yes,1.0,1.0,1.0,24,24,200,564,,,,
gpm3,GPM3,2026-09-27,11.17.05.2002,Bale Redelong,provisional_catchment,yes,4.815409756944025,97.009911990332,Asia/Jakarta,Forecast Redelong representative point. BMKG ADM4 reference: 11.17.05.2002 (Bale Redelong). Initial BMKG reference for catchment point Spatial role: provisional_catchment. Area analisis provisional; menunggu konfirmasi batas DAS resmi.,27-09-2026,ECMWF,Open-Meteo / ECMWF,yes,1.0,1.0,1.0,24,24,200,565,,,,
gpm3,GPM3,2026-09-27,11.17.05.2002,Bale Redelong,provisional_catchment,yes,4.815409756944025,97.009911990332,Asia/Jakarta,Forecast Redelong representative point. BMKG ADM4 reference: 11.17.05.2002 (Bale Redelong). Initial BMKG reference for catchment point Spatial role: provisional_catchment. Area analisis provisional; menunggu konfirmasi batas DAS resmi.,27-09-2026,GFS,Open-Meteo / NOAA GFS,yes,1.0,1.0,1.0,24,24,200,605,,,,
gpm3,GPM3,2026-09-27,11.17.05.2002,Bale Redelong,provisional_catchment,yes,4.815409756944025,97.009911990332,Asia/Jakarta,Forecast Redelong representative point. BMKG ADM4 reference: 11.17.05.2002 (Bale Redelong). Initial BMKG reference for catchment point Spatial role: provisional_catchment. Area analisis provisional; menunggu konfirmasi batas DAS resmi.,27-09-2026,ICON,Open-Meteo / DWD ICON,yes,1.0,1.0,1.0,24,24,200,578,,,,
gpm3,GPM3,2026-09-27,11.17.05.2002,Bale Redelong,provisional_catchment,yes,4.815409756944025,97.009911990332,Asia/Jakarta,Forecast Redelong representative point. BMKG ADM4 reference: 11.17.05.2002 (Bale Redelong). Initial BMKG reference for catchment point Spatial role: provisional_catchment. Area analisis provisional; menunggu konfirmasi batas DAS resmi.,27-09-2026,METEOFRANCE,Open-Meteo / Meteo-France,yes,1.0,1.0,1.0,24,24,200,558,,,,
gpm3,GPM3,2026-09-27,11.17.05.2002,Bale Redelong,provisional_catchment,yes,4.815409756944025,97.009911990332,Asia/Jakarta,Forecast Redelong representative point. BMKG ADM4 reference: 11.17.05.2002 (Bale Redelong). Initial BMKG reference for catchment point Spatial role: provisional_catchment. Area analisis provisional; menunggu konfirmasi batas DAS resmi.,27-09-2026,UKMO,Open-Meteo / UK Met Office,yes,1.0,1.0,1.0,24,24,200,570,,,,
gpm4,GPM4,2026-09-24,11.17.05.2002,Bale Redelong,provisional_catchment,yes,4.778238355009202,96.8876539578458,Asia/Jakarta,Forecast Redelong representative point. BMKG ADM4 reference: 11.17.05.2002 (Bale Redelong). Initial BMKG reference for catchment point Spatial role: provisional_catchment. Area analisis provisional; menunggu konfirmasi batas DAS resmi.,24-09-2026,BMKG,BMKG,yes,1.35,1.0,1.35,18,24,200,47,,,,
gpm4,GPM4,2026-09-24,11.17.05.2002,Bale Redelong,provisional_catchment,yes,4.778238355009202,96.8876539578458,Asia/Jakarta,Forecast Redelong representative point. BMKG ADM4 reference: 11.17.05.2002 (Bale Redelong). Initial BMKG reference for catchment point Spatial role: provisional_catchment. Area analisis provisional; menunggu konfirmasi batas DAS resmi.,24-09-2026,CMA,Open-Meteo / CMA GRAPES,yes,1.0,1.0,1.0,24,24,200,549,,,,
gpm4,GPM4,2026-09-24,11.17.05.2002,Bale Redelong,provisional_catchment,yes,4.778238355009202,96.8876539578458,Asia/Jakarta,Forecast Redelong representative point. BMKG ADM4 reference: 11.17.05.2002 (Bale Redelong). Initial BMKG reference for catchment point Spatial role: provisional_catchment. Area analisis provisional; menunggu konfirmasi batas DAS resmi.,24-09-2026,ECMWF,Open-Meteo / ECMWF,yes,1.0,1.0,1.0,24,24,200,571,,,,
gpm4,GPM4,2026-09-24,11.17.05.2002,Bale Redelong,provisional_catchment,yes,4.778238355009202,96.8876539578458,Asia/Jakarta,Forecast Redelong representative point. BMKG ADM4 reference: 11.17.05.2002 (Bale Redelong). Initial BMKG reference for catchment point Spatial role: provisional_catchment. Area analisis provisional; menunggu konfirmasi batas DAS resmi.,24-09-2026,GFS,Open-Meteo / NOAA GFS,yes,1.0,1.0,1.0,24,24,200,564,,,,
gpm4,GPM4,2026-09-24,11.17.05.2002,Bale Redelong,provisional_catchment,yes,4.778238355009202,96.8876539578458,Asia/Jakarta,Forecast Redelong representative point. BMKG ADM4 reference: 11.17.05.2002 (Bale Redelong). Initial BMKG reference for catchment point Spatial role: provisional_catchment. Area analisis provisional; menunggu konfirmasi batas DAS resmi.,24-09-2026,ICON,Open-Meteo / DWD ICON,yes,1.0,1.0,1.0,24,24,200,563,,,,
gpm4,GPM4,2026-09-24,11.17.05.2002,Bale Redelong,provisional_catchment,yes,4.778238355009202,96.8876539578458,Asia/Jakarta,Forecast Redelong representative point. BMKG ADM4 reference: 11.17.05.2002 (Bale Redelong). Initial BMKG reference for catchment point Spatial role: provisional_catchment. Area analisis provisional; menunggu konfirmasi batas DAS resmi.,24-09-2026,METEOFRANCE,Open-Meteo / Meteo-France,yes,1.0,1.0,1.0,24,24,200,550,,,,
gpm4,GPM4,2026-09-24,11.17.05.2002,Bale Redelong,provisional_catchment,yes,4.778238355009202,96.8876539578458,Asia/Jakarta,Forecast Redelong representative point. BMKG ADM4 reference: 11.17.05.2002 (Bale Redelong). Initial BMKG reference for catchment point Spatial role: provisional_catchment. Area analisis provisional; menunggu konfirmasi batas DAS resmi.,24-09-2026,UKMO,Open-Meteo / UK Met Office,yes,1.0,1.0,1.0,24,24,200,548,,,,
gpm4,GPM4,2026-09-25,11.17.05.2002,Bale Redelong,provisional_catchment,yes,4.778238355009202,96.8876539578458,Asia/Jakarta,Forecast Redelong representative point. BMKG ADM4 reference: 11.17.05.2002 (Bale Redelong). Initial BMKG reference for catchment point Spatial role: provisional_catchment. Area analisis provisional; menunggu konfirmasi batas DAS resmi.,25-09-2026,BMKG,BMKG,yes,1.35,0.9869,1.3323,24,24,200,49,,,,
gpm4,GPM4,2026-09-25,11.17.05.2002,Bale Redelong,provisional_catchment,yes,4.778238355009202,96.8876539578458,Asia/Jakarta,Forecast Redelong representative point. BMKG ADM4 reference: 11.17.05.2002 (Bale Redelong). Initial BMKG reference for catchment point Spatial role: provisional_catchment. Area analisis provisional; menunggu konfirmasi batas DAS resmi.,25-09-2026,CMA,Open-Meteo / CMA GRAPES,yes,1.0,1.0,1.0,24,24,200,549,,,,
gpm4,GPM4,2026-09-25,11.17.05.2002,Bale Redelong,provisional_catchment,yes,4.778238355009202,96.8876539578458,Asia/Jakarta,Forecast Redelong representative point. BMKG ADM4 reference: 11.17.05.2002 (Bale Redelong). Initial BMKG reference for catchment point Spatial role: provisional_catchment. Area analisis provisional; menunggu konfirmasi batas DAS resmi.,25-09-2026,ECMWF,Open-Meteo / ECMWF,yes,1.0,1.0,1.0,24,24,200,545,,,,
gpm4,GPM4,2026-09-25,11.17.05.2002,Bale Redelong,provisional_catchment,yes,4.778238355009202,96.8876539578458,Asia/Jakarta,Forecast Redelong representative point. BMKG ADM4 reference: 11.17.05.2002 (Bale Redelong). Initial BMKG reference for catchment point Spatial role: provisional_catchment. Area analisis provisional; menunggu konfirmasi batas DAS resmi.,25-09-2026,GFS,Open-Meteo / NOAA GFS,yes,1.0,1.0,1.0,24,24,200,549,,,,
gpm4,GPM4,2026-09-25,11.17.05.2002,Bale Redelong,provisional_catchment,yes,4.778238355009202,96.8876539578458,Asia/Jakarta,Forecast Redelong representative point. BMKG ADM4 reference: 11.17.05.2002 (Bale Redelong). Initial BMKG reference for catchment point Spatial role: provisional_catchment. Area analisis provisional; menunggu konfirmasi batas DAS resmi.,25-09-2026,ICON,Open-Meteo / DWD ICON,yes,1.0,1.0,1.0,24,24,200,548,,,,
gpm4,GPM4,2026-09-25,11.17.05.2002,Bale Redelong,provisional_catchment,yes,4.778238355009202,96.8876539578458,Asia/Jakarta,Forecast Redelong representative point. BMKG ADM4 reference: 11.17.05.2002 (Bale Redelong). Initial BMKG reference for catchment point Spatial role: provisional_catchment. Area analisis provisional; menunggu konfirmasi batas DAS resmi.,25-09-2026,METEOFRANCE,Open-Meteo / Meteo-France,yes,1.0,1.0,1.0,24,24,200,553,,,,
gpm4,GPM4,2026-09-25,11.17.05.2002,Bale Redelong,provisional_catchment,yes,4.778238355009202,96.8876539578458,Asia/Jakarta,Forecast Redelong representative point. BMKG ADM4 reference: 11.17.05.2002 (Bale Redelong). Initial BMKG reference for catchment point Spatial role: provisional_catchment. Area analisis provisional; menunggu konfirmasi batas DAS resmi.,25-09-2026,UKMO,Open-Meteo / UK Met Office,yes,1.0,1.0,1.0,24,24,200,550,,,,
gpm4,GPM4,2026-09-26,11.17.05.2002,Bale Redelong,provisional_catchment,yes,4.778238355009202,96.8876539578458,Asia/Jakarta,Forecast Redelong representative point. BMKG ADM4 reference: 11.17.05.2002 (Bale Redelong). Initial BMKG reference for catchment point Spatial role: provisional_catchment. Area analisis provisional; menunggu konfirmasi batas DAS resmi.,26-09-2026,BMKG,BMKG,yes,1.35,0.9915,1.3385,24,24,200,57,,,,
gpm4,GPM4,2026-09-26,11.17.05.2002,Bale Redelong,provisional_catchment,yes,4.778238355009202,96.8876539578458,Asia/Jakarta,Forecast Redelong representative point. BMKG ADM4 reference: 11.17.05.2002 (Bale Redelong). Initial BMKG reference for catchment point Spatial role: provisional_catchment. Area analisis provisional; menunggu konfirmasi batas DAS resmi.,26-09-2026,CMA,Open-Meteo / CMA GRAPES,yes,1.0,1.0,1.0,24,24,200,554,,,,
gpm4,GPM4,2026-09-26,11.17.05.2002,Bale Redelong,provisional_catchment,yes,4.778238355009202,96.8876539578458,Asia/Jakarta,Forecast Redelong representative point. BMKG ADM4 reference: 11.17.05.2002 (Bale Redelong). Initial BMKG reference for catchment point Spatial role: provisional_catchment. Area analisis provisional; menunggu konfirmasi batas DAS resmi.,26-09-2026,ECMWF,Open-Meteo / ECMWF,yes,1.0,1.0,1.0,24,24,200,552,,,,
gpm4,GPM4,2026-09-26,11.17.05.2002,Bale Redelong,provisional_catchment,yes,4.778238355009202,96.8876539578458,Asia/Jakarta,Forecast Redelong representative point. BMKG ADM4 reference: 11.17.05.2002 (Bale Redelong). Initial BMKG reference for catchment point Spatial role: provisional_catchment. Area analisis provisional; menunggu konfirmasi batas DAS resmi.,26-09-2026,GFS,Open-Meteo / NOAA GFS,yes,1.0,1.0,1.0,24,24,200,548,,,,
gpm4,GPM4,2026-09-26,11.17.05.2002,Bale Redelong,provisional_catchment,yes,4.778238355009202,96.8876539578458,Asia/Jakarta,Forecast Redelong representative point. BMKG ADM4 reference: 11.17.05.2002 (Bale Redelong). Initial BMKG reference for catchment point Spatial role: provisional_catchment. Area analisis provisional; menunggu konfirmasi batas DAS resmi.,26-09-2026,ICON,Open-Meteo / DWD ICON,yes,1.0,1.0,1.0,24,24,200,553,,,,
gpm4,GPM4,2026-09-26,11.17.05.2002,Bale Redelong,provisional_catchment,yes,4.778238355009202,96.8876539578458,Asia/Jakarta,Forecast Redelong representative point. BMKG ADM4 reference: 11.17.05.2002 (Bale Redelong). Initial BMKG reference for catchment point Spatial role: provisional_catchment. Area analisis provisional; menunggu konfirmasi batas DAS resmi.,26-09-2026,METEOFRANCE,Open-Meteo / Meteo-France,yes,1.0,1.0,1.0,24,24,200,564,,,,
gpm4,GPM4,2026-09-26,11.17.05.2002,Bale Redelong,provisional_catchment,yes,4.778238355009202,96.8876539578458,Asia/Jakarta,Forecast Redelong representative point. BMKG ADM4 reference: 11.17.05.2002 (Bale Redelong). Initial BMKG reference for catchment point Spatial role: provisional_catchment. Area analisis provisional; menunggu konfirmasi batas DAS resmi.,26-09-2026,UKMO,Open-Meteo / UK Met Office,yes,1.0,1.0,1.0,24,24,200,546,,,,
gpm4,GPM4,2026-09-27,11.17.05.2002,Bale Redelong,provisional_catchment,yes,4.778238355009202,96.8876539578458,Asia/Jakarta,Forecast Redelong representative point. BMKG ADM4 reference: 11.17.05.2002 (Bale Redelong). Initial BMKG reference for catchment point Spatial role: provisional_catchment. Area analisis provisional; menunggu konfirmasi batas DAS resmi.,27-09-2026,BMKG,BMKG,no,1.35,0.9945,1.3426,0,24,,73,,,,BMKG tidak mengembalikan kandidat untuk target date
gpm4,GPM4,2026-09-27,11.17.05.2002,Bale Redelong,provisional_catchment,yes,4.778238355009202,96.8876539578458,Asia/Jakarta,Forecast Redelong representative point. BMKG ADM4 reference: 11.17.05.2002 (Bale Redelong). Initial BMKG reference for catchment point Spatial role: provisional_catchment. Area analisis provisional; menunggu konfirmasi batas DAS resmi.,27-09-2026,CMA,Open-Meteo / CMA GRAPES,yes,1.0,1.0,1.0,24,24,200,548,,,,
gpm4,GPM4,2026-09-27,11.17.05.2002,Bale Redelong,provisional_catchment,yes,4.778238355009202,96.8876539578458,Asia/Jakarta,Forecast Redelong representative point. BMKG ADM4 reference: 11.17.05.2002 (Bale Redelong). Initial BMKG reference for catchment point Spatial role: provisional_catchment. Area analisis provisional; menunggu konfirmasi batas DAS resmi.,27-09-2026,ECMWF,Open-Meteo / ECMWF,yes,1.0,1.0,1.0,24,24,200,548,,,,
gpm4,GPM4,2026-09-27,11.17.05.2002,Bale Redelong,provisional_catchment,yes,4.778238355009202,96.8876539578458,Asia/Jakarta,Forecast Redelong representative point. BMKG ADM4 reference: 11.17.05.2002 (Bale Redelong). Initial BMKG reference for catchment point Spatial role: provisional_catchment. Area analisis provisional; menunggu konfirmasi batas DAS resmi.,27-09-2026,GFS,Open-Meteo / NOAA GFS,yes,1.0,1.0,1.0,24,24,200,562,,,,
gpm4,GPM4,2026-09-27,11.17.05.2002,Bale Redelong,provisional_catchment,yes,4.778238355009202,96.8876539578458,Asia/Jakarta,Forecast Redelong representative point. BMKG ADM4 reference: 11.17.05.2002 (Bale Redelong). Initial BMKG reference for catchment point Spatial role: provisional_catchment. Area analisis provisional; menunggu konfirmasi batas DAS resmi.,27-09-2026,ICON,Open-Meteo / DWD ICON,yes,1.0,1.0,1.0,24,24,200,551,,,,
gpm4,GPM4,2026-09-27,11.17.05.2002,Bale Redelong,provisional_catchment,yes,4.778238355009202,96.8876539578458,Asia/Jakarta,Forecast Redelong representative point. BMKG ADM4 reference: 11.17.05.2002 (Bale Redelong). Initial BMKG reference for catchment point Spatial role: provisional_catchment. Area analisis provisional; menunggu konfirmasi batas DAS resmi.,27-09-2026,METEOFRANCE,Open-Meteo / Meteo-France,yes,1.0,1.0,1.0,24,24,200,549,,,,
gpm4,GPM4,2026-09-27,11.17.05.2002,Bale Redelong,provisional_catchment,yes,4.778238355009202,96.8876539578458,Asia/Jakarta,Forecast Redelong representative point. BMKG ADM4 reference: 11.17.05.2002 (Bale Redelong). Initial BMKG reference for catchment point Spatial role: provisional_catchment. Area analisis provisional; menunggu konfirmasi batas DAS resmi.,27-09-2026,UKMO,Open-Meteo / UK Met Office,yes,1.0,1.0,1.0,24,24,200,549,,,,
gpm5,GPM5,2026-09-24,11.17.05.2002,Bale Redelong,provisional_catchment,yes,4.767312077178135,96.94566692384144,Asia/Jakarta,Forecast Redelong representative point. BMKG ADM4 reference: 11.17.05.2002 (Bale Redelong). Initial BMKG reference for catchment point Spatial role: provisional_catchment. Area analisis provisional; menunggu konfirmasi batas DAS resmi.,24-09-2026,BMKG,BMKG,yes,1.35,1.0,1.35,18,24,200,75,,,,
gpm5,GPM5,2026-09-24,11.17.05.2002,Bale Redelong,provisional_catchment,yes,4.767312077178135,96.94566692384144,Asia/Jakarta,Forecast Redelong representative point. BMKG ADM4 reference: 11.17.05.2002 (Bale Redelong). Initial BMKG reference for catchment point Spatial role: provisional_catchment. Area analisis provisional; menunggu konfirmasi batas DAS resmi.,24-09-2026,CMA,Open-Meteo / CMA GRAPES,yes,1.0,1.0,1.0,24,24,200,545,,,,
gpm5,GPM5,2026-09-24,11.17.05.2002,Bale Redelong,provisional_catchment,yes,4.767312077178135,96.94566692384144,Asia/Jakarta,Forecast Redelong representative point. BMKG ADM4 reference: 11.17.05.2002 (Bale Redelong). Initial BMKG reference for catchment point Spatial role: provisional_catchment. Area analisis provisional; menunggu konfirmasi batas DAS resmi.,24-09-2026,ECMWF,Open-Meteo / ECMWF,yes,1.0,1.0,1.0,24,24,200,687,,,,
gpm5,GPM5,2026-09-24,11.17.05.2002,Bale Redelong,provisional_catchment,yes,4.767312077178135,96.94566692384144,Asia/Jakarta,Forecast Redelong representative point. BMKG ADM4 reference: 11.17.05.2002 (Bale Redelong). Initial BMKG reference for catchment point Spatial role: provisional_catchment. Area analisis provisional; menunggu konfirmasi batas DAS resmi.,24-09-2026,GFS,Open-Meteo / NOAA GFS,yes,1.0,1.0,1.0,24,24,200,640,,,,
gpm5,GPM5,2026-09-24,11.17.05.2002,Bale Redelong,provisional_catchment,yes,4.767312077178135,96.94566692384144,Asia/Jakarta,Forecast Redelong representative point. BMKG ADM4 reference: 11.17.05.2002 (Bale Redelong). Initial BMKG reference for catchment point Spatial role: provisional_catchment. Area analisis provisional; menunggu konfirmasi batas DAS resmi.,24-09-2026,ICON,Open-Meteo / DWD ICON,yes,1.0,1.0,1.0,24,24,200,567,,,,
gpm5,GPM5,2026-09-24,11.17.05.2002,Bale Redelong,provisional_catchment,yes,4.767312077178135,96.94566692384144,Asia/Jakarta,Forecast Redelong representative point. BMKG ADM4 reference: 11.17.05.2002 (Bale Redelong). Initial BMKG reference for catchment point Spatial role: provisional_catchment. Area analisis provisional; menunggu konfirmasi batas DAS resmi.,24-09-2026,METEOFRANCE,Open-Meteo / Meteo-France,yes,1.0,1.0,1.0,24,24,200,564,,,,
gpm5,GPM5,2026-09-24,11.17.05.2002,Bale Redelong,provisional_catchment,yes,4.767312077178135,96.94566692384144,Asia/Jakarta,Forecast Redelong representative point. BMKG ADM4 reference: 11.17.05.2002 (Bale Redelong). Initial BMKG reference for catchment point Spatial role: provisional_catchment. Area analisis provisional; menunggu konfirmasi batas DAS resmi.,24-09-2026,UKMO,Open-Meteo / UK Met Office,yes,1.0,1.0,1.0,24,24,200,562,,,,
gpm5,GPM5,2026-09-25,11.17.05.2002,Bale Redelong,provisional_catchment,yes,4.767312077178135,96.94566692384144,Asia/Jakarta,Forecast Redelong representative point. BMKG ADM4 reference: 11.17.05.2002 (Bale Redelong). Initial BMKG reference for catchment point Spatial role: provisional_catchment. Area analisis provisional; menunggu konfirmasi batas DAS resmi.,25-09-2026,BMKG,BMKG,yes,1.35,0.9869,1.3323,24,24,200,77,,,,
gpm5,GPM5,2026-09-25,11.17.05.2002,Bale Redelong,provisional_catchment,yes,4.767312077178135,96.94566692384144,Asia/Jakarta,Forecast Redelong representative point. BMKG ADM4 reference: 11.17.05.2002 (Bale Redelong). Initial BMKG reference for catchment point Spatial role: provisional_catchment. Area analisis provisional; menunggu konfirmasi batas DAS resmi.,25-09-2026,CMA,Open-Meteo / CMA GRAPES,yes,1.0,1.0,1.0,24,24,200,552,,,,
gpm5,GPM5,2026-09-25,11.17.05.2002,Bale Redelong,provisional_catchment,yes,4.767312077178135,96.94566692384144,Asia/Jakarta,Forecast Redelong representative point. BMKG ADM4 reference: 11.17.05.2002 (Bale Redelong). Initial BMKG reference for catchment point Spatial role: provisional_catchment. Area analisis provisional; menunggu konfirmasi batas DAS resmi.,25-09-2026,ECMWF,Open-Meteo / ECMWF,yes,1.0,1.0,1.0,24,24,200,546,,,,
gpm5,GPM5,2026-09-25,11.17.05.2002,Bale Redelong,provisional_catchment,yes,4.767312077178135,96.94566692384144,Asia/Jakarta,Forecast Redelong representative point. BMKG ADM4 reference: 11.17.05.2002 (Bale Redelong). Initial BMKG reference for catchment point Spatial role: provisional_catchment. Area analisis provisional; menunggu konfirmasi batas DAS resmi.,25-09-2026,GFS,Open-Meteo / NOAA GFS,yes,1.0,1.0,1.0,24,24,200,1035,,,,
gpm5,GPM5,2026-09-25,11.17.05.2002,Bale Redelong,provisional_catchment,yes,4.767312077178135,96.94566692384144,Asia/Jakarta,Forecast Redelong representative point. BMKG ADM4 reference: 11.17.05.2002 (Bale Redelong). Initial BMKG reference for catchment point Spatial role: provisional_catchment. Area analisis provisional; menunggu konfirmasi batas DAS resmi.,25-09-2026,ICON,Open-Meteo / DWD ICON,yes,1.0,1.0,1.0,24,24,200,555,,,,
gpm5,GPM5,2026-09-25,11.17.05.2002,Bale Redelong,provisional_catchment,yes,4.767312077178135,96.94566692384144,Asia/Jakarta,Forecast Redelong representative point. BMKG ADM4 reference: 11.17.05.2002 (Bale Redelong). Initial BMKG reference for catchment point Spatial role: provisional_catchment. Area analisis provisional; menunggu konfirmasi batas DAS resmi.,25-09-2026,METEOFRANCE,Open-Meteo / Meteo-France,yes,1.0,1.0,1.0,24,24,200,548,,,,
gpm5,GPM5,2026-09-25,11.17.05.2002,Bale Redelong,provisional_catchment,yes,4.767312077178135,96.94566692384144,Asia/Jakarta,Forecast Redelong representative point. BMKG ADM4 reference: 11.17.05.2002 (Bale Redelong). Initial BMKG reference for catchment point Spatial role: provisional_catchment. Area analisis provisional; menunggu konfirmasi batas DAS resmi.,25-09-2026,UKMO,Open-Meteo / UK Met Office,yes,1.0,1.0,1.0,24,24,200,1147,,,,
gpm5,GPM5,2026-09-26,11.17.05.2002,Bale Redelong,provisional_catchment,yes,4.767312077178135,96.94566692384144,Asia/Jakarta,Forecast Redelong representative point. BMKG ADM4 reference: 11.17.05.2002 (Bale Redelong). Initial BMKG reference for catchment point Spatial role: provisional_catchment. Area analisis provisional; menunggu konfirmasi batas DAS resmi.,26-09-2026,BMKG,BMKG,yes,1.35,0.9915,1.3385,24,24,200,119,,,,
gpm5,GPM5,2026-09-26,11.17.05.2002,Bale Redelong,provisional_catchment,yes,4.767312077178135,96.94566692384144,Asia/Jakarta,Forecast Redelong representative point. BMKG ADM4 reference: 11.17.05.2002 (Bale Redelong). Initial BMKG reference for catchment point Spatial role: provisional_catchment. Area analisis provisional; menunggu konfirmasi batas DAS resmi.,26-09-2026,CMA,Open-Meteo / CMA GRAPES,yes,1.0,1.0,1.0,24,24,200,616,,,,
gpm5,GPM5,2026-09-26,11.17.05.2002,Bale Redelong,provisional_catchment,yes,4.767312077178135,96.94566692384144,Asia/Jakarta,Forecast Redelong representative point. BMKG ADM4 reference: 11.17.05.2002 (Bale Redelong). Initial BMKG reference for catchment point Spatial role: provisional_catchment. Area analisis provisional; menunggu konfirmasi batas DAS resmi.,26-09-2026,ECMWF,Open-Meteo / ECMWF,yes,1.0,1.0,1.0,24,24,200,772,,,,
gpm5,GPM5,2026-09-26,11.17.05.2002,Bale Redelong,provisional_catchment,yes,4.767312077178135,96.94566692384144,Asia/Jakarta,Forecast Redelong representative point. BMKG ADM4 reference: 11.17.05.2002 (Bale Redelong). Initial BMKG reference for catchment point Spatial role: provisional_catchment. Area analisis provisional; menunggu konfirmasi batas DAS resmi.,26-09-2026,GFS,Open-Meteo / NOAA GFS,yes,1.0,1.0,1.0,24,24,200,582,,,,
gpm5,GPM5,2026-09-26,11.17.05.2002,Bale Redelong,provisional_catchment,yes,4.767312077178135,96.94566692384144,Asia/Jakarta,Forecast Redelong representative point. BMKG ADM4 reference: 11.17.05.2002 (Bale Redelong). Initial BMKG reference for catchment point Spatial role: provisional_catchment. Area analisis provisional; menunggu konfirmasi batas DAS resmi.,26-09-2026,ICON,Open-Meteo / DWD ICON,yes,1.0,1.0,1.0,24,24,200,749,,,,
gpm5,GPM5,2026-09-26,11.17.05.2002,Bale Redelong,provisional_catchment,yes,4.767312077178135,96.94566692384144,Asia/Jakarta,Forecast Redelong representative point. BMKG ADM4 reference: 11.17.05.2002 (Bale Redelong). Initial BMKG reference for catchment point Spatial role: provisional_catchment. Area analisis provisional; menunggu konfirmasi batas DAS resmi.,26-09-2026,METEOFRANCE,Open-Meteo / Meteo-France,yes,1.0,1.0,1.0,24,24,200,632,,,,
gpm5,GPM5,2026-09-26,11.17.05.2002,Bale Redelong,provisional_catchment,yes,4.767312077178135,96.94566692384144,Asia/Jakarta,Forecast Redelong representative point. BMKG ADM4 reference: 11.17.05.2002 (Bale Redelong). Initial BMKG reference for catchment point Spatial role: provisional_catchment. Area analisis provisional; menunggu konfirmasi batas DAS resmi.,26-09-2026,UKMO,Open-Meteo / UK Met Office,yes,1.0,1.0,1.0,24,24,200,576,,,,
gpm5,GPM5,2026-09-27,11.17.05.2002,Bale Redelong,provisional_catchment,yes,4.767312077178135,96.94566692384144,Asia/Jakarta,Forecast Redelong representative point. BMKG ADM4 reference: 11.17.05.2002 (Bale Redelong). Initial BMKG reference for catchment point Spatial role: provisional_catchment. Area analisis provisional; menunggu konfirmasi batas DAS resmi.,27-09-2026,BMKG,BMKG,no,1.35,0.9945,1.3426,0,24,,81,,,,BMKG tidak mengembalikan kandidat untuk target date
gpm5,GPM5,2026-09-27,11.17.05.2002,Bale Redelong,provisional_catchment,yes,4.767312077178135,96.94566692384144,Asia/Jakarta,Forecast Redelong representative point. BMKG ADM4 reference: 11.17.05.2002 (Bale Redelong). Initial BMKG reference for catchment point Spatial role: provisional_catchment. Area analisis provisional; menunggu konfirmasi batas DAS resmi.,27-09-2026,CMA,Open-Meteo / CMA GRAPES,yes,1.0,1.0,1.0,24,24,200,577,,,,
gpm5,GPM5,2026-09-27,11.17.05.2002,Bale Redelong,provisional_catchment,yes,4.767312077178135,96.94566692384144,Asia/Jakarta,Forecast Redelong representative point. BMKG ADM4 reference: 11.17.05.2002 (Bale Redelong). Initial BMKG reference for catchment point Spatial role: provisional_catchment. Area analisis provisional; menunggu konfirmasi batas DAS resmi.,27-09-2026,ECMWF,Open-Meteo / ECMWF,yes,1.0,1.0,1.0,24,24,200,560,,,,
gpm5,GPM5,2026-09-27,11.17.05.2002,Bale Redelong,provisional_catchment,yes,4.767312077178135,96.94566692384144,Asia/Jakarta,Forecast Redelong representative point. BMKG ADM4 reference: 11.17.05.2002 (Bale Redelong). Initial BMKG reference for catchment point Spatial role: provisional_catchment. Area analisis provisional; menunggu konfirmasi batas DAS resmi.,27-09-2026,GFS,Open-Meteo / NOAA GFS,yes,1.0,1.0,1.0,24,24,200,549,,,,
gpm5,GPM5,2026-09-27,11.17.05.2002,Bale Redelong,provisional_catchment,yes,4.767312077178135,96.94566692384144,Asia/Jakarta,Forecast Redelong representative point. BMKG ADM4 reference: 11.17.05.2002 (Bale Redelong). Initial BMKG reference for catchment point Spatial role: provisional_catchment. Area analisis provisional; menunggu konfirmasi batas DAS resmi.,27-09-2026,ICON,Open-Meteo / DWD ICON,yes,1.0,1.0,1.0,24,24,200,561,,,,
gpm5,GPM5,2026-09-27,11.17.05.2002,Bale Redelong,provisional_catchment,yes,4.767312077178135,96.94566692384144,Asia/Jakarta,Forecast Redelong representative point. BMKG ADM4 reference: 11.17.05.2002 (Bale Redelong). Initial BMKG reference for catchment point Spatial role: provisional_catchment. Area analisis provisional; menunggu konfirmasi batas DAS resmi.,27-09-2026,METEOFRANCE,Open-Meteo / Meteo-France,yes,1.0,1.0,1.0,24,24,200,548,,,,
gpm5,GPM5,2026-09-27,11.17.05.2002,Bale Redelong,provisional_catchment,yes,4.767312077178135,96.94566692384144,Asia/Jakarta,Forecast Redelong representative point. BMKG ADM4 reference: 11.17.05.2002 (Bale Redelong). Initial BMKG reference for catchment point Spatial role: provisional_catchment. Area analisis provisional; menunggu konfirmasi batas DAS resmi.,27-09-2026,UKMO,Open-Meteo / UK Met Office,yes,1.0,1.0,1.0,24,24,200,566,,,,
gpm6,GPM6,2026-09-24,11.17.05.2002,Bale Redelong,provisional_catchment,yes,4.796061970712406,97.0098682419131,Asia/Jakarta,Forecast Redelong representative point. BMKG ADM4 reference: 11.17.05.2002 (Bale Redelong). Initial BMKG reference for catchment point Spatial role: provisional_catchment. Area analisis provisional; menunggu konfirmasi batas DAS resmi.,24-09-2026,BMKG,BMKG,yes,1.35,1.0,1.35,18,24,200,96,,,,
gpm6,GPM6,2026-09-24,11.17.05.2002,Bale Redelong,provisional_catchment,yes,4.796061970712406,97.0098682419131,Asia/Jakarta,Forecast Redelong representative point. BMKG ADM4 reference: 11.17.05.2002 (Bale Redelong). Initial BMKG reference for catchment point Spatial role: provisional_catchment. Area analisis provisional; menunggu konfirmasi batas DAS resmi.,24-09-2026,CMA,Open-Meteo / CMA GRAPES,yes,1.0,1.0,1.0,24,24,200,550,,,,
gpm6,GPM6,2026-09-24,11.17.05.2002,Bale Redelong,provisional_catchment,yes,4.796061970712406,97.0098682419131,Asia/Jakarta,Forecast Redelong representative point. BMKG ADM4 reference: 11.17.05.2002 (Bale Redelong). Initial BMKG reference for catchment point Spatial role: provisional_catchment. Area analisis provisional; menunggu konfirmasi batas DAS resmi.,24-09-2026,ECMWF,Open-Meteo / ECMWF,yes,1.0,1.0,1.0,24,24,200,551,,,,
gpm6,GPM6,2026-09-24,11.17.05.2002,Bale Redelong,provisional_catchment,yes,4.796061970712406,97.0098682419131,Asia/Jakarta,Forecast Redelong representative point. BMKG ADM4 reference: 11.17.05.2002 (Bale Redelong). Initial BMKG reference for catchment point Spatial role: provisional_catchment. Area analisis provisional; menunggu konfirmasi batas DAS resmi.,24-09-2026,GFS,Open-Meteo / NOAA GFS,yes,1.0,1.0,1.0,24,24,200,550,,,,
gpm6,GPM6,2026-09-24,11.17.05.2002,Bale Redelong,provisional_catchment,yes,4.796061970712406,97.0098682419131,Asia/Jakarta,Forecast Redelong representative point. BMKG ADM4 reference: 11.17.05.2002 (Bale Redelong). Initial BMKG reference for catchment point Spatial role: provisional_catchment. Area analisis provisional; menunggu konfirmasi batas DAS resmi.,24-09-2026,ICON,Open-Meteo / DWD ICON,yes,1.0,1.0,1.0,24,24,200,545,,,,
gpm6,GPM6,2026-09-24,11.17.05.2002,Bale Redelong,provisional_catchment,yes,4.796061970712406,97.0098682419131,Asia/Jakarta,Forecast Redelong representative point. BMKG ADM4 reference: 11.17.05.2002 (Bale Redelong). Initial BMKG reference for catchment point Spatial role: provisional_catchment. Area analisis provisional; menunggu konfirmasi batas DAS resmi.,24-09-2026,METEOFRANCE,Open-Meteo / Meteo-France,yes,1.0,1.0,1.0,24,24,200,551,,,,
gpm6,GPM6,2026-09-24,11.17.05.2002,Bale Redelong,provisional_catchment,yes,4.796061970712406,97.0098682419131,Asia/Jakarta,Forecast Redelong representative point. BMKG ADM4 reference: 11.17.05.2002 (Bale Redelong). Initial BMKG reference for catchment point Spatial role: provisional_catchment. Area analisis provisional; menunggu konfirmasi batas DAS resmi.,24-09-2026,UKMO,Open-Meteo / UK Met Office,yes,1.0,1.0,1.0,24,24,200,547,,,,
gpm6,GPM6,2026-09-25,11.17.05.2002,Bale Redelong,provisional_catchment,yes,4.796061970712406,97.0098682419131,Asia/Jakarta,Forecast Redelong representative point. BMKG ADM4 reference: 11.17.05.2002 (Bale Redelong). Initial BMKG reference for catchment point Spatial role: provisional_catchment. Area analisis provisional; menunggu konfirmasi batas DAS resmi.,25-09-2026,BMKG,BMKG,yes,1.35,0.9869,1.3323,24,24,200,60,,,,
gpm6,GPM6,2026-09-25,11.17.05.2002,Bale Redelong,provisional_catchment,yes,4.796061970712406,97.0098682419131,Asia/Jakarta,Forecast Redelong representative point. BMKG ADM4 reference: 11.17.05.2002 (Bale Redelong). Initial BMKG reference for catchment point Spatial role: provisional_catchment. Area analisis provisional; menunggu konfirmasi batas DAS resmi.,25-09-2026,CMA,Open-Meteo / CMA GRAPES,yes,1.0,1.0,1.0,24,24,200,546,,,,
gpm6,GPM6,2026-09-25,11.17.05.2002,Bale Redelong,provisional_catchment,yes,4.796061970712406,97.0098682419131,Asia/Jakarta,Forecast Redelong representative point. BMKG ADM4 reference: 11.17.05.2002 (Bale Redelong). Initial BMKG reference for catchment point Spatial role: provisional_catchment. Area analisis provisional; menunggu konfirmasi batas DAS resmi.,25-09-2026,ECMWF,Open-Meteo / ECMWF,yes,1.0,1.0,1.0,24,24,200,546,,,,
gpm6,GPM6,2026-09-25,11.17.05.2002,Bale Redelong,provisional_catchment,yes,4.796061970712406,97.0098682419131,Asia/Jakarta,Forecast Redelong representative point. BMKG ADM4 reference: 11.17.05.2002 (Bale Redelong). Initial BMKG reference for catchment point Spatial role: provisional_catchment. Area analisis provisional; menunggu konfirmasi batas DAS resmi.,25-09-2026,GFS,Open-Meteo / NOAA GFS,yes,1.0,1.0,1.0,24,24,200,555,,,,
gpm6,GPM6,2026-09-25,11.17.05.2002,Bale Redelong,provisional_catchment,yes,4.796061970712406,97.0098682419131,Asia/Jakarta,Forecast Redelong representative point. BMKG ADM4 reference: 11.17.05.2002 (Bale Redelong). Initial BMKG reference for catchment point Spatial role: provisional_catchment. Area analisis provisional; menunggu konfirmasi batas DAS resmi.,25-09-2026,ICON,Open-Meteo / DWD ICON,yes,1.0,1.0,1.0,24,24,200,561,,,,
gpm6,GPM6,2026-09-25,11.17.05.2002,Bale Redelong,provisional_catchment,yes,4.796061970712406,97.0098682419131,Asia/Jakarta,Forecast Redelong representative point. BMKG ADM4 reference: 11.17.05.2002 (Bale Redelong). Initial BMKG reference for catchment point Spatial role: provisional_catchment. Area analisis provisional; menunggu konfirmasi batas DAS resmi.,25-09-2026,METEOFRANCE,Open-Meteo / Meteo-France,yes,1.0,1.0,1.0,24,24,200,548,,,,
gpm6,GPM6,2026-09-25,11.17.05.2002,Bale Redelong,provisional_catchment,yes,4.796061970712406,97.0098682419131,Asia/Jakarta,Forecast Redelong representative point. BMKG ADM4 reference: 11.17.05.2002 (Bale Redelong). Initial BMKG reference for catchment point Spatial role: provisional_catchment. Area analisis provisional; menunggu konfirmasi batas DAS resmi.,25-09-2026,UKMO,Open-Meteo / UK Met Office,yes,1.0,1.0,1.0,24,24,200,568,,,,
gpm6,GPM6,2026-09-26,11.17.05.2002,Bale Redelong,provisional_catchment,yes,4.796061970712406,97.0098682419131,Asia/Jakarta,Forecast Redelong representative point. BMKG ADM4 reference: 11.17.05.2002 (Bale Redelong). Initial BMKG reference for catchment point Spatial role: provisional_catchment. Area analisis provisional; menunggu konfirmasi batas DAS resmi.,26-09-2026,BMKG,BMKG,yes,1.35,0.9915,1.3385,24,24,200,57,,,,
gpm6,GPM6,2026-09-26,11.17.05.2002,Bale Redelong,provisional_catchment,yes,4.796061970712406,97.0098682419131,Asia/Jakarta,Forecast Redelong representative point. BMKG ADM4 reference: 11.17.05.2002 (Bale Redelong). Initial BMKG reference for catchment point Spatial role: provisional_catchment. Area analisis provisional; menunggu konfirmasi batas DAS resmi.,26-09-2026,CMA,Open-Meteo / CMA GRAPES,yes,1.0,1.0,1.0,24,24,200,547,,,,
gpm6,GPM6,2026-09-26,11.17.05.2002,Bale Redelong,provisional_catchment,yes,4.796061970712406,97.0098682419131,Asia/Jakarta,Forecast Redelong representative point. BMKG ADM4 reference: 11.17.05.2002 (Bale Redelong). Initial BMKG reference for catchment point Spatial role: provisional_catchment. Area analisis provisional; menunggu konfirmasi batas DAS resmi.,26-09-2026,ECMWF,Open-Meteo / ECMWF,yes,1.0,1.0,1.0,24,24,200,545,,,,
gpm6,GPM6,2026-09-26,11.17.05.2002,Bale Redelong,provisional_catchment,yes,4.796061970712406,97.0098682419131,Asia/Jakarta,Forecast Redelong representative point. BMKG ADM4 reference: 11.17.05.2002 (Bale Redelong). Initial BMKG reference for catchment point Spatial role: provisional_catchment. Area analisis provisional; menunggu konfirmasi batas DAS resmi.,26-09-2026,GFS,Open-Meteo / NOAA GFS,yes,1.0,1.0,1.0,24,24,200,547,,,,
gpm6,GPM6,2026-09-26,11.17.05.2002,Bale Redelong,provisional_catchment,yes,4.796061970712406,97.0098682419131,Asia/Jakarta,Forecast Redelong representative point. BMKG ADM4 reference: 11.17.05.2002 (Bale Redelong). Initial BMKG reference for catchment point Spatial role: provisional_catchment. Area analisis provisional; menunggu konfirmasi batas DAS resmi.,26-09-2026,ICON,Open-Meteo / DWD ICON,yes,1.0,1.0,1.0,24,24,200,551,,,,
gpm6,GPM6,2026-09-26,11.17.05.2002,Bale Redelong,provisional_catchment,yes,4.796061970712406,97.0098682419131,Asia/Jakarta,Forecast Redelong representative point. BMKG ADM4 reference: 11.17.05.2002 (Bale Redelong). Initial BMKG reference for catchment point Spatial role: provisional_catchment. Area analisis provisional; menunggu konfirmasi batas DAS resmi.,26-09-2026,METEOFRANCE,Open-Meteo / Meteo-France,yes,1.0,1.0,1.0,24,24,200,558,,,,
gpm6,GPM6,2026-09-26,11.17.05.2002,Bale Redelong,provisional_catchment,yes,4.796061970712406,97.0098682419131,Asia/Jakarta,Forecast Redelong representative point. BMKG ADM4 reference: 11.17.05.2002 (Bale Redelong). Initial BMKG reference for catchment point Spatial role: provisional_catchment. Area analisis provisional; menunggu konfirmasi batas DAS resmi.,26-09-2026,UKMO,Open-Meteo / UK Met Office,yes,1.0,1.0,1.0,24,24,200,552,,,,
gpm6,GPM6,2026-09-27,11.17.05.2002,Bale Redelong,provisional_catchment,yes,4.796061970712406,97.0098682419131,Asia/Jakarta,Forecast Redelong representative point. BMKG ADM4 reference: 11.17.05.2002 (Bale Redelong). Initial BMKG reference for catchment point Spatial role: provisional_catchment. Area analisis provisional; menunggu konfirmasi batas DAS resmi.,27-09-2026,BMKG,BMKG,no,1.35,0.9945,1.3426,0,24,,88,,,,BMKG tidak mengembalikan kandidat untuk target date
gpm6,GPM6,2026-09-27,11.17.05.2002,Bale Redelong,provisional_catchment,yes,4.796061970712406,97.0098682419131,Asia/Jakarta,Forecast Redelong representative point. BMKG ADM4 reference: 11.17.05.2002 (Bale Redelong). Initial BMKG reference for catchment point Spatial role: provisional_catchment. Area analisis provisional; menunggu konfirmasi batas DAS resmi.,27-09-2026,CMA,Open-Meteo / CMA GRAPES,yes,1.0,1.0,1.0,24,24,200,556,,,,
gpm6,GPM6,2026-09-27,11.17.05.2002,Bale Redelong,provisional_catchment,yes,4.796061970712406,97.0098682419131,Asia/Jakarta,Forecast Redelong representative point. BMKG ADM4 reference: 11.17.05.2002 (Bale Redelong). Initial BMKG reference for catchment point Spatial role: provisional_catchment. Area analisis provisional; menunggu konfirmasi batas DAS resmi.,27-09-2026,ECMWF,Open-Meteo / ECMWF,yes,1.0,1.0,1.0,24,24,200,546,,,,
gpm6,GPM6,2026-09-27,11.17.05.2002,Bale Redelong,provisional_catchment,yes,4.796061970712406,97.0098682419131,Asia/Jakarta,Forecast Redelong representative point. BMKG ADM4 reference: 11.17.05.2002 (Bale Redelong). Initial BMKG reference for catchment point Spatial role: provisional_catchment. Area analisis provisional; menunggu konfirmasi batas DAS resmi.,27-09-2026,GFS,Open-Meteo / NOAA GFS,yes,1.0,1.0,1.0,24,24,200,547,,,,
gpm6,GPM6,2026-09-27,11.17.05.2002,Bale Redelong,provisional_catchment,yes,4.796061970712406,97.0098682419131,Asia/Jakarta,Forecast Redelong representative point. BMKG ADM4 reference: 11.17.05.2002 (Bale Redelong). Initial BMKG reference for catchment point Spatial role: provisional_catchment. Area analisis provisional; menunggu konfirmasi batas DAS resmi.,27-09-2026,ICON,Open-Meteo / DWD ICON,yes,1.0,1.0,1.0,24,24,200,567,,,,
gpm6,GPM6,2026-09-27,11.17.05.2002,Bale Redelong,provisional_catchment,yes,4.796061970712406,97.0098682419131,Asia/Jakarta,Forecast Redelong representative point. BMKG ADM4 reference: 11.17.05.2002 (Bale Redelong). Initial BMKG reference for catchment point Spatial role: provisional_catchment. Area analisis provisional; menunggu konfirmasi batas DAS resmi.,27-09-2026,METEOFRANCE,Open-Meteo / Meteo-France,yes,1.0,1.0,1.0,24,24,200,549,,,,
gpm6,GPM6,2026-09-27,11.17.05.2002,Bale Redelong,provisional_catchment,yes,4.796061970712406,97.0098682419131,Asia/Jakarta,Forecast Redelong representative point. BMKG ADM4 reference: 11.17.05.2002 (Bale Redelong). Initial BMKG reference for catchment point Spatial role: provisional_catchment. Area analisis provisional; menunggu konfirmasi batas DAS resmi.,27-09-2026,UKMO,Open-Meteo / UK Met Office,yes,1.0,1.0,1.0,24,24,200,566,,,,
gpm_grid_tamatue,GPM Grid TamaTue,2026-09-24,11.17.05.2002,Bale Redelong,external_comparison,yes,4.649902718619309,96.85017949357464,Asia/Jakarta,Forecast Redelong representative point. BMKG ADM4 reference: 11.17.05.2002 (Bale Redelong). Initial BMKG reference for catchment grid Spatial role: external_comparison. Grid terpisah dan terlalu jauh untuk langsung diasumsikan berkontribusi; hanya titik pembanding sampai konektivitas DAS dikonfirmasi.,24-09-2026,BMKG,BMKG,yes,1.35,1.0,1.35,18,24,200,46,,,,
gpm_grid_tamatue,GPM Grid TamaTue,2026-09-24,11.17.05.2002,Bale Redelong,external_comparison,yes,4.649902718619309,96.85017949357464,Asia/Jakarta,Forecast Redelong representative point. BMKG ADM4 reference: 11.17.05.2002 (Bale Redelong). Initial BMKG reference for catchment grid Spatial role: external_comparison. Grid terpisah dan terlalu jauh untuk langsung diasumsikan berkontribusi; hanya titik pembanding sampai konektivitas DAS dikonfirmasi.,24-09-2026,CMA,Open-Meteo / CMA GRAPES,yes,1.0,1.0,1.0,24,24,200,549,,,,
gpm_grid_tamatue,GPM Grid TamaTue,2026-09-24,11.17.05.2002,Bale Redelong,external_comparison,yes,4.649902718619309,96.85017949357464,Asia/Jakarta,Forecast Redelong representative point. BMKG ADM4 reference: 11.17.05.2002 (Bale Redelong). Initial BMKG reference for catchment grid Spatial role: external_comparison. Grid terpisah dan terlalu jauh untuk langsung diasumsikan berkontribusi; hanya titik pembanding sampai konektivitas DAS dikonfirmasi.,24-09-2026,ECMWF,Open-Meteo / ECMWF,yes,1.0,1.0,1.0,24,24,200,547,,,,
gpm_grid_tamatue,GPM Grid TamaTue,2026-09-24,11.17.05.2002,Bale Redelong,external_comparison,yes,4.649902718619309,96.85017949357464,Asia/Jakarta,Forecast Redelong representative point. BMKG ADM4 reference: 11.17.05.2002 (Bale Redelong). Initial BMKG reference for catchment grid Spatial role: external_comparison. Grid terpisah dan terlalu jauh untuk langsung diasumsikan berkontribusi; hanya titik pembanding sampai konektivitas DAS dikonfirmasi.,24-09-2026,GFS,Open-Meteo / NOAA GFS,yes,1.0,1.0,1.0,24,24,200,573,,,,
gpm_grid_tamatue,GPM Grid TamaTue,2026-09-24,11.17.05.2002,Bale Redelong,external_comparison,yes,4.649902718619309,96.85017949357464,Asia/Jakarta,Forecast Redelong representative point. BMKG ADM4 reference: 11.17.05.2002 (Bale Redelong). Initial BMKG reference for catchment grid Spatial role: external_comparison. Grid terpisah dan terlalu jauh untuk langsung diasumsikan berkontribusi; hanya titik pembanding sampai konektivitas DAS dikonfirmasi.,24-09-2026,ICON,Open-Meteo / DWD ICON,yes,1.0,1.0,1.0,24,24,200,550,,,,
gpm_grid_tamatue,GPM Grid TamaTue,2026-09-24,11.17.05.2002,Bale Redelong,external_comparison,yes,4.649902718619309,96.85017949357464,Asia/Jakarta,Forecast Redelong representative point. BMKG ADM4 reference: 11.17.05.2002 (Bale Redelong). Initial BMKG reference for catchment grid Spatial role: external_comparison. Grid terpisah dan terlalu jauh untuk langsung diasumsikan berkontribusi; hanya titik pembanding sampai konektivitas DAS dikonfirmasi.,24-09-2026,METEOFRANCE,Open-Meteo / Meteo-France,yes,1.0,1.0,1.0,24,24,200,547,,,,
gpm_grid_tamatue,GPM Grid TamaTue,2026-09-24,11.17.05.2002,Bale Redelong,external_comparison,yes,4.649902718619309,96.85017949357464,Asia/Jakarta,Forecast Redelong representative point. BMKG ADM4 reference: 11.17.05.2002 (Bale Redelong). Initial BMKG reference for catchment grid Spatial role: external_comparison. Grid terpisah dan terlalu jauh untuk langsung diasumsikan berkontribusi; hanya titik pembanding sampai konektivitas DAS dikonfirmasi.,24-09-2026,UKMO,Open-Meteo / UK Met Office,yes,1.0,1.0,1.0,24,24,200,553,,,,
gpm_grid_tamatue,GPM Grid TamaTue,2026-09-25,11.17.05.2002,Bale Redelong,external_comparison,yes,4.649902718619309,96.85017949357464,Asia/Jakarta,Forecast Redelong representative point. BMKG ADM4 reference: 11.17.05.2002 (Bale Redelong). Initial BMKG reference for catchment grid Spatial role: external_comparison. Grid terpisah dan terlalu jauh untuk langsung diasumsikan berkontribusi; hanya titik pembanding sampai konektivitas DAS dikonfirmasi.,25-09-2026,BMKG,BMKG,yes,1.35,0.9869,1.3323,24,24,200,52,,,,
gpm_grid_tamatue,GPM Grid TamaTue,2026-09-25,11.17.05.2002,Bale Redelong,external_comparison,yes,4.649902718619309,96.85017949357464,Asia/Jakarta,Forecast Redelong representative point. BMKG ADM4 reference: 11.17.05.2002 (Bale Redelong). Initial BMKG reference for catchment grid Spatial role: external_comparison. Grid terpisah dan terlalu jauh untuk langsung diasumsikan berkontribusi; hanya titik pembanding sampai konektivitas DAS dikonfirmasi.,25-09-2026,CMA,Open-Meteo / CMA GRAPES,yes,1.0,1.0,1.0,24,24,200,549,,,,
gpm_grid_tamatue,GPM Grid TamaTue,2026-09-25,11.17.05.2002,Bale Redelong,external_comparison,yes,4.649902718619309,96.85017949357464,Asia/Jakarta,Forecast Redelong representative point. BMKG ADM4 reference: 11.17.05.2002 (Bale Redelong). Initial BMKG reference for catchment grid Spatial role: external_comparison. Grid terpisah dan terlalu jauh untuk langsung diasumsikan berkontribusi; hanya titik pembanding sampai konektivitas DAS dikonfirmasi.,25-09-2026,ECMWF,Open-Meteo / ECMWF,yes,1.0,1.0,1.0,24,24,200,547,,,,
gpm_grid_tamatue,GPM Grid TamaTue,2026-09-25,11.17.05.2002,Bale Redelong,external_comparison,yes,4.649902718619309,96.85017949357464,Asia/Jakarta,Forecast Redelong representative point. BMKG ADM4 reference: 11.17.05.2002 (Bale Redelong). Initial BMKG reference for catchment grid Spatial role: external_comparison. Grid terpisah dan terlalu jauh untuk langsung diasumsikan berkontribusi; hanya titik pembanding sampai konektivitas DAS dikonfirmasi.,25-09-2026,GFS,Open-Meteo / NOAA GFS,yes,1.0,1.0,1.0,24,24,200,548,,,,
gpm_grid_tamatue,GPM Grid TamaTue,2026-09-25,11.17.05.2002,Bale Redelong,external_comparison,yes,4.649902718619309,96.85017949357464,Asia/Jakarta,Forecast Redelong representative point. BMKG ADM4 reference: 11.17.05.2002 (Bale Redelong). Initial BMKG reference for catchment grid Spatial role: external_comparison. Grid terpisah dan terlalu jauh untuk langsung diasumsikan berkontribusi; hanya titik pembanding sampai konektivitas DAS dikonfirmasi.,25-09-2026,ICON,Open-Meteo / DWD ICON,yes,1.0,1.0,1.0,24,24,200,548,,,,
gpm_grid_tamatue,GPM Grid TamaTue,2026-09-25,11.17.05.2002,Bale Redelong,external_comparison,yes,4.649902718619309,96.85017949357464,Asia/Jakarta,Forecast Redelong representative point. BMKG ADM4 reference: 11.17.05.2002 (Bale Redelong). Initial BMKG reference for catchment grid Spatial role: external_comparison. Grid terpisah dan terlalu jauh untuk langsung diasumsikan berkontribusi; hanya titik pembanding sampai konektivitas DAS dikonfirmasi.,25-09-2026,METEOFRANCE,Open-Meteo / Meteo-France,yes,1.0,1.0,1.0,24,24,200,565,,,,
gpm_grid_tamatue,GPM Grid TamaTue,2026-09-25,11.17.05.2002,Bale Redelong,external_comparison,yes,4.649902718619309,96.85017949357464,Asia/Jakarta,Forecast Redelong representative point. BMKG ADM4 reference: 11.17.05.2002 (Bale Redelong). Initial BMKG reference for catchment grid Spatial role: external_comparison. Grid terpisah dan terlalu jauh untuk langsung diasumsikan berkontribusi; hanya titik pembanding sampai konektivitas DAS dikonfirmasi.,25-09-2026,UKMO,Open-Meteo / UK Met Office,yes,1.0,1.0,1.0,24,24,200,551,,,,
gpm_grid_tamatue,GPM Grid TamaTue,2026-09-26,11.17.05.2002,Bale Redelong,external_comparison,yes,4.649902718619309,96.85017949357464,Asia/Jakarta,Forecast Redelong representative point. BMKG ADM4 reference: 11.17.05.2002 (Bale Redelong). Initial BMKG reference for catchment grid Spatial role: external_comparison. Grid terpisah dan terlalu jauh untuk langsung diasumsikan berkontribusi; hanya titik pembanding sampai konektivitas DAS dikonfirmasi.,26-09-2026,BMKG,BMKG,yes,1.35,0.9915,1.3385,24,24,200,50,,,,
gpm_grid_tamatue,GPM Grid TamaTue,2026-09-26,11.17.05.2002,Bale Redelong,external_comparison,yes,4.649902718619309,96.85017949357464,Asia/Jakarta,Forecast Redelong representative point. BMKG ADM4 reference: 11.17.05.2002 (Bale Redelong). Initial BMKG reference for catchment grid Spatial role: external_comparison. Grid terpisah dan terlalu jauh untuk langsung diasumsikan berkontribusi; hanya titik pembanding sampai konektivitas DAS dikonfirmasi.,26-09-2026,CMA,Open-Meteo / CMA GRAPES,yes,1.0,1.0,1.0,24,24,200,553,,,,
gpm_grid_tamatue,GPM Grid TamaTue,2026-09-26,11.17.05.2002,Bale Redelong,external_comparison,yes,4.649902718619309,96.85017949357464,Asia/Jakarta,Forecast Redelong representative point. BMKG ADM4 reference: 11.17.05.2002 (Bale Redelong). Initial BMKG reference for catchment grid Spatial role: external_comparison. Grid terpisah dan terlalu jauh untuk langsung diasumsikan berkontribusi; hanya titik pembanding sampai konektivitas DAS dikonfirmasi.,26-09-2026,ECMWF,Open-Meteo / ECMWF,yes,1.0,1.0,1.0,24,24,200,680,,,,
gpm_grid_tamatue,GPM Grid TamaTue,2026-09-26,11.17.05.2002,Bale Redelong,external_comparison,yes,4.649902718619309,96.85017949357464,Asia/Jakarta,Forecast Redelong representative point. BMKG ADM4 reference: 11.17.05.2002 (Bale Redelong). Initial BMKG reference for catchment grid Spatial role: external_comparison. Grid terpisah dan terlalu jauh untuk langsung diasumsikan berkontribusi; hanya titik pembanding sampai konektivitas DAS dikonfirmasi.,26-09-2026,GFS,Open-Meteo / NOAA GFS,yes,1.0,1.0,1.0,24,24,200,546,,,,
gpm_grid_tamatue,GPM Grid TamaTue,2026-09-26,11.17.05.2002,Bale Redelong,external_comparison,yes,4.649902718619309,96.85017949357464,Asia/Jakarta,Forecast Redelong representative point. BMKG ADM4 reference: 11.17.05.2002 (Bale Redelong). Initial BMKG reference for catchment grid Spatial role: external_comparison. Grid terpisah dan terlalu jauh untuk langsung diasumsikan berkontribusi; hanya titik pembanding sampai konektivitas DAS dikonfirmasi.,26-09-2026,ICON,Open-Meteo / DWD ICON,yes,1.0,1.0,1.0,24,24,200,546,,,,
gpm_grid_tamatue,GPM Grid TamaTue,2026-09-26,11.17.05.2002,Bale Redelong,external_comparison,yes,4.649902718619309,96.85017949357464,Asia/Jakarta,Forecast Redelong representative point. BMKG ADM4 reference: 11.17.05.2002 (Bale Redelong). Initial BMKG reference for catchment grid Spatial role: external_comparison. Grid terpisah dan terlalu jauh untuk langsung diasumsikan berkontribusi; hanya titik pembanding sampai konektivitas DAS dikonfirmasi.,26-09-2026,METEOFRANCE,Open-Meteo / Meteo-France,yes,1.0,1.0,1.0,24,24,200,547,,,,
gpm_grid_tamatue,GPM Grid TamaTue,2026-09-26,11.17.05.2002,Bale Redelong,external_comparison,yes,4.649902718619309,96.85017949357464,Asia/Jakarta,Forecast Redelong representative point. BMKG ADM4 reference: 11.17.05.2002 (Bale Redelong). Initial BMKG reference for catchment grid Spatial role: external_comparison. Grid terpisah dan terlalu jauh untuk langsung diasumsikan berkontribusi; hanya titik pembanding sampai konektivitas DAS dikonfirmasi.,26-09-2026,UKMO,Open-Meteo / UK Met Office,yes,1.0,1.0,1.0,24,24,200,549,,,,
gpm_grid_tamatue,GPM Grid TamaTue,2026-09-27,11.17.05.2002,Bale Redelong,external_comparison,yes,4.649902718619309,96.85017949357464,Asia/Jakarta,Forecast Redelong representative point. BMKG ADM4 reference: 11.17.05.2002 (Bale Redelong). Initial BMKG reference for catchment grid Spatial role: external_comparison. Grid terpisah dan terlalu jauh untuk langsung diasumsikan berkontribusi; hanya titik pembanding sampai konektivitas DAS dikonfirmasi.,27-09-2026,BMKG,BMKG,no,1.35,0.9945,1.3426,0,24,,76,,,,BMKG tidak mengembalikan kandidat untuk target date
gpm_grid_tamatue,GPM Grid TamaTue,2026-09-27,11.17.05.2002,Bale Redelong,external_comparison,yes,4.649902718619309,96.85017949357464,Asia/Jakarta,Forecast Redelong representative point. BMKG ADM4 reference: 11.17.05.2002 (Bale Redelong). Initial BMKG reference for catchment grid Spatial role: external_comparison. Grid terpisah dan terlalu jauh untuk langsung diasumsikan berkontribusi; hanya titik pembanding sampai konektivitas DAS dikonfirmasi.,27-09-2026,CMA,Open-Meteo / CMA GRAPES,yes,1.0,1.0,1.0,24,24,200,548,,,,
gpm_grid_tamatue,GPM Grid TamaTue,2026-09-27,11.17.05.2002,Bale Redelong,external_comparison,yes,4.649902718619309,96.85017949357464,Asia/Jakarta,Forecast Redelong representative point. BMKG ADM4 reference: 11.17.05.2002 (Bale Redelong). Initial BMKG reference for catchment grid Spatial role: external_comparison. Grid terpisah dan terlalu jauh untuk langsung diasumsikan berkontribusi; hanya titik pembanding sampai konektivitas DAS dikonfirmasi.,27-09-2026,ECMWF,Open-Meteo / ECMWF,yes,1.0,1.0,1.0,24,24,200,548,,,,
gpm_grid_tamatue,GPM Grid TamaTue,2026-09-27,11.17.05.2002,Bale Redelong,external_comparison,yes,4.649902718619309,96.85017949357464,Asia/Jakarta,Forecast Redelong representative point. BMKG ADM4 reference: 11.17.05.2002 (Bale Redelong). Initial BMKG reference for catchment grid Spatial role: external_comparison. Grid terpisah dan terlalu jauh untuk langsung diasumsikan berkontribusi; hanya titik pembanding sampai konektivitas DAS dikonfirmasi.,27-09-2026,GFS,Open-Meteo / NOAA GFS,yes,1.0,1.0,1.0,24,24,200,563,,,,
gpm_grid_tamatue,GPM Grid TamaTue,2026-09-27,11.17.05.2002,Bale Redelong,external_comparison,yes,4.649902718619309,96.85017949357464,Asia/Jakarta,Forecast Redelong representative point. BMKG ADM4 reference: 11.17.05.2002 (Bale Redelong). Initial BMKG reference for catchment grid Spatial role: external_comparison. Grid terpisah dan terlalu jauh untuk langsung diasumsikan berkontribusi; hanya titik pembanding sampai konektivitas DAS dikonfirmasi.,27-09-2026,ICON,Open-Meteo / DWD ICON,yes,1.0,1.0,1.0,24,24,200,566,,,,
gpm_grid_tamatue,GPM Grid TamaTue,2026-09-27,11.17.05.2002,Bale Redelong,external_comparison,yes,4.649902718619309,96.85017949357464,Asia/Jakarta,Forecast Redelong representative point. BMKG ADM4 reference: 11.17.05.2002 (Bale Redelong). Initial BMKG reference for catchment grid Spatial role: external_comparison. Grid terpisah dan terlalu jauh untuk langsung diasumsikan berkontribusi; hanya titik pembanding sampai konektivitas DAS dikonfirmasi.,27-09-2026,METEOFRANCE,Open-Meteo / Meteo-France,yes,1.0,1.0,1.0,24,24,200,546,,,,
gpm_grid_tamatue,GPM Grid TamaTue,2026-09-27,11.17.05.2002,Bale Redelong,external_comparison,yes,4.649902718619309,96.85017949357464,Asia/Jakarta,Forecast Redelong representative point. BMKG ADM4 reference: 11.17.05.2002 (Bale Redelong). Initial BMKG reference for catchment grid Spatial role: external_comparison. Grid terpisah dan terlalu jauh untuk langsung diasumsikan berkontribusi; hanya titik pembanding sampai konektivitas DAS dikonfirmasi.,27-09-2026,UKMO,Open-Meteo / UK Met Office,yes,1.0,1.0,1.0,24,24,200,549,,,,
pltm_besai_kemu,PLTM Besai Kemu,2026-09-24,18.08.03.2017,Kemu,independent_site_reference,yes,-4.862591667,104.500497222,Asia/Jakarta,PLTM Besai Kemu forecast reference. BMKG ADM4 reference: 18.08.03.2017. Coordinate status: engineering_document_reference_operational_asset_confirmed.,24-09-2026,BMKG,BMKG,yes,1.35,1.0,1.35,18,24,200,769,,,,
pltm_besai_kemu,PLTM Besai Kemu,2026-09-24,18.08.03.2017,Kemu,independent_site_reference,yes,-4.862591667,104.500497222,Asia/Jakarta,PLTM Besai Kemu forecast reference. BMKG ADM4 reference: 18.08.03.2017. Coordinate status: engineering_document_reference_operational_asset_confirmed.,24-09-2026,CMA,Open-Meteo / CMA GRAPES,yes,1.0,1.0,1.0,24,24,200,571,,,,
pltm_besai_kemu,PLTM Besai Kemu,2026-09-24,18.08.03.2017,Kemu,independent_site_reference,yes,-4.862591667,104.500497222,Asia/Jakarta,PLTM Besai Kemu forecast reference. BMKG ADM4 reference: 18.08.03.2017. Coordinate status: engineering_document_reference_operational_asset_confirmed.,24-09-2026,ECMWF,Open-Meteo / ECMWF,yes,1.0,1.0,1.0,24,24,200,565,,,,
pltm_besai_kemu,PLTM Besai Kemu,2026-09-24,18.08.03.2017,Kemu,independent_site_reference,yes,-4.862591667,104.500497222,Asia/Jakarta,PLTM Besai Kemu forecast reference. BMKG ADM4 reference: 18.08.03.2017. Coordinate status: engineering_document_reference_operational_asset_confirmed.,24-09-2026,GFS,Open-Meteo / NOAA GFS,yes,1.0,1.0,1.0,24,24,200,545,,,,
pltm_besai_kemu,PLTM Besai Kemu,2026-09-24,18.08.03.2017,Kemu,independent_site_reference,yes,-4.862591667,104.500497222,Asia/Jakarta,PLTM Besai Kemu forecast reference. BMKG ADM4 reference: 18.08.03.2017. Coordinate status: engineering_document_reference_operational_asset_confirmed.,24-09-2026,ICON,Open-Meteo / DWD ICON,yes,1.0,1.0,1.0,24,24,200,548,,,,
pltm_besai_kemu,PLTM Besai Kemu,2026-09-24,18.08.03.2017,Kemu,independent_site_reference,yes,-4.862591667,104.500497222,Asia/Jakarta,PLTM Besai Kemu forecast reference. BMKG ADM4 reference: 18.08.03.2017. Coordinate status: engineering_document_reference_operational_asset_confirmed.,24-09-2026,METEOFRANCE,Open-Meteo / Meteo-France,yes,1.0,1.0,1.0,24,24,200,568,,,,
pltm_besai_kemu,PLTM Besai Kemu,2026-09-24,18.08.03.2017,Kemu,independent_site_reference,yes,-4.862591667,104.500497222,Asia/Jakarta,PLTM Besai Kemu forecast reference. BMKG ADM4 reference: 18.08.03.2017. Coordinate status: engineering_document_reference_operational_asset_confirmed.,24-09-2026,UKMO,Open-Meteo / UK Met Office,yes,1.0,1.0,1.0,24,24,200,563,,,,
pltm_besai_kemu,PLTM Besai Kemu,2026-09-25,18.08.03.2017,Kemu,independent_site_reference,yes,-4.862591667,104.500497222,Asia/Jakarta,PLTM Besai Kemu forecast reference. BMKG ADM4 reference: 18.08.03.2017. Coordinate status: engineering_document_reference_operational_asset_confirmed.,25-09-2026,BMKG,BMKG,yes,1.35,0.9869,1.3323,24,24,200,49,,,,
pltm_besai_kemu,PLTM Besai Kemu,2026-09-25,18.08.03.2017,Kemu,independent_site_reference,yes,-4.862591667,104.500497222,Asia/Jakarta,PLTM Besai Kemu forecast reference. BMKG ADM4 reference: 18.08.03.2017. Coordinate status: engineering_document_reference_operational_asset_confirmed.,25-09-2026,CMA,Open-Meteo / CMA GRAPES,yes,1.0,1.0,1.0,24,24,200,545,,,,
pltm_besai_kemu,PLTM Besai Kemu,2026-09-25,18.08.03.2017,Kemu,independent_site_reference,yes,-4.862591667,104.500497222,Asia/Jakarta,PLTM Besai Kemu forecast reference. BMKG ADM4 reference: 18.08.03.2017. Coordinate status: engineering_document_reference_operational_asset_confirmed.,25-09-2026,ECMWF,Open-Meteo / ECMWF,yes,1.0,1.0,1.0,24,24,200,577,,,,
pltm_besai_kemu,PLTM Besai Kemu,2026-09-25,18.08.03.2017,Kemu,independent_site_reference,yes,-4.862591667,104.500497222,Asia/Jakarta,PLTM Besai Kemu forecast reference. BMKG ADM4 reference: 18.08.03.2017. Coordinate status: engineering_document_reference_operational_asset_confirmed.,25-09-2026,GFS,Open-Meteo / NOAA GFS,yes,1.0,1.0,1.0,24,24,200,546,,,,
pltm_besai_kemu,PLTM Besai Kemu,2026-09-25,18.08.03.2017,Kemu,independent_site_reference,yes,-4.862591667,104.500497222,Asia/Jakarta,PLTM Besai Kemu forecast reference. BMKG ADM4 reference: 18.08.03.2017. Coordinate status: engineering_document_reference_operational_asset_confirmed.,25-09-2026,ICON,Open-Meteo / DWD ICON,yes,1.0,1.0,1.0,24,24,200,547,,,,
pltm_besai_kemu,PLTM Besai Kemu,2026-09-25,18.08.03.2017,Kemu,independent_site_reference,yes,-4.862591667,104.500497222,Asia/Jakarta,PLTM Besai Kemu forecast reference. BMKG ADM4 reference: 18.08.03.2017. Coordinate status: engineering_document_reference_operational_asset_confirmed.,25-09-2026,METEOFRANCE,Open-Meteo / Meteo-France,yes,1.0,1.0,1.0,24,24,200,549,,,,
pltm_besai_kemu,PLTM Besai Kemu,2026-09-25,18.08.03.2017,Kemu,independent_site_reference,yes,-4.862591667,104.500497222,Asia/Jakarta,PLTM Besai Kemu forecast reference. BMKG ADM4 reference: 18.08.03.2017. Coordinate status: engineering_document_reference_operational_asset_confirmed.,25-09-2026,UKMO,Open-Meteo / UK Met Office,yes,1.0,1.0,1.0,24,24,200,549,,,,
pltm_besai_kemu,PLTM Besai Kemu,2026-09-26,18.08.03.2017,Kemu,independent_site_reference,yes,-4.862591667,104.500497222,Asia/Jakarta,PLTM Besai Kemu forecast reference. BMKG ADM4 reference: 18.08.03.2017. Coordinate status: engineering_document_reference_operational_asset_confirmed.,26-09-2026,BMKG,BMKG,yes,1.35,0.9915,1.3385,24,24,200,45,,,,
pltm_besai_kemu,PLTM Besai Kemu,2026-09-26,18.08.03.2017,Kemu,independent_site_reference,yes,-4.862591667,104.500497222,Asia/Jakarta,PLTM Besai Kemu forecast reference. BMKG ADM4 reference: 18.08.03.2017. Coordinate status: engineering_document_reference_operational_asset_confirmed.,26-09-2026,CMA,Open-Meteo / CMA GRAPES,yes,1.0,1.0,1.0,24,24,200,559,,,,
pltm_besai_kemu,PLTM Besai Kemu,2026-09-26,18.08.03.2017,Kemu,independent_site_reference,yes,-4.862591667,104.500497222,Asia/Jakarta,PLTM Besai Kemu forecast reference. BMKG ADM4 reference: 18.08.03.2017. Coordinate status: engineering_document_reference_operational_asset_confirmed.,26-09-2026,ECMWF,Open-Meteo / ECMWF,yes,1.0,1.0,1.0,24,24,200,547,,,,
pltm_besai_kemu,PLTM Besai Kemu,2026-09-26,18.08.03.2017,Kemu,independent_site_reference,yes,-4.862591667,104.500497222,Asia/Jakarta,PLTM Besai Kemu forecast reference. BMKG ADM4 reference: 18.08.03.2017. Coordinate status: engineering_document_reference_operational_asset_confirmed.,26-09-2026,GFS,Open-Meteo / NOAA GFS,yes,1.0,1.0,1.0,24,24,200,565,,,,
pltm_besai_kemu,PLTM Besai Kemu,2026-09-26,18.08.03.2017,Kemu,independent_site_reference,yes,-4.862591667,104.500497222,Asia/Jakarta,PLTM Besai Kemu forecast reference. BMKG ADM4 reference: 18.08.03.2017. Coordinate status: engineering_document_reference_operational_asset_confirmed.,26-09-2026,ICON,Open-Meteo / DWD ICON,yes,1.0,1.0,1.0,24,24,200,545,,,,
pltm_besai_kemu,PLTM Besai Kemu,2026-09-26,18.08.03.2017,Kemu,independent_site_reference,yes,-4.862591667,104.500497222,Asia/Jakarta,PLTM Besai Kemu forecast reference. BMKG ADM4 reference: 18.08.03.2017. Coordinate status: engineering_document_reference_operational_asset_confirmed.,26-09-2026,METEOFRANCE,Open-Meteo / Meteo-France,yes,1.0,1.0,1.0,24,24,200,551,,,,
pltm_besai_kemu,PLTM Besai Kemu,2026-09-26,18.08.03.2017,Kemu,independent_site_reference,yes,-4.862591667,104.500497222,Asia/Jakarta,PLTM Besai Kemu forecast reference. BMKG ADM4 reference: 18.08.03.2017. Coordinate status: engineering_document_reference_operational_asset_confirmed.,26-09-2026,UKMO,Open-Meteo / UK Met Office,yes,1.0,1.0,1.0,24,24,200,548,,,,
pltm_besai_kemu,PLTM Besai Kemu,2026-09-27,18.08.03.2017,Kemu,independent_site_reference,yes,-4.862591667,104.500497222,Asia/Jakarta,PLTM Besai Kemu forecast reference. BMKG ADM4 reference: 18.08.03.2017. Coordinate status: engineering_document_reference_operational_asset_confirmed.,27-09-2026,BMKG,BMKG,no,1.35,0.9945,1.3426,0,24,,75,,,,BMKG tidak mengembalikan kandidat untuk target date
pltm_besai_kemu,PLTM Besai Kemu,2026-09-27,18.08.03.2017,Kemu,independent_site_reference,yes,-4.862591667,104.500497222,Asia/Jakarta,PLTM Besai Kemu forecast reference. BMKG ADM4 reference: 18.08.03.2017. Coordinate status: engineering_document_reference_operational_asset_confirmed.,27-09-2026,CMA,Open-Meteo / CMA GRAPES,yes,1.0,1.0,1.0,24,24,200,549,,,,
pltm_besai_kemu,PLTM Besai Kemu,2026-09-27,18.08.03.2017,Kemu,independent_site_reference,yes,-4.862591667,104.500497222,Asia/Jakarta,PLTM Besai Kemu forecast reference. BMKG ADM4 reference: 18.08.03.2017. Coordinate status: engineering_document_reference_operational_asset_confirmed.,27-09-2026,ECMWF,Open-Meteo / ECMWF,yes,1.0,1.0,1.0,24,24,200,550,,,,
pltm_besai_kemu,PLTM Besai Kemu,2026-09-27,18.08.03.2017,Kemu,independent_site_reference,yes,-4.862591667,104.500497222,Asia/Jakarta,PLTM Besai Kemu forecast reference. BMKG ADM4 reference: 18.08.03.2017. Coordinate status: engineering_document_reference_operational_asset_confirmed.,27-09-2026,GFS,Open-Meteo / NOAA GFS,yes,1.0,1.0,1.0,24,24,200,546,,,,
pltm_besai_kemu,PLTM Besai Kemu,2026-09-27,18.08.03.2017,Kemu,independent_site_reference,yes,-4.862591667,104.500497222,Asia/Jakarta,PLTM Besai Kemu forecast reference. BMKG ADM4 reference: 18.08.03.2017. Coordinate status: engineering_document_reference_operational_asset_confirmed.,27-09-2026,ICON,Open-Meteo / DWD ICON,yes,1.0,1.0,1.0,24,24,200,548,,,,
pltm_besai_kemu,PLTM Besai Kemu,2026-09-27,18.08.03.2017,Kemu,independent_site_reference,yes,-4.862591667,104.500497222,Asia/Jakarta,PLTM Besai Kemu forecast reference. BMKG ADM4 reference: 18.08.03.2017. Coordinate status: engineering_document_reference_operational_asset_confirmed.,27-09-2026,METEOFRANCE,Open-Meteo / Meteo-France,yes,1.0,1.0,1.0,24,24,200,550,,,,
pltm_besai_kemu,PLTM Besai Kemu,2026-09-27,18.08.03.2017,Kemu,independent_site_reference,yes,-4.862591667,104.500497222,Asia/Jakarta,PLTM Besai Kemu forecast reference. BMKG ADM4 reference: 18.08.03.2017. Coordinate status: engineering_document_reference_operational_asset_confirmed.,27-09-2026,UKMO,Open-Meteo / UK Met Office,yes,1.0,1.0,1.0,24,24,200,547,,,,
pltm_besai_kemu_headpond,Headpond Besai Kemu,2026-09-24,18.08.03.2017,Kemu,independent_site_engineering_point,yes,-4.839133333,104.509577778,Asia/Jakarta,Headpond Besai Kemu engineering forecast reference for PLTM Besai Kemu. The catchment polygon remains pending.,24-09-2026,BMKG,BMKG,yes,1.35,1.0,1.35,18,24,200,51,,,,
pltm_besai_kemu_headpond,Headpond Besai Kemu,2026-09-24,18.08.03.2017,Kemu,independent_site_engineering_point,yes,-4.839133333,104.509577778,Asia/Jakarta,Headpond Besai Kemu engineering forecast reference for PLTM Besai Kemu. The catchment polygon remains pending.,24-09-2026,CMA,Open-Meteo / CMA GRAPES,yes,1.0,1.0,1.0,24,24,200,566,,,,
pltm_besai_kemu_headpond,Headpond Besai Kemu,2026-09-24,18.08.03.2017,Kemu,independent_site_engineering_point,yes,-4.839133333,104.509577778,Asia/Jakarta,Headpond Besai Kemu engineering forecast reference for PLTM Besai Kemu. The catchment polygon remains pending.,24-09-2026,ECMWF,Open-Meteo / ECMWF,yes,1.0,1.0,1.0,24,24,200,556,,,,
pltm_besai_kemu_headpond,Headpond Besai Kemu,2026-09-24,18.08.03.2017,Kemu,independent_site_engineering_point,yes,-4.839133333,104.509577778,Asia/Jakarta,Headpond Besai Kemu engineering forecast reference for PLTM Besai Kemu. The catchment polygon remains pending.,24-09-2026,GFS,Open-Meteo / NOAA GFS,yes,1.0,1.0,1.0,24,24,200,568,,,,
pltm_besai_kemu_headpond,Headpond Besai Kemu,2026-09-24,18.08.03.2017,Kemu,independent_site_engineering_point,yes,-4.839133333,104.509577778,Asia/Jakarta,Headpond Besai Kemu engineering forecast reference for PLTM Besai Kemu. The catchment polygon remains pending.,24-09-2026,ICON,Open-Meteo / DWD ICON,yes,1.0,1.0,1.0,24,24,200,568,,,,
pltm_besai_kemu_headpond,Headpond Besai Kemu,2026-09-24,18.08.03.2017,Kemu,independent_site_engineering_point,yes,-4.839133333,104.509577778,Asia/Jakarta,Headpond Besai Kemu engineering forecast reference for PLTM Besai Kemu. The catchment polygon remains pending.,24-09-2026,METEOFRANCE,Open-Meteo / Meteo-France,yes,1.0,1.0,1.0,24,24,200,565,,,,
pltm_besai_kemu_headpond,Headpond Besai Kemu,2026-09-24,18.08.03.2017,Kemu,independent_site_engineering_point,yes,-4.839133333,104.509577778,Asia/Jakarta,Headpond Besai Kemu engineering forecast reference for PLTM Besai Kemu. The catchment polygon remains pending.,24-09-2026,UKMO,Open-Meteo / UK Met Office,yes,1.0,1.0,1.0,24,24,200,583,,,,
pltm_besai_kemu_headpond,Headpond Besai Kemu,2026-09-25,18.08.03.2017,Kemu,independent_site_engineering_point,yes,-4.839133333,104.509577778,Asia/Jakarta,Headpond Besai Kemu engineering forecast reference for PLTM Besai Kemu. The catchment polygon remains pending.,25-09-2026,BMKG,BMKG,yes,1.35,0.9869,1.3323,24,24,200,55,,,,
pltm_besai_kemu_headpond,Headpond Besai Kemu,2026-09-25,18.08.03.2017,Kemu,independent_site_engineering_point,yes,-4.839133333,104.509577778,Asia/Jakarta,Headpond Besai Kemu engineering forecast reference for PLTM Besai Kemu. The catchment polygon remains pending.,25-09-2026,CMA,Open-Meteo / CMA GRAPES,yes,1.0,1.0,1.0,24,24,200,568,,,,
pltm_besai_kemu_headpond,Headpond Besai Kemu,2026-09-25,18.08.03.2017,Kemu,independent_site_engineering_point,yes,-4.839133333,104.509577778,Asia/Jakarta,Headpond Besai Kemu engineering forecast reference for PLTM Besai Kemu. The catchment polygon remains pending.,25-09-2026,ECMWF,Open-Meteo / ECMWF,yes,1.0,1.0,1.0,24,24,200,565,,,,
pltm_besai_kemu_headpond,Headpond Besai Kemu,2026-09-25,18.08.03.2017,Kemu,independent_site_engineering_point,yes,-4.839133333,104.509577778,Asia/Jakarta,Headpond Besai Kemu engineering forecast reference for PLTM Besai Kemu. The catchment polygon remains pending.,25-09-2026,GFS,Open-Meteo / NOAA GFS,yes,1.0,1.0,1.0,24,24,200,546,,,,
pltm_besai_kemu_headpond,Headpond Besai Kemu,2026-09-25,18.08.03.2017,Kemu,independent_site_engineering_point,yes,-4.839133333,104.509577778,Asia/Jakarta,Headpond Besai Kemu engineering forecast reference for PLTM Besai Kemu. The catchment polygon remains pending.,25-09-2026,ICON,Open-Meteo / DWD ICON,yes,1.0,1.0,1.0,24,24,200,568,,,,
pltm_besai_kemu_headpond,Headpond Besai Kemu,2026-09-25,18.08.03.2017,Kemu,independent_site_engineering_point,yes,-4.839133333,104.509577778,Asia/Jakarta,Headpond Besai Kemu engineering forecast reference for PLTM Besai Kemu. The catchment polygon remains pending.,25-09-2026,METEOFRANCE,Open-Meteo / Meteo-France,yes,1.0,1.0,1.0,24,24,200,584,,,,
pltm_besai_kemu_headpond,Headpond Besai Kemu,2026-09-25,18.08.03.2017,Kemu,independent_site_engineering_point,yes,-4.839133333,104.509577778,Asia/Jakarta,Headpond Besai Kemu engineering forecast reference for PLTM Besai Kemu. The catchment polygon remains pending.,25-09-2026,UKMO,Open-Meteo / UK Met Office,yes,1.0,1.0,1.0,24,24,200,568,,,,
pltm_besai_kemu_headpond,Headpond Besai Kemu,2026-09-26,18.08.03.2017,Kemu,independent_site_engineering_point,yes,-4.839133333,104.509577778,Asia/Jakarta,Headpond Besai Kemu engineering forecast reference for PLTM Besai Kemu. The catchment polygon remains pending.,26-09-2026,BMKG,BMKG,yes,1.35,0.9915,1.3385,24,24,200,53,,,,
pltm_besai_kemu_headpond,Headpond Besai Kemu,2026-09-26,18.08.03.2017,Kemu,independent_site_engineering_point,yes,-4.839133333,104.509577778,Asia/Jakarta,Headpond Besai Kemu engineering forecast reference for PLTM Besai Kemu. The catchment polygon remains pending.,26-09-2026,CMA,Open-Meteo / CMA GRAPES,yes,1.0,1.0,1.0,24,24,200,552,,,,
pltm_besai_kemu_headpond,Headpond Besai Kemu,2026-09-26,18.08.03.2017,Kemu,independent_site_engineering_point,yes,-4.839133333,104.509577778,Asia/Jakarta,Headpond Besai Kemu engineering forecast reference for PLTM Besai Kemu. The catchment polygon remains pending.,26-09-2026,ECMWF,Open-Meteo / ECMWF,yes,1.0,1.0,1.0,24,24,200,547,,,,
pltm_besai_kemu_headpond,Headpond Besai Kemu,2026-09-26,18.08.03.2017,Kemu,independent_site_engineering_point,yes,-4.839133333,104.509577778,Asia/Jakarta,Headpond Besai Kemu engineering forecast reference for PLTM Besai Kemu. The catchment polygon remains pending.,26-09-2026,GFS,Open-Meteo / NOAA GFS,yes,1.0,1.0,1.0,24,24,200,549,,,,
pltm_besai_kemu_headpond,Headpond Besai Kemu,2026-09-26,18.08.03.2017,Kemu,independent_site_engineering_point,yes,-4.839133333,104.509577778,Asia/Jakarta,Headpond Besai Kemu engineering forecast reference for PLTM Besai Kemu. The catchment polygon remains pending.,26-09-2026,ICON,Open-Meteo / DWD ICON,yes,1.0,1.0,1.0,24,24,200,566,,,,
pltm_besai_kemu_headpond,Headpond Besai Kemu,2026-09-26,18.08.03.2017,Kemu,independent_site_engineering_point,yes,-4.839133333,104.509577778,Asia/Jakarta,Headpond Besai Kemu engineering forecast reference for PLTM Besai Kemu. The catchment polygon remains pending.,26-09-2026,METEOFRANCE,Open-Meteo / Meteo-France,yes,1.0,1.0,1.0,24,24,200,550,,,,
pltm_besai_kemu_headpond,Headpond Besai Kemu,2026-09-26,18.08.03.2017,Kemu,independent_site_engineering_point,yes,-4.839133333,104.509577778,Asia/Jakarta,Headpond Besai Kemu engineering forecast reference for PLTM Besai Kemu. The catchment polygon remains pending.,26-09-2026,UKMO,Open-Meteo / UK Met Office,yes,1.0,1.0,1.0,24,24,200,549,,,,
pltm_besai_kemu_headpond,Headpond Besai Kemu,2026-09-27,18.08.03.2017,Kemu,independent_site_engineering_point,yes,-4.839133333,104.509577778,Asia/Jakarta,Headpond Besai Kemu engineering forecast reference for PLTM Besai Kemu. The catchment polygon remains pending.,27-09-2026,BMKG,BMKG,no,1.35,0.9945,1.3426,0,24,,102,,,,BMKG tidak mengembalikan kandidat untuk target date
pltm_besai_kemu_headpond,Headpond Besai Kemu,2026-09-27,18.08.03.2017,Kemu,independent_site_engineering_point,yes,-4.839133333,104.509577778,Asia/Jakarta,Headpond Besai Kemu engineering forecast reference for PLTM Besai Kemu. The catchment polygon remains pending.,27-09-2026,CMA,Open-Meteo / CMA GRAPES,yes,1.0,1.0,1.0,24,24,200,551,,,,
pltm_besai_kemu_headpond,Headpond Besai Kemu,2026-09-27,18.08.03.2017,Kemu,independent_site_engineering_point,yes,-4.839133333,104.509577778,Asia/Jakarta,Headpond Besai Kemu engineering forecast reference for PLTM Besai Kemu. The catchment polygon remains pending.,27-09-2026,ECMWF,Open-Meteo / ECMWF,yes,1.0,1.0,1.0,24,24,200,545,,,,
pltm_besai_kemu_headpond,Headpond Besai Kemu,2026-09-27,18.08.03.2017,Kemu,independent_site_engineering_point,yes,-4.839133333,104.509577778,Asia/Jakarta,Headpond Besai Kemu engineering forecast reference for PLTM Besai Kemu. The catchment polygon remains pending.,27-09-2026,GFS,Open-Meteo / NOAA GFS,yes,1.0,1.0,1.0,24,24,200,546,,,,
pltm_besai_kemu_headpond,Headpond Besai Kemu,2026-09-27,18.08.03.2017,Kemu,independent_site_engineering_point,yes,-4.839133333,104.509577778,Asia/Jakarta,Headpond Besai Kemu engineering forecast reference for PLTM Besai Kemu. The catchment polygon remains pending.,27-09-2026,ICON,Open-Meteo / DWD ICON,yes,1.0,1.0,1.0,24,24,200,547,,,,
pltm_besai_kemu_headpond,Headpond Besai Kemu,2026-09-27,18.08.03.2017,Kemu,independent_site_engineering_point,yes,-4.839133333,104.509577778,Asia/Jakarta,Headpond Besai Kemu engineering forecast reference for PLTM Besai Kemu. The catchment polygon remains pending.,27-09-2026,METEOFRANCE,Open-Meteo / Meteo-France,yes,1.0,1.0,1.0,24,24,200,547,,,,
pltm_besai_kemu_headpond,Headpond Besai Kemu,2026-09-27,18.08.03.2017,Kemu,independent_site_engineering_point,yes,-4.839133333,104.509577778,Asia/Jakarta,Headpond Besai Kemu engineering forecast reference for PLTM Besai Kemu. The catchment polygon remains pending.,27-09-2026,UKMO,Open-Meteo / UK Met Office,yes,1.0,1.0,1.0,24,24,200,545,,,,
pltm_besai_kemu_powerhouse,Powerhouse Besai Kemu,2026-09-24,18.08.03.2017,Kemu,independent_site_engineering_point,yes,-4.837533333,104.510075,Asia/Jakarta,Powerhouse Besai Kemu engineering forecast reference for PLTM Besai Kemu. The catchment polygon remains pending.,24-09-2026,BMKG,BMKG,yes,1.35,1.0,1.35,18,24,200,57,,,,
pltm_besai_kemu_powerhouse,Powerhouse Besai Kemu,2026-09-24,18.08.03.2017,Kemu,independent_site_engineering_point,yes,-4.837533333,104.510075,Asia/Jakarta,Powerhouse Besai Kemu engineering forecast reference for PLTM Besai Kemu. The catchment polygon remains pending.,24-09-2026,CMA,Open-Meteo / CMA GRAPES,yes,1.0,1.0,1.0,24,24,200,551,,,,
pltm_besai_kemu_powerhouse,Powerhouse Besai Kemu,2026-09-24,18.08.03.2017,Kemu,independent_site_engineering_point,yes,-4.837533333,104.510075,Asia/Jakarta,Powerhouse Besai Kemu engineering forecast reference for PLTM Besai Kemu. The catchment polygon remains pending.,24-09-2026,ECMWF,Open-Meteo / ECMWF,yes,1.0,1.0,1.0,24,24,200,560,,,,
pltm_besai_kemu_powerhouse,Powerhouse Besai Kemu,2026-09-24,18.08.03.2017,Kemu,independent_site_engineering_point,yes,-4.837533333,104.510075,Asia/Jakarta,Powerhouse Besai Kemu engineering forecast reference for PLTM Besai Kemu. The catchment polygon remains pending.,24-09-2026,GFS,Open-Meteo / NOAA GFS,yes,1.0,1.0,1.0,24,24,200,546,,,,
pltm_besai_kemu_powerhouse,Powerhouse Besai Kemu,2026-09-24,18.08.03.2017,Kemu,independent_site_engineering_point,yes,-4.837533333,104.510075,Asia/Jakarta,Powerhouse Besai Kemu engineering forecast reference for PLTM Besai Kemu. The catchment polygon remains pending.,24-09-2026,ICON,Open-Meteo / DWD ICON,yes,1.0,1.0,1.0,24,24,200,546,,,,
pltm_besai_kemu_powerhouse,Powerhouse Besai Kemu,2026-09-24,18.08.03.2017,Kemu,independent_site_engineering_point,yes,-4.837533333,104.510075,Asia/Jakarta,Powerhouse Besai Kemu engineering forecast reference for PLTM Besai Kemu. The catchment polygon remains pending.,24-09-2026,METEOFRANCE,Open-Meteo / Meteo-France,yes,1.0,1.0,1.0,24,24,200,550,,,,
pltm_besai_kemu_powerhouse,Powerhouse Besai Kemu,2026-09-24,18.08.03.2017,Kemu,independent_site_engineering_point,yes,-4.837533333,104.510075,Asia/Jakarta,Powerhouse Besai Kemu engineering forecast reference for PLTM Besai Kemu. The catchment polygon remains pending.,24-09-2026,UKMO,Open-Meteo / UK Met Office,yes,1.0,1.0,1.0,24,24,200,550,,,,
pltm_besai_kemu_powerhouse,Powerhouse Besai Kemu,2026-09-25,18.08.03.2017,Kemu,independent_site_engineering_point,yes,-4.837533333,104.510075,Asia/Jakarta,Powerhouse Besai Kemu engineering forecast reference for PLTM Besai Kemu. The catchment polygon remains pending.,25-09-2026,BMKG,BMKG,yes,1.35,0.9869,1.3323,24,24,200,110,,,,
pltm_besai_kemu_powerhouse,Powerhouse Besai Kemu,2026-09-25,18.08.03.2017,Kemu,independent_site_engineering_point,yes,-4.837533333,104.510075,Asia/Jakarta,Powerhouse Besai Kemu engineering forecast reference for PLTM Besai Kemu. The catchment polygon remains pending.,25-09-2026,CMA,Open-Meteo / CMA GRAPES,yes,1.0,1.0,1.0,24,24,200,548,,,,
pltm_besai_kemu_powerhouse,Powerhouse Besai Kemu,2026-09-25,18.08.03.2017,Kemu,independent_site_engineering_point,yes,-4.837533333,104.510075,Asia/Jakarta,Powerhouse Besai Kemu engineering forecast reference for PLTM Besai Kemu. The catchment polygon remains pending.,25-09-2026,ECMWF,Open-Meteo / ECMWF,yes,1.0,1.0,1.0,24,24,200,548,,,,
pltm_besai_kemu_powerhouse,Powerhouse Besai Kemu,2026-09-25,18.08.03.2017,Kemu,independent_site_engineering_point,yes,-4.837533333,104.510075,Asia/Jakarta,Powerhouse Besai Kemu engineering forecast reference for PLTM Besai Kemu. The catchment polygon remains pending.,25-09-2026,GFS,Open-Meteo / NOAA GFS,yes,1.0,1.0,1.0,24,24,200,563,,,,
pltm_besai_kemu_powerhouse,Powerhouse Besai Kemu,2026-09-25,18.08.03.2017,Kemu,independent_site_engineering_point,yes,-4.837533333,104.510075,Asia/Jakarta,Powerhouse Besai Kemu engineering forecast reference for PLTM Besai Kemu. The catchment polygon remains pending.,25-09-2026,ICON,Open-Meteo / DWD ICON,yes,1.0,1.0,1.0,24,24,200,551,,,,
pltm_besai_kemu_powerhouse,Powerhouse Besai Kemu,2026-09-25,18.08.03.2017,Kemu,independent_site_engineering_point,yes,-4.837533333,104.510075,Asia/Jakarta,Powerhouse Besai Kemu engineering forecast reference for PLTM Besai Kemu. The catchment polygon remains pending.,25-09-2026,METEOFRANCE,Open-Meteo / Meteo-France,yes,1.0,1.0,1.0,24,24,200,568,,,,
pltm_besai_kemu_powerhouse,Powerhouse Besai Kemu,2026-09-25,18.08.03.2017,Kemu,independent_site_engineering_point,yes,-4.837533333,104.510075,Asia/Jakarta,Powerhouse Besai Kemu engineering forecast reference for PLTM Besai Kemu. The catchment polygon remains pending.,25-09-2026,UKMO,Open-Meteo / UK Met Office,yes,1.0,1.0,1.0,24,24,200,550,,,,
pltm_besai_kemu_powerhouse,Powerhouse Besai Kemu,2026-09-26,18.08.03.2017,Kemu,independent_site_engineering_point,yes,-4.837533333,104.510075,Asia/Jakarta,Powerhouse Besai Kemu engineering forecast reference for PLTM Besai Kemu. The catchment polygon remains pending.,26-09-2026,BMKG,BMKG,yes,1.35,0.9915,1.3385,24,24,200,48,,,,
pltm_besai_kemu_powerhouse,Powerhouse Besai Kemu,2026-09-26,18.08.03.2017,Kemu,independent_site_engineering_point,yes,-4.837533333,104.510075,Asia/Jakarta,Powerhouse Besai Kemu engineering forecast reference for PLTM Besai Kemu. The catchment polygon remains pending.,26-09-2026,CMA,Open-Meteo / CMA GRAPES,yes,1.0,1.0,1.0,24,24,200,602,,,,
pltm_besai_kemu_powerhouse,Powerhouse Besai Kemu,2026-09-26,18.08.03.2017,Kemu,independent_site_engineering_point,yes,-4.837533333,104.510075,Asia/Jakarta,Powerhouse Besai Kemu engineering forecast reference for PLTM Besai Kemu. The catchment polygon remains pending.,26-09-2026,ECMWF,Open-Meteo / ECMWF,yes,1.0,1.0,1.0,24,24,200,546,,,,
pltm_besai_kemu_powerhouse,Powerhouse Besai Kemu,2026-09-26,18.08.03.2017,Kemu,independent_site_engineering_point,yes,-4.837533333,104.510075,Asia/Jakarta,Powerhouse Besai Kemu engineering forecast reference for PLTM Besai Kemu. The catchment polygon remains pending.,26-09-2026,GFS,Open-Meteo / NOAA GFS,yes,1.0,1.0,1.0,24,24,200,552,,,,
pltm_besai_kemu_powerhouse,Powerhouse Besai Kemu,2026-09-26,18.08.03.2017,Kemu,independent_site_engineering_point,yes,-4.837533333,104.510075,Asia/Jakarta,Powerhouse Besai Kemu engineering forecast reference for PLTM Besai Kemu. The catchment polygon remains pending.,26-09-2026,ICON,Open-Meteo / DWD ICON,yes,1.0,1.0,1.0,24,24,200,547,,,,
pltm_besai_kemu_powerhouse,Powerhouse Besai Kemu,2026-09-26,18.08.03.2017,Kemu,independent_site_engineering_point,yes,-4.837533333,104.510075,Asia/Jakarta,Powerhouse Besai Kemu engineering forecast reference for PLTM Besai Kemu. The catchment polygon remains pending.,26-09-2026,METEOFRANCE,Open-Meteo / Meteo-France,yes,1.0,1.0,1.0,24,24,200,557,,,,
pltm_besai_kemu_powerhouse,Powerhouse Besai Kemu,2026-09-26,18.08.03.2017,Kemu,independent_site_engineering_point,yes,-4.837533333,104.510075,Asia/Jakarta,Powerhouse Besai Kemu engineering forecast reference for PLTM Besai Kemu. The catchment polygon remains pending.,26-09-2026,UKMO,Open-Meteo / UK Met Office,yes,1.0,1.0,1.0,24,24,200,548,,,,
pltm_besai_kemu_powerhouse,Powerhouse Besai Kemu,2026-09-27,18.08.03.2017,Kemu,independent_site_engineering_point,yes,-4.837533333,104.510075,Asia/Jakarta,Powerhouse Besai Kemu engineering forecast reference for PLTM Besai Kemu. The catchment polygon remains pending.,27-09-2026,BMKG,BMKG,no,1.35,0.9945,1.3426,0,24,,89,,,,BMKG tidak mengembalikan kandidat untuk target date
pltm_besai_kemu_powerhouse,Powerhouse Besai Kemu,2026-09-27,18.08.03.2017,Kemu,independent_site_engineering_point,yes,-4.837533333,104.510075,Asia/Jakarta,Powerhouse Besai Kemu engineering forecast reference for PLTM Besai Kemu. The catchment polygon remains pending.,27-09-2026,CMA,Open-Meteo / CMA GRAPES,yes,1.0,1.0,1.0,24,24,200,546,,,,
pltm_besai_kemu_powerhouse,Powerhouse Besai Kemu,2026-09-27,18.08.03.2017,Kemu,independent_site_engineering_point,yes,-4.837533333,104.510075,Asia/Jakarta,Powerhouse Besai Kemu engineering forecast reference for PLTM Besai Kemu. The catchment polygon remains pending.,27-09-2026,ECMWF,Open-Meteo / ECMWF,yes,1.0,1.0,1.0,24,24,200,563,,,,
pltm_besai_kemu_powerhouse,Powerhouse Besai Kemu,2026-09-27,18.08.03.2017,Kemu,independent_site_engineering_point,yes,-4.837533333,104.510075,Asia/Jakarta,Powerhouse Besai Kemu engineering forecast reference for PLTM Besai Kemu. The catchment polygon remains pending.,27-09-2026,GFS,Open-Meteo / NOAA GFS,yes,1.0,1.0,1.0,24,24,200,549,,,,
pltm_besai_kemu_powerhouse,Powerhouse Besai Kemu,2026-09-27,18.08.03.2017,Kemu,independent_site_engineering_point,yes,-4.837533333,104.510075,Asia/Jakarta,Powerhouse Besai Kemu engineering forecast reference for PLTM Besai Kemu. The catchment polygon remains pending.,27-09-2026,ICON,Open-Meteo / DWD ICON,yes,1.0,1.0,1.0,24,24,200,563,,,,
pltm_besai_kemu_powerhouse,Powerhouse Besai Kemu,2026-09-27,18.08.03.2017,Kemu,independent_site_engineering_point,yes,-4.837533333,104.510075,Asia/Jakarta,Powerhouse Besai Kemu engineering forecast reference for PLTM Besai Kemu. The catchment polygon remains pending.,27-09-2026,METEOFRANCE,Open-Meteo / Meteo-France,yes,1.0,1.0,1.0,24,24,200,546,,,,
pltm_besai_kemu_powerhouse,Powerhouse Besai Kemu,2026-09-27,18.08.03.2017,Kemu,independent_site_engineering_point,yes,-4.837533333,104.510075,Asia/Jakarta,Powerhouse Besai Kemu engineering forecast reference for PLTM Besai Kemu. The catchment polygon remains pending.,27-09-2026,UKMO,Open-Meteo / UK Met Office,yes,1.0,1.0,1.0,24,24,200,546,,,,
pltm_besai_kemu_sumberjaya,Stasiun Hujan Sumberjaya,2026-09-24,18.08.03.2017,Kemu,independent_site_engineering_point,yes,-5.009188889,104.483483333,Asia/Jakarta,Stasiun Hujan Sumberjaya engineering forecast reference for PLTM Besai Kemu. The catchment polygon remains pending.,24-09-2026,BMKG,BMKG,yes,1.35,1.0,1.35,18,24,200,51,,,,
pltm_besai_kemu_sumberjaya,Stasiun Hujan Sumberjaya,2026-09-24,18.08.03.2017,Kemu,independent_site_engineering_point,yes,-5.009188889,104.483483333,Asia/Jakarta,Stasiun Hujan Sumberjaya engineering forecast reference for PLTM Besai Kemu. The catchment polygon remains pending.,24-09-2026,CMA,Open-Meteo / CMA GRAPES,yes,1.0,1.0,1.0,24,24,200,554,,,,
pltm_besai_kemu_sumberjaya,Stasiun Hujan Sumberjaya,2026-09-24,18.08.03.2017,Kemu,independent_site_engineering_point,yes,-5.009188889,104.483483333,Asia/Jakarta,Stasiun Hujan Sumberjaya engineering forecast reference for PLTM Besai Kemu. The catchment polygon remains pending.,24-09-2026,ECMWF,Open-Meteo / ECMWF,yes,1.0,1.0,1.0,24,24,200,548,,,,
pltm_besai_kemu_sumberjaya,Stasiun Hujan Sumberjaya,2026-09-24,18.08.03.2017,Kemu,independent_site_engineering_point,yes,-5.009188889,104.483483333,Asia/Jakarta,Stasiun Hujan Sumberjaya engineering forecast reference for PLTM Besai Kemu. The catchment polygon remains pending.,24-09-2026,GFS,Open-Meteo / NOAA GFS,yes,1.0,1.0,1.0,24,24,200,552,,,,
pltm_besai_kemu_sumberjaya,Stasiun Hujan Sumberjaya,2026-09-24,18.08.03.2017,Kemu,independent_site_engineering_point,yes,-5.009188889,104.483483333,Asia/Jakarta,Stasiun Hujan Sumberjaya engineering forecast reference for PLTM Besai Kemu. The catchment polygon remains pending.,24-09-2026,ICON,Open-Meteo / DWD ICON,yes,1.0,1.0,1.0,24,24,200,549,,,,
pltm_besai_kemu_sumberjaya,Stasiun Hujan Sumberjaya,2026-09-24,18.08.03.2017,Kemu,independent_site_engineering_point,yes,-5.009188889,104.483483333,Asia/Jakarta,Stasiun Hujan Sumberjaya engineering forecast reference for PLTM Besai Kemu. The catchment polygon remains pending.,24-09-2026,METEOFRANCE,Open-Meteo / Meteo-France,yes,1.0,1.0,1.0,24,24,200,550,,,,
pltm_besai_kemu_sumberjaya,Stasiun Hujan Sumberjaya,2026-09-24,18.08.03.2017,Kemu,independent_site_engineering_point,yes,-5.009188889,104.483483333,Asia/Jakarta,Stasiun Hujan Sumberjaya engineering forecast reference for PLTM Besai Kemu. The catchment polygon remains pending.,24-09-2026,UKMO,Open-Meteo / UK Met Office,yes,1.0,1.0,1.0,24,24,200,557,,,,
pltm_besai_kemu_sumberjaya,Stasiun Hujan Sumberjaya,2026-09-25,18.08.03.2017,Kemu,independent_site_engineering_point,yes,-5.009188889,104.483483333,Asia/Jakarta,Stasiun Hujan Sumberjaya engineering forecast reference for PLTM Besai Kemu. The catchment polygon remains pending.,25-09-2026,BMKG,BMKG,yes,1.35,0.9869,1.3323,24,24,200,46,,,,
pltm_besai_kemu_sumberjaya,Stasiun Hujan Sumberjaya,2026-09-25,18.08.03.2017,Kemu,independent_site_engineering_point,yes,-5.009188889,104.483483333,Asia/Jakarta,Stasiun Hujan Sumberjaya engineering forecast reference for PLTM Besai Kemu. The catchment polygon remains pending.,25-09-2026,CMA,Open-Meteo / CMA GRAPES,yes,1.0,1.0,1.0,24,24,200,546,,,,
pltm_besai_kemu_sumberjaya,Stasiun Hujan Sumberjaya,2026-09-25,18.08.03.2017,Kemu,independent_site_engineering_point,yes,-5.009188889,104.483483333,Asia/Jakarta,Stasiun Hujan Sumberjaya engineering forecast reference for PLTM Besai Kemu. The catchment polygon remains pending.,25-09-2026,ECMWF,Open-Meteo / ECMWF,yes,1.0,1.0,1.0,24,24,200,546,,,,
pltm_besai_kemu_sumberjaya,Stasiun Hujan Sumberjaya,2026-09-25,18.08.03.2017,Kemu,independent_site_engineering_point,yes,-5.009188889,104.483483333,Asia/Jakarta,Stasiun Hujan Sumberjaya engineering forecast reference for PLTM Besai Kemu. The catchment polygon remains pending.,25-09-2026,GFS,Open-Meteo / NOAA GFS,yes,1.0,1.0,1.0,24,24,200,557,,,,
pltm_besai_kemu_sumberjaya,Stasiun Hujan Sumberjaya,2026-09-25,18.08.03.2017,Kemu,independent_site_engineering_point,yes,-5.009188889,104.483483333,Asia/Jakarta,Stasiun Hujan Sumberjaya engineering forecast reference for PLTM Besai Kemu. The catchment polygon remains pending.,25-09-2026,ICON,Open-Meteo / DWD ICON,yes,1.0,1.0,1.0,24,24,200,547,,,,
pltm_besai_kemu_sumberjaya,Stasiun Hujan Sumberjaya,2026-09-25,18.08.03.2017,Kemu,independent_site_engineering_point,yes,-5.009188889,104.483483333,Asia/Jakarta,Stasiun Hujan Sumberjaya engineering forecast reference for PLTM Besai Kemu. The catchment polygon remains pending.,25-09-2026,METEOFRANCE,Open-Meteo / Meteo-France,yes,1.0,1.0,1.0,24,24,200,546,,,,
pltm_besai_kemu_sumberjaya,Stasiun Hujan Sumberjaya,2026-09-25,18.08.03.2017,Kemu,independent_site_engineering_point,yes,-5.009188889,104.483483333,Asia/Jakarta,Stasiun Hujan Sumberjaya engineering forecast reference for PLTM Besai Kemu. The catchment polygon remains pending.,25-09-2026,UKMO,Open-Meteo / UK Met Office,yes,1.0,1.0,1.0,24,24,200,548,,,,
pltm_besai_kemu_sumberjaya,Stasiun Hujan Sumberjaya,2026-09-26,18.08.03.2017,Kemu,independent_site_engineering_point,yes,-5.009188889,104.483483333,Asia/Jakarta,Stasiun Hujan Sumberjaya engineering forecast reference for PLTM Besai Kemu. The catchment polygon remains pending.,26-09-2026,BMKG,BMKG,yes,1.35,0.9915,1.3385,24,24,200,68,,,,
pltm_besai_kemu_sumberjaya,Stasiun Hujan Sumberjaya,2026-09-26,18.08.03.2017,Kemu,independent_site_engineering_point,yes,-5.009188889,104.483483333,Asia/Jakarta,Stasiun Hujan Sumberjaya engineering forecast reference for PLTM Besai Kemu. The catchment polygon remains pending.,26-09-2026,CMA,Open-Meteo / CMA GRAPES,yes,1.0,1.0,1.0,24,24,200,565,,,,
pltm_besai_kemu_sumberjaya,Stasiun Hujan Sumberjaya,2026-09-26,18.08.03.2017,Kemu,independent_site_engineering_point,yes,-5.009188889,104.483483333,Asia/Jakarta,Stasiun Hujan Sumberjaya engineering forecast reference for PLTM Besai Kemu. The catchment polygon remains pending.,26-09-2026,ECMWF,Open-Meteo / ECMWF,yes,1.0,1.0,1.0,24,24,200,556,,,,
pltm_besai_kemu_sumberjaya,Stasiun Hujan Sumberjaya,2026-09-26,18.08.03.2017,Kemu,independent_site_engineering_point,yes,-5.009188889,104.483483333,Asia/Jakarta,Stasiun Hujan Sumberjaya engineering forecast reference for PLTM Besai Kemu. The catchment polygon remains pending.,26-09-2026,GFS,Open-Meteo / NOAA GFS,yes,1.0,1.0,1.0,24,24,200,559,,,,
pltm_besai_kemu_sumberjaya,Stasiun Hujan Sumberjaya,2026-09-26,18.08.03.2017,Kemu,independent_site_engineering_point,yes,-5.009188889,104.483483333,Asia/Jakarta,Stasiun Hujan Sumberjaya engineering forecast reference for PLTM Besai Kemu. The catchment polygon remains pending.,26-09-2026,ICON,Open-Meteo / DWD ICON,yes,1.0,1.0,1.0,24,24,200,556,,,,
pltm_besai_kemu_sumberjaya,Stasiun Hujan Sumberjaya,2026-09-26,18.08.03.2017,Kemu,independent_site_engineering_point,yes,-5.009188889,104.483483333,Asia/Jakarta,Stasiun Hujan Sumberjaya engineering forecast reference for PLTM Besai Kemu. The catchment polygon remains pending.,26-09-2026,METEOFRANCE,Open-Meteo / Meteo-France,yes,1.0,1.0,1.0,24,24,200,556,,,,
pltm_besai_kemu_sumberjaya,Stasiun Hujan Sumberjaya,2026-09-26,18.08.03.2017,Kemu,independent_site_engineering_point,yes,-5.009188889,104.483483333,Asia/Jakarta,Stasiun Hujan Sumberjaya engineering forecast reference for PLTM Besai Kemu. The catchment polygon remains pending.,26-09-2026,UKMO,Open-Meteo / UK Met Office,yes,1.0,1.0,1.0,24,24,200,569,,,,
pltm_besai_kemu_sumberjaya,Stasiun Hujan Sumberjaya,2026-09-27,18.08.03.2017,Kemu,independent_site_engineering_point,yes,-5.009188889,104.483483333,Asia/Jakarta,Stasiun Hujan Sumberjaya engineering forecast reference for PLTM Besai Kemu. The catchment polygon remains pending.,27-09-2026,BMKG,BMKG,no,1.35,0.9945,1.3426,0,24,,75,,,,BMKG tidak mengembalikan kandidat untuk target date
pltm_besai_kemu_sumberjaya,Stasiun Hujan Sumberjaya,2026-09-27,18.08.03.2017,Kemu,independent_site_engineering_point,yes,-5.009188889,104.483483333,Asia/Jakarta,Stasiun Hujan Sumberjaya engineering forecast reference for PLTM Besai Kemu. The catchment polygon remains pending.,27-09-2026,CMA,Open-Meteo / CMA GRAPES,yes,1.0,1.0,1.0,24,24,200,559,,,,
pltm_besai_kemu_sumberjaya,Stasiun Hujan Sumberjaya,2026-09-27,18.08.03.2017,Kemu,independent_site_engineering_point,yes,-5.009188889,104.483483333,Asia/Jakarta,Stasiun Hujan Sumberjaya engineering forecast reference for PLTM Besai Kemu. The catchment polygon remains pending.,27-09-2026,ECMWF,Open-Meteo / ECMWF,yes,1.0,1.0,1.0,24,24,200,564,,,,
pltm_besai_kemu_sumberjaya,Stasiun Hujan Sumberjaya,2026-09-27,18.08.03.2017,Kemu,independent_site_engineering_point,yes,-5.009188889,104.483483333,Asia/Jakarta,Stasiun Hujan Sumberjaya engineering forecast reference for PLTM Besai Kemu. The catchment polygon remains pending.,27-09-2026,GFS,Open-Meteo / NOAA GFS,yes,1.0,1.0,1.0,24,24,200,563,,,,
pltm_besai_kemu_sumberjaya,Stasiun Hujan Sumberjaya,2026-09-27,18.08.03.2017,Kemu,independent_site_engineering_point,yes,-5.009188889,104.483483333,Asia/Jakarta,Stasiun Hujan Sumberjaya engineering forecast reference for PLTM Besai Kemu. The catchment polygon remains pending.,27-09-2026,ICON,Open-Meteo / DWD ICON,yes,1.0,1.0,1.0,24,24,200,564,,,,
pltm_besai_kemu_sumberjaya,Stasiun Hujan Sumberjaya,2026-09-27,18.08.03.2017,Kemu,independent_site_engineering_point,yes,-5.009188889,104.483483333,Asia/Jakarta,Stasiun Hujan Sumberjaya engineering forecast reference for PLTM Besai Kemu. The catchment polygon remains pending.,27-09-2026,METEOFRANCE,Open-Meteo / Meteo-France,yes,1.0,1.0,1.0,24,24,200,554,,,,
pltm_besai_kemu_sumberjaya,Stasiun Hujan Sumberjaya,2026-09-27,18.08.03.2017,Kemu,independent_site_engineering_point,yes,-5.009188889,104.483483333,Asia/Jakarta,Stasiun Hujan Sumberjaya engineering forecast reference for PLTM Besai Kemu. The catchment polygon remains pending.,27-09-2026,UKMO,Open-Meteo / UK Met Office,yes,1.0,1.0,1.0,24,24,200,547,,,,
