location_slug,location_name,target_date,adm4,bmkg_point_name,area_level,is_proxy_bmkg,latitude,longitude,timezone,location_note,tanggal,source_id,provider,success,base_weight,health_factor,effective_base_weight,points_collected,target_points,http_status,duration_ms,error_content_type,error_snippet,payload_saved_path,error
plta_redelong,PLTA Redelong,2026-09-09,11.17.05.2002,Bale Redelong,outlet_reference,yes,4.748139,96.977344,Asia/Jakarta,Forecast Redelong representative point. BMKG ADM4 reference: 11.17.05.2002 (Bale Redelong). Initial BMKG reference for Forecast Redelong Spatial role: outlet_reference. Titik referensi PLTA; tidak diberi bobot luas.,09-09-2026,BMKG,BMKG,yes,1.35,1.0,1.35,18,24,200,956,,,,
plta_redelong,PLTA Redelong,2026-09-09,11.17.05.2002,Bale Redelong,outlet_reference,yes,4.748139,96.977344,Asia/Jakarta,Forecast Redelong representative point. BMKG ADM4 reference: 11.17.05.2002 (Bale Redelong). Initial BMKG reference for Forecast Redelong Spatial role: outlet_reference. Titik referensi PLTA; tidak diberi bobot luas.,09-09-2026,CMA,Open-Meteo / CMA GRAPES,yes,1.0,1.0,1.0,24,24,200,555,,,,
plta_redelong,PLTA Redelong,2026-09-09,11.17.05.2002,Bale Redelong,outlet_reference,yes,4.748139,96.977344,Asia/Jakarta,Forecast Redelong representative point. BMKG ADM4 reference: 11.17.05.2002 (Bale Redelong). Initial BMKG reference for Forecast Redelong Spatial role: outlet_reference. Titik referensi PLTA; tidak diberi bobot luas.,09-09-2026,ECMWF,Open-Meteo / ECMWF,yes,1.0,1.0,1.0,24,24,200,754,,,,
plta_redelong,PLTA Redelong,2026-09-09,11.17.05.2002,Bale Redelong,outlet_reference,yes,4.748139,96.977344,Asia/Jakarta,Forecast Redelong representative point. BMKG ADM4 reference: 11.17.05.2002 (Bale Redelong). Initial BMKG reference for Forecast Redelong Spatial role: outlet_reference. Titik referensi PLTA; tidak diberi bobot luas.,09-09-2026,GFS,Open-Meteo / NOAA GFS,yes,1.0,1.0,1.0,24,24,200,534,,,,
plta_redelong,PLTA Redelong,2026-09-09,11.17.05.2002,Bale Redelong,outlet_reference,yes,4.748139,96.977344,Asia/Jakarta,Forecast Redelong representative point. BMKG ADM4 reference: 11.17.05.2002 (Bale Redelong). Initial BMKG reference for Forecast Redelong Spatial role: outlet_reference. Titik referensi PLTA; tidak diberi bobot luas.,09-09-2026,ICON,Open-Meteo / DWD ICON,yes,1.0,1.0,1.0,24,24,200,511,,,,
plta_redelong,PLTA Redelong,2026-09-09,11.17.05.2002,Bale Redelong,outlet_reference,yes,4.748139,96.977344,Asia/Jakarta,Forecast Redelong representative point. BMKG ADM4 reference: 11.17.05.2002 (Bale Redelong). Initial BMKG reference for Forecast Redelong Spatial role: outlet_reference. Titik referensi PLTA; tidak diberi bobot luas.,09-09-2026,METEOFRANCE,Open-Meteo / Meteo-France,yes,1.0,1.0,1.0,24,24,200,513,,,,
plta_redelong,PLTA Redelong,2026-09-09,11.17.05.2002,Bale Redelong,outlet_reference,yes,4.748139,96.977344,Asia/Jakarta,Forecast Redelong representative point. BMKG ADM4 reference: 11.17.05.2002 (Bale Redelong). Initial BMKG reference for Forecast Redelong Spatial role: outlet_reference. Titik referensi PLTA; tidak diberi bobot luas.,09-09-2026,UKMO,Open-Meteo / UK Met Office,yes,1.0,1.0,1.0,24,24,200,561,,,,
plta_redelong,PLTA Redelong,2026-09-10,11.17.05.2002,Bale Redelong,outlet_reference,yes,4.748139,96.977344,Asia/Jakarta,Forecast Redelong representative point. BMKG ADM4 reference: 11.17.05.2002 (Bale Redelong). Initial BMKG reference for Forecast Redelong Spatial role: outlet_reference. Titik referensi PLTA; tidak diberi bobot luas.,10-09-2026,BMKG,BMKG,yes,1.35,0.9869,1.3323,24,24,200,69,,,,
plta_redelong,PLTA Redelong,2026-09-10,11.17.05.2002,Bale Redelong,outlet_reference,yes,4.748139,96.977344,Asia/Jakarta,Forecast Redelong representative point. BMKG ADM4 reference: 11.17.05.2002 (Bale Redelong). Initial BMKG reference for Forecast Redelong Spatial role: outlet_reference. Titik referensi PLTA; tidak diberi bobot luas.,10-09-2026,CMA,Open-Meteo / CMA GRAPES,yes,1.0,1.0,1.0,24,24,200,736,,,,
plta_redelong,PLTA Redelong,2026-09-10,11.17.05.2002,Bale Redelong,outlet_reference,yes,4.748139,96.977344,Asia/Jakarta,Forecast Redelong representative point. BMKG ADM4 reference: 11.17.05.2002 (Bale Redelong). Initial BMKG reference for Forecast Redelong Spatial role: outlet_reference. Titik referensi PLTA; tidak diberi bobot luas.,10-09-2026,ECMWF,Open-Meteo / ECMWF,yes,1.0,1.0,1.0,24,24,200,559,,,,
plta_redelong,PLTA Redelong,2026-09-10,11.17.05.2002,Bale Redelong,outlet_reference,yes,4.748139,96.977344,Asia/Jakarta,Forecast Redelong representative point. BMKG ADM4 reference: 11.17.05.2002 (Bale Redelong). Initial BMKG reference for Forecast Redelong Spatial role: outlet_reference. Titik referensi PLTA; tidak diberi bobot luas.,10-09-2026,GFS,Open-Meteo / NOAA GFS,yes,1.0,1.0,1.0,24,24,200,517,,,,
plta_redelong,PLTA Redelong,2026-09-10,11.17.05.2002,Bale Redelong,outlet_reference,yes,4.748139,96.977344,Asia/Jakarta,Forecast Redelong representative point. BMKG ADM4 reference: 11.17.05.2002 (Bale Redelong). Initial BMKG reference for Forecast Redelong Spatial role: outlet_reference. Titik referensi PLTA; tidak diberi bobot luas.,10-09-2026,ICON,Open-Meteo / DWD ICON,yes,1.0,1.0,1.0,24,24,200,633,,,,
plta_redelong,PLTA Redelong,2026-09-10,11.17.05.2002,Bale Redelong,outlet_reference,yes,4.748139,96.977344,Asia/Jakarta,Forecast Redelong representative point. BMKG ADM4 reference: 11.17.05.2002 (Bale Redelong). Initial BMKG reference for Forecast Redelong Spatial role: outlet_reference. Titik referensi PLTA; tidak diberi bobot luas.,10-09-2026,METEOFRANCE,Open-Meteo / Meteo-France,yes,1.0,1.0,1.0,24,24,200,562,,,,
plta_redelong,PLTA Redelong,2026-09-10,11.17.05.2002,Bale Redelong,outlet_reference,yes,4.748139,96.977344,Asia/Jakarta,Forecast Redelong representative point. BMKG ADM4 reference: 11.17.05.2002 (Bale Redelong). Initial BMKG reference for Forecast Redelong Spatial role: outlet_reference. Titik referensi PLTA; tidak diberi bobot luas.,10-09-2026,UKMO,Open-Meteo / UK Met Office,yes,1.0,1.0,1.0,24,24,200,618,,,,
plta_redelong,PLTA Redelong,2026-09-11,11.17.05.2002,Bale Redelong,outlet_reference,yes,4.748139,96.977344,Asia/Jakarta,Forecast Redelong representative point. BMKG ADM4 reference: 11.17.05.2002 (Bale Redelong). Initial BMKG reference for Forecast Redelong Spatial role: outlet_reference. Titik referensi PLTA; tidak diberi bobot luas.,11-09-2026,BMKG,BMKG,yes,1.35,0.9915,1.3385,24,24,200,80,,,,
plta_redelong,PLTA Redelong,2026-09-11,11.17.05.2002,Bale Redelong,outlet_reference,yes,4.748139,96.977344,Asia/Jakarta,Forecast Redelong representative point. BMKG ADM4 reference: 11.17.05.2002 (Bale Redelong). Initial BMKG reference for Forecast Redelong Spatial role: outlet_reference. Titik referensi PLTA; tidak diberi bobot luas.,11-09-2026,CMA,Open-Meteo / CMA GRAPES,yes,1.0,1.0,1.0,24,24,200,522,,,,
plta_redelong,PLTA Redelong,2026-09-11,11.17.05.2002,Bale Redelong,outlet_reference,yes,4.748139,96.977344,Asia/Jakarta,Forecast Redelong representative point. BMKG ADM4 reference: 11.17.05.2002 (Bale Redelong). Initial BMKG reference for Forecast Redelong Spatial role: outlet_reference. Titik referensi PLTA; tidak diberi bobot luas.,11-09-2026,ECMWF,Open-Meteo / ECMWF,yes,1.0,1.0,1.0,24,24,200,627,,,,
plta_redelong,PLTA Redelong,2026-09-11,11.17.05.2002,Bale Redelong,outlet_reference,yes,4.748139,96.977344,Asia/Jakarta,Forecast Redelong representative point. BMKG ADM4 reference: 11.17.05.2002 (Bale Redelong). Initial BMKG reference for Forecast Redelong Spatial role: outlet_reference. Titik referensi PLTA; tidak diberi bobot luas.,11-09-2026,GFS,Open-Meteo / NOAA GFS,yes,1.0,1.0,1.0,24,24,200,659,,,,
plta_redelong,PLTA Redelong,2026-09-11,11.17.05.2002,Bale Redelong,outlet_reference,yes,4.748139,96.977344,Asia/Jakarta,Forecast Redelong representative point. BMKG ADM4 reference: 11.17.05.2002 (Bale Redelong). Initial BMKG reference for Forecast Redelong Spatial role: outlet_reference. Titik referensi PLTA; tidak diberi bobot luas.,11-09-2026,ICON,Open-Meteo / DWD ICON,yes,1.0,1.0,1.0,24,24,200,523,,,,
plta_redelong,PLTA Redelong,2026-09-11,11.17.05.2002,Bale Redelong,outlet_reference,yes,4.748139,96.977344,Asia/Jakarta,Forecast Redelong representative point. BMKG ADM4 reference: 11.17.05.2002 (Bale Redelong). Initial BMKG reference for Forecast Redelong Spatial role: outlet_reference. Titik referensi PLTA; tidak diberi bobot luas.,11-09-2026,METEOFRANCE,Open-Meteo / Meteo-France,yes,1.0,1.0,1.0,24,24,200,555,,,,
plta_redelong,PLTA Redelong,2026-09-11,11.17.05.2002,Bale Redelong,outlet_reference,yes,4.748139,96.977344,Asia/Jakarta,Forecast Redelong representative point. BMKG ADM4 reference: 11.17.05.2002 (Bale Redelong). Initial BMKG reference for Forecast Redelong Spatial role: outlet_reference. Titik referensi PLTA; tidak diberi bobot luas.,11-09-2026,UKMO,Open-Meteo / UK Met Office,yes,1.0,1.0,1.0,24,24,200,511,,,,
plta_redelong,PLTA Redelong,2026-09-12,11.17.05.2002,Bale Redelong,outlet_reference,yes,4.748139,96.977344,Asia/Jakarta,Forecast Redelong representative point. BMKG ADM4 reference: 11.17.05.2002 (Bale Redelong). Initial BMKG reference for Forecast Redelong Spatial role: outlet_reference. Titik referensi PLTA; tidak diberi bobot luas.,12-09-2026,BMKG,BMKG,no,1.35,0.9945,1.3426,0,24,,101,,,,BMKG tidak mengembalikan kandidat untuk target date
plta_redelong,PLTA Redelong,2026-09-12,11.17.05.2002,Bale Redelong,outlet_reference,yes,4.748139,96.977344,Asia/Jakarta,Forecast Redelong representative point. BMKG ADM4 reference: 11.17.05.2002 (Bale Redelong). Initial BMKG reference for Forecast Redelong Spatial role: outlet_reference. Titik referensi PLTA; tidak diberi bobot luas.,12-09-2026,CMA,Open-Meteo / CMA GRAPES,yes,1.0,1.0,1.0,24,24,200,491,,,,
plta_redelong,PLTA Redelong,2026-09-12,11.17.05.2002,Bale Redelong,outlet_reference,yes,4.748139,96.977344,Asia/Jakarta,Forecast Redelong representative point. BMKG ADM4 reference: 11.17.05.2002 (Bale Redelong). Initial BMKG reference for Forecast Redelong Spatial role: outlet_reference. Titik referensi PLTA; tidak diberi bobot luas.,12-09-2026,ECMWF,Open-Meteo / ECMWF,yes,1.0,1.0,1.0,24,24,200,507,,,,
plta_redelong,PLTA Redelong,2026-09-12,11.17.05.2002,Bale Redelong,outlet_reference,yes,4.748139,96.977344,Asia/Jakarta,Forecast Redelong representative point. BMKG ADM4 reference: 11.17.05.2002 (Bale Redelong). Initial BMKG reference for Forecast Redelong Spatial role: outlet_reference. Titik referensi PLTA; tidak diberi bobot luas.,12-09-2026,GFS,Open-Meteo / NOAA GFS,yes,1.0,1.0,1.0,24,24,200,493,,,,
plta_redelong,PLTA Redelong,2026-09-12,11.17.05.2002,Bale Redelong,outlet_reference,yes,4.748139,96.977344,Asia/Jakarta,Forecast Redelong representative point. BMKG ADM4 reference: 11.17.05.2002 (Bale Redelong). Initial BMKG reference for Forecast Redelong Spatial role: outlet_reference. Titik referensi PLTA; tidak diberi bobot luas.,12-09-2026,ICON,Open-Meteo / DWD ICON,yes,1.0,1.0,1.0,24,24,200,1001,,,,
plta_redelong,PLTA Redelong,2026-09-12,11.17.05.2002,Bale Redelong,outlet_reference,yes,4.748139,96.977344,Asia/Jakarta,Forecast Redelong representative point. BMKG ADM4 reference: 11.17.05.2002 (Bale Redelong). Initial BMKG reference for Forecast Redelong Spatial role: outlet_reference. Titik referensi PLTA; tidak diberi bobot luas.,12-09-2026,METEOFRANCE,Open-Meteo / Meteo-France,yes,1.0,1.0,1.0,24,24,200,792,,,,
plta_redelong,PLTA Redelong,2026-09-12,11.17.05.2002,Bale Redelong,outlet_reference,yes,4.748139,96.977344,Asia/Jakarta,Forecast Redelong representative point. BMKG ADM4 reference: 11.17.05.2002 (Bale Redelong). Initial BMKG reference for Forecast Redelong Spatial role: outlet_reference. Titik referensi PLTA; tidak diberi bobot luas.,12-09-2026,UKMO,Open-Meteo / UK Met Office,yes,1.0,1.0,1.0,24,24,200,498,,,,
gpm1,GPM1,2026-09-09,11.17.05.2002,Bale Redelong,provisional_catchment,yes,4.81572033808049,96.877105410688,Asia/Jakarta,Forecast Redelong representative point. BMKG ADM4 reference: 11.17.05.2002 (Bale Redelong). Initial BMKG reference for catchment point Spatial role: provisional_catchment. Area analisis provisional; menunggu konfirmasi batas DAS resmi.,09-09-2026,BMKG,BMKG,yes,1.35,1.0,1.35,18,24,200,67,,,,
gpm1,GPM1,2026-09-09,11.17.05.2002,Bale Redelong,provisional_catchment,yes,4.81572033808049,96.877105410688,Asia/Jakarta,Forecast Redelong representative point. BMKG ADM4 reference: 11.17.05.2002 (Bale Redelong). Initial BMKG reference for catchment point Spatial role: provisional_catchment. Area analisis provisional; menunggu konfirmasi batas DAS resmi.,09-09-2026,CMA,Open-Meteo / CMA GRAPES,yes,1.0,1.0,1.0,24,24,200,513,,,,
gpm1,GPM1,2026-09-09,11.17.05.2002,Bale Redelong,provisional_catchment,yes,4.81572033808049,96.877105410688,Asia/Jakarta,Forecast Redelong representative point. BMKG ADM4 reference: 11.17.05.2002 (Bale Redelong). Initial BMKG reference for catchment point Spatial role: provisional_catchment. Area analisis provisional; menunggu konfirmasi batas DAS resmi.,09-09-2026,ECMWF,Open-Meteo / ECMWF,yes,1.0,1.0,1.0,24,24,200,800,,,,
gpm1,GPM1,2026-09-09,11.17.05.2002,Bale Redelong,provisional_catchment,yes,4.81572033808049,96.877105410688,Asia/Jakarta,Forecast Redelong representative point. BMKG ADM4 reference: 11.17.05.2002 (Bale Redelong). Initial BMKG reference for catchment point Spatial role: provisional_catchment. Area analisis provisional; menunggu konfirmasi batas DAS resmi.,09-09-2026,GFS,Open-Meteo / NOAA GFS,yes,1.0,1.0,1.0,24,24,200,494,,,,
gpm1,GPM1,2026-09-09,11.17.05.2002,Bale Redelong,provisional_catchment,yes,4.81572033808049,96.877105410688,Asia/Jakarta,Forecast Redelong representative point. BMKG ADM4 reference: 11.17.05.2002 (Bale Redelong). Initial BMKG reference for catchment point Spatial role: provisional_catchment. Area analisis provisional; menunggu konfirmasi batas DAS resmi.,09-09-2026,ICON,Open-Meteo / DWD ICON,yes,1.0,1.0,1.0,24,24,200,505,,,,
gpm1,GPM1,2026-09-09,11.17.05.2002,Bale Redelong,provisional_catchment,yes,4.81572033808049,96.877105410688,Asia/Jakarta,Forecast Redelong representative point. BMKG ADM4 reference: 11.17.05.2002 (Bale Redelong). Initial BMKG reference for catchment point Spatial role: provisional_catchment. Area analisis provisional; menunggu konfirmasi batas DAS resmi.,09-09-2026,METEOFRANCE,Open-Meteo / Meteo-France,yes,1.0,1.0,1.0,24,24,200,495,,,,
gpm1,GPM1,2026-09-09,11.17.05.2002,Bale Redelong,provisional_catchment,yes,4.81572033808049,96.877105410688,Asia/Jakarta,Forecast Redelong representative point. BMKG ADM4 reference: 11.17.05.2002 (Bale Redelong). Initial BMKG reference for catchment point Spatial role: provisional_catchment. Area analisis provisional; menunggu konfirmasi batas DAS resmi.,09-09-2026,UKMO,Open-Meteo / UK Met Office,yes,1.0,1.0,1.0,24,24,200,513,,,,
gpm1,GPM1,2026-09-10,11.17.05.2002,Bale Redelong,provisional_catchment,yes,4.81572033808049,96.877105410688,Asia/Jakarta,Forecast Redelong representative point. BMKG ADM4 reference: 11.17.05.2002 (Bale Redelong). Initial BMKG reference for catchment point Spatial role: provisional_catchment. Area analisis provisional; menunggu konfirmasi batas DAS resmi.,10-09-2026,BMKG,BMKG,yes,1.35,0.9869,1.3323,24,24,200,75,,,,
gpm1,GPM1,2026-09-10,11.17.05.2002,Bale Redelong,provisional_catchment,yes,4.81572033808049,96.877105410688,Asia/Jakarta,Forecast Redelong representative point. BMKG ADM4 reference: 11.17.05.2002 (Bale Redelong). Initial BMKG reference for catchment point Spatial role: provisional_catchment. Area analisis provisional; menunggu konfirmasi batas DAS resmi.,10-09-2026,CMA,Open-Meteo / CMA GRAPES,yes,1.0,1.0,1.0,24,24,200,512,,,,
gpm1,GPM1,2026-09-10,11.17.05.2002,Bale Redelong,provisional_catchment,yes,4.81572033808049,96.877105410688,Asia/Jakarta,Forecast Redelong representative point. BMKG ADM4 reference: 11.17.05.2002 (Bale Redelong). Initial BMKG reference for catchment point Spatial role: provisional_catchment. Area analisis provisional; menunggu konfirmasi batas DAS resmi.,10-09-2026,ECMWF,Open-Meteo / ECMWF,yes,1.0,1.0,1.0,24,24,200,475,,,,
gpm1,GPM1,2026-09-10,11.17.05.2002,Bale Redelong,provisional_catchment,yes,4.81572033808049,96.877105410688,Asia/Jakarta,Forecast Redelong representative point. BMKG ADM4 reference: 11.17.05.2002 (Bale Redelong). Initial BMKG reference for catchment point Spatial role: provisional_catchment. Area analisis provisional; menunggu konfirmasi batas DAS resmi.,10-09-2026,GFS,Open-Meteo / NOAA GFS,yes,1.0,1.0,1.0,24,24,200,532,,,,
gpm1,GPM1,2026-09-10,11.17.05.2002,Bale Redelong,provisional_catchment,yes,4.81572033808049,96.877105410688,Asia/Jakarta,Forecast Redelong representative point. BMKG ADM4 reference: 11.17.05.2002 (Bale Redelong). Initial BMKG reference for catchment point Spatial role: provisional_catchment. Area analisis provisional; menunggu konfirmasi batas DAS resmi.,10-09-2026,ICON,Open-Meteo / DWD ICON,yes,1.0,1.0,1.0,24,24,200,478,,,,
gpm1,GPM1,2026-09-10,11.17.05.2002,Bale Redelong,provisional_catchment,yes,4.81572033808049,96.877105410688,Asia/Jakarta,Forecast Redelong representative point. BMKG ADM4 reference: 11.17.05.2002 (Bale Redelong). Initial BMKG reference for catchment point Spatial role: provisional_catchment. Area analisis provisional; menunggu konfirmasi batas DAS resmi.,10-09-2026,METEOFRANCE,Open-Meteo / Meteo-France,yes,1.0,1.0,1.0,24,24,200,475,,,,
gpm1,GPM1,2026-09-10,11.17.05.2002,Bale Redelong,provisional_catchment,yes,4.81572033808049,96.877105410688,Asia/Jakarta,Forecast Redelong representative point. BMKG ADM4 reference: 11.17.05.2002 (Bale Redelong). Initial BMKG reference for catchment point Spatial role: provisional_catchment. Area analisis provisional; menunggu konfirmasi batas DAS resmi.,10-09-2026,UKMO,Open-Meteo / UK Met Office,yes,1.0,1.0,1.0,24,24,200,471,,,,
gpm1,GPM1,2026-09-11,11.17.05.2002,Bale Redelong,provisional_catchment,yes,4.81572033808049,96.877105410688,Asia/Jakarta,Forecast Redelong representative point. BMKG ADM4 reference: 11.17.05.2002 (Bale Redelong). Initial BMKG reference for catchment point Spatial role: provisional_catchment. Area analisis provisional; menunggu konfirmasi batas DAS resmi.,11-09-2026,BMKG,BMKG,yes,1.35,0.9915,1.3385,24,24,200,61,,,,
gpm1,GPM1,2026-09-11,11.17.05.2002,Bale Redelong,provisional_catchment,yes,4.81572033808049,96.877105410688,Asia/Jakarta,Forecast Redelong representative point. BMKG ADM4 reference: 11.17.05.2002 (Bale Redelong). Initial BMKG reference for catchment point Spatial role: provisional_catchment. Area analisis provisional; menunggu konfirmasi batas DAS resmi.,11-09-2026,CMA,Open-Meteo / CMA GRAPES,yes,1.0,1.0,1.0,24,24,200,504,,,,
gpm1,GPM1,2026-09-11,11.17.05.2002,Bale Redelong,provisional_catchment,yes,4.81572033808049,96.877105410688,Asia/Jakarta,Forecast Redelong representative point. BMKG ADM4 reference: 11.17.05.2002 (Bale Redelong). Initial BMKG reference for catchment point Spatial role: provisional_catchment. Area analisis provisional; menunggu konfirmasi batas DAS resmi.,11-09-2026,ECMWF,Open-Meteo / ECMWF,yes,1.0,1.0,1.0,24,24,200,481,,,,
gpm1,GPM1,2026-09-11,11.17.05.2002,Bale Redelong,provisional_catchment,yes,4.81572033808049,96.877105410688,Asia/Jakarta,Forecast Redelong representative point. BMKG ADM4 reference: 11.17.05.2002 (Bale Redelong). Initial BMKG reference for catchment point Spatial role: provisional_catchment. Area analisis provisional; menunggu konfirmasi batas DAS resmi.,11-09-2026,GFS,Open-Meteo / NOAA GFS,yes,1.0,1.0,1.0,24,24,200,484,,,,
gpm1,GPM1,2026-09-11,11.17.05.2002,Bale Redelong,provisional_catchment,yes,4.81572033808049,96.877105410688,Asia/Jakarta,Forecast Redelong representative point. BMKG ADM4 reference: 11.17.05.2002 (Bale Redelong). Initial BMKG reference for catchment point Spatial role: provisional_catchment. Area analisis provisional; menunggu konfirmasi batas DAS resmi.,11-09-2026,ICON,Open-Meteo / DWD ICON,yes,1.0,1.0,1.0,24,24,200,471,,,,
gpm1,GPM1,2026-09-11,11.17.05.2002,Bale Redelong,provisional_catchment,yes,4.81572033808049,96.877105410688,Asia/Jakarta,Forecast Redelong representative point. BMKG ADM4 reference: 11.17.05.2002 (Bale Redelong). Initial BMKG reference for catchment point Spatial role: provisional_catchment. Area analisis provisional; menunggu konfirmasi batas DAS resmi.,11-09-2026,METEOFRANCE,Open-Meteo / Meteo-France,yes,1.0,1.0,1.0,24,24,200,666,,,,
gpm1,GPM1,2026-09-11,11.17.05.2002,Bale Redelong,provisional_catchment,yes,4.81572033808049,96.877105410688,Asia/Jakarta,Forecast Redelong representative point. BMKG ADM4 reference: 11.17.05.2002 (Bale Redelong). Initial BMKG reference for catchment point Spatial role: provisional_catchment. Area analisis provisional; menunggu konfirmasi batas DAS resmi.,11-09-2026,UKMO,Open-Meteo / UK Met Office,yes,1.0,1.0,1.0,24,24,200,496,,,,
gpm1,GPM1,2026-09-12,11.17.05.2002,Bale Redelong,provisional_catchment,yes,4.81572033808049,96.877105410688,Asia/Jakarta,Forecast Redelong representative point. BMKG ADM4 reference: 11.17.05.2002 (Bale Redelong). Initial BMKG reference for catchment point Spatial role: provisional_catchment. Area analisis provisional; menunggu konfirmasi batas DAS resmi.,12-09-2026,BMKG,BMKG,no,1.35,0.9945,1.3426,0,24,,140,,,,BMKG tidak mengembalikan kandidat untuk target date
gpm1,GPM1,2026-09-12,11.17.05.2002,Bale Redelong,provisional_catchment,yes,4.81572033808049,96.877105410688,Asia/Jakarta,Forecast Redelong representative point. BMKG ADM4 reference: 11.17.05.2002 (Bale Redelong). Initial BMKG reference for catchment point Spatial role: provisional_catchment. Area analisis provisional; menunggu konfirmasi batas DAS resmi.,12-09-2026,CMA,Open-Meteo / CMA GRAPES,yes,1.0,1.0,1.0,24,24,200,636,,,,
gpm1,GPM1,2026-09-12,11.17.05.2002,Bale Redelong,provisional_catchment,yes,4.81572033808049,96.877105410688,Asia/Jakarta,Forecast Redelong representative point. BMKG ADM4 reference: 11.17.05.2002 (Bale Redelong). Initial BMKG reference for catchment point Spatial role: provisional_catchment. Area analisis provisional; menunggu konfirmasi batas DAS resmi.,12-09-2026,ECMWF,Open-Meteo / ECMWF,yes,1.0,1.0,1.0,24,24,200,537,,,,
gpm1,GPM1,2026-09-12,11.17.05.2002,Bale Redelong,provisional_catchment,yes,4.81572033808049,96.877105410688,Asia/Jakarta,Forecast Redelong representative point. BMKG ADM4 reference: 11.17.05.2002 (Bale Redelong). Initial BMKG reference for catchment point Spatial role: provisional_catchment. Area analisis provisional; menunggu konfirmasi batas DAS resmi.,12-09-2026,GFS,Open-Meteo / NOAA GFS,yes,1.0,1.0,1.0,24,24,200,629,,,,
gpm1,GPM1,2026-09-12,11.17.05.2002,Bale Redelong,provisional_catchment,yes,4.81572033808049,96.877105410688,Asia/Jakarta,Forecast Redelong representative point. BMKG ADM4 reference: 11.17.05.2002 (Bale Redelong). Initial BMKG reference for catchment point Spatial role: provisional_catchment. Area analisis provisional; menunggu konfirmasi batas DAS resmi.,12-09-2026,ICON,Open-Meteo / DWD ICON,yes,1.0,1.0,1.0,24,24,200,514,,,,
gpm1,GPM1,2026-09-12,11.17.05.2002,Bale Redelong,provisional_catchment,yes,4.81572033808049,96.877105410688,Asia/Jakarta,Forecast Redelong representative point. BMKG ADM4 reference: 11.17.05.2002 (Bale Redelong). Initial BMKG reference for catchment point Spatial role: provisional_catchment. Area analisis provisional; menunggu konfirmasi batas DAS resmi.,12-09-2026,METEOFRANCE,Open-Meteo / Meteo-France,yes,1.0,1.0,1.0,24,24,200,565,,,,
gpm1,GPM1,2026-09-12,11.17.05.2002,Bale Redelong,provisional_catchment,yes,4.81572033808049,96.877105410688,Asia/Jakarta,Forecast Redelong representative point. BMKG ADM4 reference: 11.17.05.2002 (Bale Redelong). Initial BMKG reference for catchment point Spatial role: provisional_catchment. Area analisis provisional; menunggu konfirmasi batas DAS resmi.,12-09-2026,UKMO,Open-Meteo / UK Met Office,yes,1.0,1.0,1.0,24,24,200,515,,,,
gpm2,GPM2,2026-09-09,11.17.05.2002,Bale Redelong,provisional_catchment,yes,4.811672965065149,96.9505347134354,Asia/Jakarta,Forecast Redelong representative point. BMKG ADM4 reference: 11.17.05.2002 (Bale Redelong). Initial BMKG reference for catchment point Spatial role: provisional_catchment. Area analisis provisional; menunggu konfirmasi batas DAS resmi.,09-09-2026,BMKG,BMKG,yes,1.35,1.0,1.35,18,24,200,68,,,,
gpm2,GPM2,2026-09-09,11.17.05.2002,Bale Redelong,provisional_catchment,yes,4.811672965065149,96.9505347134354,Asia/Jakarta,Forecast Redelong representative point. BMKG ADM4 reference: 11.17.05.2002 (Bale Redelong). Initial BMKG reference for catchment point Spatial role: provisional_catchment. Area analisis provisional; menunggu konfirmasi batas DAS resmi.,09-09-2026,CMA,Open-Meteo / CMA GRAPES,yes,1.0,1.0,1.0,24,24,200,509,,,,
gpm2,GPM2,2026-09-09,11.17.05.2002,Bale Redelong,provisional_catchment,yes,4.811672965065149,96.9505347134354,Asia/Jakarta,Forecast Redelong representative point. BMKG ADM4 reference: 11.17.05.2002 (Bale Redelong). Initial BMKG reference for catchment point Spatial role: provisional_catchment. Area analisis provisional; menunggu konfirmasi batas DAS resmi.,09-09-2026,ECMWF,Open-Meteo / ECMWF,yes,1.0,1.0,1.0,24,24,200,515,,,,
gpm2,GPM2,2026-09-09,11.17.05.2002,Bale Redelong,provisional_catchment,yes,4.811672965065149,96.9505347134354,Asia/Jakarta,Forecast Redelong representative point. BMKG ADM4 reference: 11.17.05.2002 (Bale Redelong). Initial BMKG reference for catchment point Spatial role: provisional_catchment. Area analisis provisional; menunggu konfirmasi batas DAS resmi.,09-09-2026,GFS,Open-Meteo / NOAA GFS,yes,1.0,1.0,1.0,24,24,200,590,,,,
gpm2,GPM2,2026-09-09,11.17.05.2002,Bale Redelong,provisional_catchment,yes,4.811672965065149,96.9505347134354,Asia/Jakarta,Forecast Redelong representative point. BMKG ADM4 reference: 11.17.05.2002 (Bale Redelong). Initial BMKG reference for catchment point Spatial role: provisional_catchment. Area analisis provisional; menunggu konfirmasi batas DAS resmi.,09-09-2026,ICON,Open-Meteo / DWD ICON,yes,1.0,1.0,1.0,24,24,200,481,,,,
gpm2,GPM2,2026-09-09,11.17.05.2002,Bale Redelong,provisional_catchment,yes,4.811672965065149,96.9505347134354,Asia/Jakarta,Forecast Redelong representative point. BMKG ADM4 reference: 11.17.05.2002 (Bale Redelong). Initial BMKG reference for catchment point Spatial role: provisional_catchment. Area analisis provisional; menunggu konfirmasi batas DAS resmi.,09-09-2026,METEOFRANCE,Open-Meteo / Meteo-France,yes,1.0,1.0,1.0,24,24,200,659,,,,
gpm2,GPM2,2026-09-09,11.17.05.2002,Bale Redelong,provisional_catchment,yes,4.811672965065149,96.9505347134354,Asia/Jakarta,Forecast Redelong representative point. BMKG ADM4 reference: 11.17.05.2002 (Bale Redelong). Initial BMKG reference for catchment point Spatial role: provisional_catchment. Area analisis provisional; menunggu konfirmasi batas DAS resmi.,09-09-2026,UKMO,Open-Meteo / UK Met Office,yes,1.0,1.0,1.0,24,24,200,495,,,,
gpm2,GPM2,2026-09-10,11.17.05.2002,Bale Redelong,provisional_catchment,yes,4.811672965065149,96.9505347134354,Asia/Jakarta,Forecast Redelong representative point. BMKG ADM4 reference: 11.17.05.2002 (Bale Redelong). Initial BMKG reference for catchment point Spatial role: provisional_catchment. Area analisis provisional; menunggu konfirmasi batas DAS resmi.,10-09-2026,BMKG,BMKG,yes,1.35,0.9869,1.3323,24,24,200,179,,,,
gpm2,GPM2,2026-09-10,11.17.05.2002,Bale Redelong,provisional_catchment,yes,4.811672965065149,96.9505347134354,Asia/Jakarta,Forecast Redelong representative point. BMKG ADM4 reference: 11.17.05.2002 (Bale Redelong). Initial BMKG reference for catchment point Spatial role: provisional_catchment. Area analisis provisional; menunggu konfirmasi batas DAS resmi.,10-09-2026,CMA,Open-Meteo / CMA GRAPES,yes,1.0,1.0,1.0,24,24,200,525,,,,
gpm2,GPM2,2026-09-10,11.17.05.2002,Bale Redelong,provisional_catchment,yes,4.811672965065149,96.9505347134354,Asia/Jakarta,Forecast Redelong representative point. BMKG ADM4 reference: 11.17.05.2002 (Bale Redelong). Initial BMKG reference for catchment point Spatial role: provisional_catchment. Area analisis provisional; menunggu konfirmasi batas DAS resmi.,10-09-2026,ECMWF,Open-Meteo / ECMWF,yes,1.0,1.0,1.0,24,24,200,495,,,,
gpm2,GPM2,2026-09-10,11.17.05.2002,Bale Redelong,provisional_catchment,yes,4.811672965065149,96.9505347134354,Asia/Jakarta,Forecast Redelong representative point. BMKG ADM4 reference: 11.17.05.2002 (Bale Redelong). Initial BMKG reference for catchment point Spatial role: provisional_catchment. Area analisis provisional; menunggu konfirmasi batas DAS resmi.,10-09-2026,GFS,Open-Meteo / NOAA GFS,yes,1.0,1.0,1.0,24,24,200,473,,,,
gpm2,GPM2,2026-09-10,11.17.05.2002,Bale Redelong,provisional_catchment,yes,4.811672965065149,96.9505347134354,Asia/Jakarta,Forecast Redelong representative point. BMKG ADM4 reference: 11.17.05.2002 (Bale Redelong). Initial BMKG reference for catchment point Spatial role: provisional_catchment. Area analisis provisional; menunggu konfirmasi batas DAS resmi.,10-09-2026,ICON,Open-Meteo / DWD ICON,yes,1.0,1.0,1.0,24,24,200,476,,,,
gpm2,GPM2,2026-09-10,11.17.05.2002,Bale Redelong,provisional_catchment,yes,4.811672965065149,96.9505347134354,Asia/Jakarta,Forecast Redelong representative point. BMKG ADM4 reference: 11.17.05.2002 (Bale Redelong). Initial BMKG reference for catchment point Spatial role: provisional_catchment. Area analisis provisional; menunggu konfirmasi batas DAS resmi.,10-09-2026,METEOFRANCE,Open-Meteo / Meteo-France,yes,1.0,1.0,1.0,24,24,200,511,,,,
gpm2,GPM2,2026-09-10,11.17.05.2002,Bale Redelong,provisional_catchment,yes,4.811672965065149,96.9505347134354,Asia/Jakarta,Forecast Redelong representative point. BMKG ADM4 reference: 11.17.05.2002 (Bale Redelong). Initial BMKG reference for catchment point Spatial role: provisional_catchment. Area analisis provisional; menunggu konfirmasi batas DAS resmi.,10-09-2026,UKMO,Open-Meteo / UK Met Office,yes,1.0,1.0,1.0,24,24,200,513,,,,
gpm2,GPM2,2026-09-11,11.17.05.2002,Bale Redelong,provisional_catchment,yes,4.811672965065149,96.9505347134354,Asia/Jakarta,Forecast Redelong representative point. BMKG ADM4 reference: 11.17.05.2002 (Bale Redelong). Initial BMKG reference for catchment point Spatial role: provisional_catchment. Area analisis provisional; menunggu konfirmasi batas DAS resmi.,11-09-2026,BMKG,BMKG,yes,1.35,0.9915,1.3385,24,24,200,55,,,,
gpm2,GPM2,2026-09-11,11.17.05.2002,Bale Redelong,provisional_catchment,yes,4.811672965065149,96.9505347134354,Asia/Jakarta,Forecast Redelong representative point. BMKG ADM4 reference: 11.17.05.2002 (Bale Redelong). Initial BMKG reference for catchment point Spatial role: provisional_catchment. Area analisis provisional; menunggu konfirmasi batas DAS resmi.,11-09-2026,CMA,Open-Meteo / CMA GRAPES,yes,1.0,1.0,1.0,24,24,200,471,,,,
gpm2,GPM2,2026-09-11,11.17.05.2002,Bale Redelong,provisional_catchment,yes,4.811672965065149,96.9505347134354,Asia/Jakarta,Forecast Redelong representative point. BMKG ADM4 reference: 11.17.05.2002 (Bale Redelong). Initial BMKG reference for catchment point Spatial role: provisional_catchment. Area analisis provisional; menunggu konfirmasi batas DAS resmi.,11-09-2026,ECMWF,Open-Meteo / ECMWF,yes,1.0,1.0,1.0,24,24,200,472,,,,
gpm2,GPM2,2026-09-11,11.17.05.2002,Bale Redelong,provisional_catchment,yes,4.811672965065149,96.9505347134354,Asia/Jakarta,Forecast Redelong representative point. BMKG ADM4 reference: 11.17.05.2002 (Bale Redelong). Initial BMKG reference for catchment point Spatial role: provisional_catchment. Area analisis provisional; menunggu konfirmasi batas DAS resmi.,11-09-2026,GFS,Open-Meteo / NOAA GFS,yes,1.0,1.0,1.0,24,24,200,483,,,,
gpm2,GPM2,2026-09-11,11.17.05.2002,Bale Redelong,provisional_catchment,yes,4.811672965065149,96.9505347134354,Asia/Jakarta,Forecast Redelong representative point. BMKG ADM4 reference: 11.17.05.2002 (Bale Redelong). Initial BMKG reference for catchment point Spatial role: provisional_catchment. Area analisis provisional; menunggu konfirmasi batas DAS resmi.,11-09-2026,ICON,Open-Meteo / DWD ICON,yes,1.0,1.0,1.0,24,24,200,481,,,,
gpm2,GPM2,2026-09-11,11.17.05.2002,Bale Redelong,provisional_catchment,yes,4.811672965065149,96.9505347134354,Asia/Jakarta,Forecast Redelong representative point. BMKG ADM4 reference: 11.17.05.2002 (Bale Redelong). Initial BMKG reference for catchment point Spatial role: provisional_catchment. Area analisis provisional; menunggu konfirmasi batas DAS resmi.,11-09-2026,METEOFRANCE,Open-Meteo / Meteo-France,yes,1.0,1.0,1.0,24,24,200,506,,,,
gpm2,GPM2,2026-09-11,11.17.05.2002,Bale Redelong,provisional_catchment,yes,4.811672965065149,96.9505347134354,Asia/Jakarta,Forecast Redelong representative point. BMKG ADM4 reference: 11.17.05.2002 (Bale Redelong). Initial BMKG reference for catchment point Spatial role: provisional_catchment. Area analisis provisional; menunggu konfirmasi batas DAS resmi.,11-09-2026,UKMO,Open-Meteo / UK Met Office,yes,1.0,1.0,1.0,24,24,200,497,,,,
gpm2,GPM2,2026-09-12,11.17.05.2002,Bale Redelong,provisional_catchment,yes,4.811672965065149,96.9505347134354,Asia/Jakarta,Forecast Redelong representative point. BMKG ADM4 reference: 11.17.05.2002 (Bale Redelong). Initial BMKG reference for catchment point Spatial role: provisional_catchment. Area analisis provisional; menunggu konfirmasi batas DAS resmi.,12-09-2026,BMKG,BMKG,no,1.35,0.9945,1.3426,0,24,,104,,,,BMKG tidak mengembalikan kandidat untuk target date
gpm2,GPM2,2026-09-12,11.17.05.2002,Bale Redelong,provisional_catchment,yes,4.811672965065149,96.9505347134354,Asia/Jakarta,Forecast Redelong representative point. BMKG ADM4 reference: 11.17.05.2002 (Bale Redelong). Initial BMKG reference for catchment point Spatial role: provisional_catchment. Area analisis provisional; menunggu konfirmasi batas DAS resmi.,12-09-2026,CMA,Open-Meteo / CMA GRAPES,yes,1.0,1.0,1.0,24,24,200,473,,,,
gpm2,GPM2,2026-09-12,11.17.05.2002,Bale Redelong,provisional_catchment,yes,4.811672965065149,96.9505347134354,Asia/Jakarta,Forecast Redelong representative point. BMKG ADM4 reference: 11.17.05.2002 (Bale Redelong). Initial BMKG reference for catchment point Spatial role: provisional_catchment. Area analisis provisional; menunggu konfirmasi batas DAS resmi.,12-09-2026,ECMWF,Open-Meteo / ECMWF,yes,1.0,1.0,1.0,24,24,200,684,,,,
gpm2,GPM2,2026-09-12,11.17.05.2002,Bale Redelong,provisional_catchment,yes,4.811672965065149,96.9505347134354,Asia/Jakarta,Forecast Redelong representative point. BMKG ADM4 reference: 11.17.05.2002 (Bale Redelong). Initial BMKG reference for catchment point Spatial role: provisional_catchment. Area analisis provisional; menunggu konfirmasi batas DAS resmi.,12-09-2026,GFS,Open-Meteo / NOAA GFS,yes,1.0,1.0,1.0,24,24,200,490,,,,
gpm2,GPM2,2026-09-12,11.17.05.2002,Bale Redelong,provisional_catchment,yes,4.811672965065149,96.9505347134354,Asia/Jakarta,Forecast Redelong representative point. BMKG ADM4 reference: 11.17.05.2002 (Bale Redelong). Initial BMKG reference for catchment point Spatial role: provisional_catchment. Area analisis provisional; menunggu konfirmasi batas DAS resmi.,12-09-2026,ICON,Open-Meteo / DWD ICON,yes,1.0,1.0,1.0,24,24,200,523,,,,
gpm2,GPM2,2026-09-12,11.17.05.2002,Bale Redelong,provisional_catchment,yes,4.811672965065149,96.9505347134354,Asia/Jakarta,Forecast Redelong representative point. BMKG ADM4 reference: 11.17.05.2002 (Bale Redelong). Initial BMKG reference for catchment point Spatial role: provisional_catchment. Area analisis provisional; menunggu konfirmasi batas DAS resmi.,12-09-2026,METEOFRANCE,Open-Meteo / Meteo-France,yes,1.0,1.0,1.0,24,24,200,502,,,,
gpm2,GPM2,2026-09-12,11.17.05.2002,Bale Redelong,provisional_catchment,yes,4.811672965065149,96.9505347134354,Asia/Jakarta,Forecast Redelong representative point. BMKG ADM4 reference: 11.17.05.2002 (Bale Redelong). Initial BMKG reference for catchment point Spatial role: provisional_catchment. Area analisis provisional; menunggu konfirmasi batas DAS resmi.,12-09-2026,UKMO,Open-Meteo / UK Met Office,yes,1.0,1.0,1.0,24,24,200,523,,,,
gpm3,GPM3,2026-09-09,11.17.05.2002,Bale Redelong,provisional_catchment,yes,4.815409756944025,97.009911990332,Asia/Jakarta,Forecast Redelong representative point. BMKG ADM4 reference: 11.17.05.2002 (Bale Redelong). Initial BMKG reference for catchment point Spatial role: provisional_catchment. Area analisis provisional; menunggu konfirmasi batas DAS resmi.,09-09-2026,BMKG,BMKG,yes,1.35,1.0,1.35,18,24,200,113,,,,
gpm3,GPM3,2026-09-09,11.17.05.2002,Bale Redelong,provisional_catchment,yes,4.815409756944025,97.009911990332,Asia/Jakarta,Forecast Redelong representative point. BMKG ADM4 reference: 11.17.05.2002 (Bale Redelong). Initial BMKG reference for catchment point Spatial role: provisional_catchment. Area analisis provisional; menunggu konfirmasi batas DAS resmi.,09-09-2026,CMA,Open-Meteo / CMA GRAPES,yes,1.0,1.0,1.0,24,24,200,645,,,,
gpm3,GPM3,2026-09-09,11.17.05.2002,Bale Redelong,provisional_catchment,yes,4.815409756944025,97.009911990332,Asia/Jakarta,Forecast Redelong representative point. BMKG ADM4 reference: 11.17.05.2002 (Bale Redelong). Initial BMKG reference for catchment point Spatial role: provisional_catchment. Area analisis provisional; menunggu konfirmasi batas DAS resmi.,09-09-2026,ECMWF,Open-Meteo / ECMWF,yes,1.0,1.0,1.0,24,24,200,490,,,,
gpm3,GPM3,2026-09-09,11.17.05.2002,Bale Redelong,provisional_catchment,yes,4.815409756944025,97.009911990332,Asia/Jakarta,Forecast Redelong representative point. BMKG ADM4 reference: 11.17.05.2002 (Bale Redelong). Initial BMKG reference for catchment point Spatial role: provisional_catchment. Area analisis provisional; menunggu konfirmasi batas DAS resmi.,09-09-2026,GFS,Open-Meteo / NOAA GFS,yes,1.0,1.0,1.0,24,24,200,513,,,,
gpm3,GPM3,2026-09-09,11.17.05.2002,Bale Redelong,provisional_catchment,yes,4.815409756944025,97.009911990332,Asia/Jakarta,Forecast Redelong representative point. BMKG ADM4 reference: 11.17.05.2002 (Bale Redelong). Initial BMKG reference for catchment point Spatial role: provisional_catchment. Area analisis provisional; menunggu konfirmasi batas DAS resmi.,09-09-2026,ICON,Open-Meteo / DWD ICON,yes,1.0,1.0,1.0,24,24,200,482,,,,
gpm3,GPM3,2026-09-09,11.17.05.2002,Bale Redelong,provisional_catchment,yes,4.815409756944025,97.009911990332,Asia/Jakarta,Forecast Redelong representative point. BMKG ADM4 reference: 11.17.05.2002 (Bale Redelong). Initial BMKG reference for catchment point Spatial role: provisional_catchment. Area analisis provisional; menunggu konfirmasi batas DAS resmi.,09-09-2026,METEOFRANCE,Open-Meteo / Meteo-France,yes,1.0,1.0,1.0,24,24,200,506,,,,
gpm3,GPM3,2026-09-09,11.17.05.2002,Bale Redelong,provisional_catchment,yes,4.815409756944025,97.009911990332,Asia/Jakarta,Forecast Redelong representative point. BMKG ADM4 reference: 11.17.05.2002 (Bale Redelong). Initial BMKG reference for catchment point Spatial role: provisional_catchment. Area analisis provisional; menunggu konfirmasi batas DAS resmi.,09-09-2026,UKMO,Open-Meteo / UK Met Office,yes,1.0,1.0,1.0,24,24,200,494,,,,
gpm3,GPM3,2026-09-10,11.17.05.2002,Bale Redelong,provisional_catchment,yes,4.815409756944025,97.009911990332,Asia/Jakarta,Forecast Redelong representative point. BMKG ADM4 reference: 11.17.05.2002 (Bale Redelong). Initial BMKG reference for catchment point Spatial role: provisional_catchment. Area analisis provisional; menunggu konfirmasi batas DAS resmi.,10-09-2026,BMKG,BMKG,yes,1.35,0.9869,1.3323,24,24,200,69,,,,
gpm3,GPM3,2026-09-10,11.17.05.2002,Bale Redelong,provisional_catchment,yes,4.815409756944025,97.009911990332,Asia/Jakarta,Forecast Redelong representative point. BMKG ADM4 reference: 11.17.05.2002 (Bale Redelong). Initial BMKG reference for catchment point Spatial role: provisional_catchment. Area analisis provisional; menunggu konfirmasi batas DAS resmi.,10-09-2026,CMA,Open-Meteo / CMA GRAPES,yes,1.0,1.0,1.0,24,24,200,502,,,,
gpm3,GPM3,2026-09-10,11.17.05.2002,Bale Redelong,provisional_catchment,yes,4.815409756944025,97.009911990332,Asia/Jakarta,Forecast Redelong representative point. BMKG ADM4 reference: 11.17.05.2002 (Bale Redelong). Initial BMKG reference for catchment point Spatial role: provisional_catchment. Area analisis provisional; menunggu konfirmasi batas DAS resmi.,10-09-2026,ECMWF,Open-Meteo / ECMWF,yes,1.0,1.0,1.0,24,24,200,523,,,,
gpm3,GPM3,2026-09-10,11.17.05.2002,Bale Redelong,provisional_catchment,yes,4.815409756944025,97.009911990332,Asia/Jakarta,Forecast Redelong representative point. BMKG ADM4 reference: 11.17.05.2002 (Bale Redelong). Initial BMKG reference for catchment point Spatial role: provisional_catchment. Area analisis provisional; menunggu konfirmasi batas DAS resmi.,10-09-2026,GFS,Open-Meteo / NOAA GFS,yes,1.0,1.0,1.0,24,24,200,489,,,,
gpm3,GPM3,2026-09-10,11.17.05.2002,Bale Redelong,provisional_catchment,yes,4.815409756944025,97.009911990332,Asia/Jakarta,Forecast Redelong representative point. BMKG ADM4 reference: 11.17.05.2002 (Bale Redelong). Initial BMKG reference for catchment point Spatial role: provisional_catchment. Area analisis provisional; menunggu konfirmasi batas DAS resmi.,10-09-2026,ICON,Open-Meteo / DWD ICON,yes,1.0,1.0,1.0,24,24,200,474,,,,
gpm3,GPM3,2026-09-10,11.17.05.2002,Bale Redelong,provisional_catchment,yes,4.815409756944025,97.009911990332,Asia/Jakarta,Forecast Redelong representative point. BMKG ADM4 reference: 11.17.05.2002 (Bale Redelong). Initial BMKG reference for catchment point Spatial role: provisional_catchment. Area analisis provisional; menunggu konfirmasi batas DAS resmi.,10-09-2026,METEOFRANCE,Open-Meteo / Meteo-France,yes,1.0,1.0,1.0,24,24,200,523,,,,
gpm3,GPM3,2026-09-10,11.17.05.2002,Bale Redelong,provisional_catchment,yes,4.815409756944025,97.009911990332,Asia/Jakarta,Forecast Redelong representative point. BMKG ADM4 reference: 11.17.05.2002 (Bale Redelong). Initial BMKG reference for catchment point Spatial role: provisional_catchment. Area analisis provisional; menunggu konfirmasi batas DAS resmi.,10-09-2026,UKMO,Open-Meteo / UK Met Office,yes,1.0,1.0,1.0,24,24,200,489,,,,
gpm3,GPM3,2026-09-11,11.17.05.2002,Bale Redelong,provisional_catchment,yes,4.815409756944025,97.009911990332,Asia/Jakarta,Forecast Redelong representative point. BMKG ADM4 reference: 11.17.05.2002 (Bale Redelong). Initial BMKG reference for catchment point Spatial role: provisional_catchment. Area analisis provisional; menunggu konfirmasi batas DAS resmi.,11-09-2026,BMKG,BMKG,yes,1.35,0.9915,1.3385,24,24,200,142,,,,
gpm3,GPM3,2026-09-11,11.17.05.2002,Bale Redelong,provisional_catchment,yes,4.815409756944025,97.009911990332,Asia/Jakarta,Forecast Redelong representative point. BMKG ADM4 reference: 11.17.05.2002 (Bale Redelong). Initial BMKG reference for catchment point Spatial role: provisional_catchment. Area analisis provisional; menunggu konfirmasi batas DAS resmi.,11-09-2026,CMA,Open-Meteo / CMA GRAPES,yes,1.0,1.0,1.0,24,24,200,504,,,,
gpm3,GPM3,2026-09-11,11.17.05.2002,Bale Redelong,provisional_catchment,yes,4.815409756944025,97.009911990332,Asia/Jakarta,Forecast Redelong representative point. BMKG ADM4 reference: 11.17.05.2002 (Bale Redelong). Initial BMKG reference for catchment point Spatial role: provisional_catchment. Area analisis provisional; menunggu konfirmasi batas DAS resmi.,11-09-2026,ECMWF,Open-Meteo / ECMWF,yes,1.0,1.0,1.0,24,24,200,480,,,,
gpm3,GPM3,2026-09-11,11.17.05.2002,Bale Redelong,provisional_catchment,yes,4.815409756944025,97.009911990332,Asia/Jakarta,Forecast Redelong representative point. BMKG ADM4 reference: 11.17.05.2002 (Bale Redelong). Initial BMKG reference for catchment point Spatial role: provisional_catchment. Area analisis provisional; menunggu konfirmasi batas DAS resmi.,11-09-2026,GFS,Open-Meteo / NOAA GFS,yes,1.0,1.0,1.0,24,24,200,506,,,,
gpm3,GPM3,2026-09-11,11.17.05.2002,Bale Redelong,provisional_catchment,yes,4.815409756944025,97.009911990332,Asia/Jakarta,Forecast Redelong representative point. BMKG ADM4 reference: 11.17.05.2002 (Bale Redelong). Initial BMKG reference for catchment point Spatial role: provisional_catchment. Area analisis provisional; menunggu konfirmasi batas DAS resmi.,11-09-2026,ICON,Open-Meteo / DWD ICON,yes,1.0,1.0,1.0,24,24,200,492,,,,
gpm3,GPM3,2026-09-11,11.17.05.2002,Bale Redelong,provisional_catchment,yes,4.815409756944025,97.009911990332,Asia/Jakarta,Forecast Redelong representative point. BMKG ADM4 reference: 11.17.05.2002 (Bale Redelong). Initial BMKG reference for catchment point Spatial role: provisional_catchment. Area analisis provisional; menunggu konfirmasi batas DAS resmi.,11-09-2026,METEOFRANCE,Open-Meteo / Meteo-France,yes,1.0,1.0,1.0,24,24,200,495,,,,
gpm3,GPM3,2026-09-11,11.17.05.2002,Bale Redelong,provisional_catchment,yes,4.815409756944025,97.009911990332,Asia/Jakarta,Forecast Redelong representative point. BMKG ADM4 reference: 11.17.05.2002 (Bale Redelong). Initial BMKG reference for catchment point Spatial role: provisional_catchment. Area analisis provisional; menunggu konfirmasi batas DAS resmi.,11-09-2026,UKMO,Open-Meteo / UK Met Office,yes,1.0,1.0,1.0,24,24,200,492,,,,
gpm3,GPM3,2026-09-12,11.17.05.2002,Bale Redelong,provisional_catchment,yes,4.815409756944025,97.009911990332,Asia/Jakarta,Forecast Redelong representative point. BMKG ADM4 reference: 11.17.05.2002 (Bale Redelong). Initial BMKG reference for catchment point Spatial role: provisional_catchment. Area analisis provisional; menunggu konfirmasi batas DAS resmi.,12-09-2026,BMKG,BMKG,no,1.35,0.9945,1.3426,0,24,,122,,,,BMKG tidak mengembalikan kandidat untuk target date
gpm3,GPM3,2026-09-12,11.17.05.2002,Bale Redelong,provisional_catchment,yes,4.815409756944025,97.009911990332,Asia/Jakarta,Forecast Redelong representative point. BMKG ADM4 reference: 11.17.05.2002 (Bale Redelong). Initial BMKG reference for catchment point Spatial role: provisional_catchment. Area analisis provisional; menunggu konfirmasi batas DAS resmi.,12-09-2026,CMA,Open-Meteo / CMA GRAPES,yes,1.0,1.0,1.0,24,24,200,514,,,,
gpm3,GPM3,2026-09-12,11.17.05.2002,Bale Redelong,provisional_catchment,yes,4.815409756944025,97.009911990332,Asia/Jakarta,Forecast Redelong representative point. BMKG ADM4 reference: 11.17.05.2002 (Bale Redelong). Initial BMKG reference for catchment point Spatial role: provisional_catchment. Area analisis provisional; menunggu konfirmasi batas DAS resmi.,12-09-2026,ECMWF,Open-Meteo / ECMWF,yes,1.0,1.0,1.0,24,24,200,483,,,,
gpm3,GPM3,2026-09-12,11.17.05.2002,Bale Redelong,provisional_catchment,yes,4.815409756944025,97.009911990332,Asia/Jakarta,Forecast Redelong representative point. BMKG ADM4 reference: 11.17.05.2002 (Bale Redelong). Initial BMKG reference for catchment point Spatial role: provisional_catchment. Area analisis provisional; menunggu konfirmasi batas DAS resmi.,12-09-2026,GFS,Open-Meteo / NOAA GFS,yes,1.0,1.0,1.0,24,24,200,523,,,,
gpm3,GPM3,2026-09-12,11.17.05.2002,Bale Redelong,provisional_catchment,yes,4.815409756944025,97.009911990332,Asia/Jakarta,Forecast Redelong representative point. BMKG ADM4 reference: 11.17.05.2002 (Bale Redelong). Initial BMKG reference for catchment point Spatial role: provisional_catchment. Area analisis provisional; menunggu konfirmasi batas DAS resmi.,12-09-2026,ICON,Open-Meteo / DWD ICON,yes,1.0,1.0,1.0,24,24,200,479,,,,
gpm3,GPM3,2026-09-12,11.17.05.2002,Bale Redelong,provisional_catchment,yes,4.815409756944025,97.009911990332,Asia/Jakarta,Forecast Redelong representative point. BMKG ADM4 reference: 11.17.05.2002 (Bale Redelong). Initial BMKG reference for catchment point Spatial role: provisional_catchment. Area analisis provisional; menunggu konfirmasi batas DAS resmi.,12-09-2026,METEOFRANCE,Open-Meteo / Meteo-France,yes,1.0,1.0,1.0,24,24,200,479,,,,
gpm3,GPM3,2026-09-12,11.17.05.2002,Bale Redelong,provisional_catchment,yes,4.815409756944025,97.009911990332,Asia/Jakarta,Forecast Redelong representative point. BMKG ADM4 reference: 11.17.05.2002 (Bale Redelong). Initial BMKG reference for catchment point Spatial role: provisional_catchment. Area analisis provisional; menunggu konfirmasi batas DAS resmi.,12-09-2026,UKMO,Open-Meteo / UK Met Office,yes,1.0,1.0,1.0,24,24,200,502,,,,
gpm4,GPM4,2026-09-09,11.17.05.2002,Bale Redelong,provisional_catchment,yes,4.778238355009202,96.8876539578458,Asia/Jakarta,Forecast Redelong representative point. BMKG ADM4 reference: 11.17.05.2002 (Bale Redelong). Initial BMKG reference for catchment point Spatial role: provisional_catchment. Area analisis provisional; menunggu konfirmasi batas DAS resmi.,09-09-2026,BMKG,BMKG,yes,1.35,1.0,1.35,18,24,200,158,,,,
gpm4,GPM4,2026-09-09,11.17.05.2002,Bale Redelong,provisional_catchment,yes,4.778238355009202,96.8876539578458,Asia/Jakarta,Forecast Redelong representative point. BMKG ADM4 reference: 11.17.05.2002 (Bale Redelong). Initial BMKG reference for catchment point Spatial role: provisional_catchment. Area analisis provisional; menunggu konfirmasi batas DAS resmi.,09-09-2026,CMA,Open-Meteo / CMA GRAPES,yes,1.0,1.0,1.0,24,24,200,482,,,,
gpm4,GPM4,2026-09-09,11.17.05.2002,Bale Redelong,provisional_catchment,yes,4.778238355009202,96.8876539578458,Asia/Jakarta,Forecast Redelong representative point. BMKG ADM4 reference: 11.17.05.2002 (Bale Redelong). Initial BMKG reference for catchment point Spatial role: provisional_catchment. Area analisis provisional; menunggu konfirmasi batas DAS resmi.,09-09-2026,ECMWF,Open-Meteo / ECMWF,yes,1.0,1.0,1.0,24,24,200,496,,,,
gpm4,GPM4,2026-09-09,11.17.05.2002,Bale Redelong,provisional_catchment,yes,4.778238355009202,96.8876539578458,Asia/Jakarta,Forecast Redelong representative point. BMKG ADM4 reference: 11.17.05.2002 (Bale Redelong). Initial BMKG reference for catchment point Spatial role: provisional_catchment. Area analisis provisional; menunggu konfirmasi batas DAS resmi.,09-09-2026,GFS,Open-Meteo / NOAA GFS,yes,1.0,1.0,1.0,24,24,200,494,,,,
gpm4,GPM4,2026-09-09,11.17.05.2002,Bale Redelong,provisional_catchment,yes,4.778238355009202,96.8876539578458,Asia/Jakarta,Forecast Redelong representative point. BMKG ADM4 reference: 11.17.05.2002 (Bale Redelong). Initial BMKG reference for catchment point Spatial role: provisional_catchment. Area analisis provisional; menunggu konfirmasi batas DAS resmi.,09-09-2026,ICON,Open-Meteo / DWD ICON,yes,1.0,1.0,1.0,24,24,200,489,,,,
gpm4,GPM4,2026-09-09,11.17.05.2002,Bale Redelong,provisional_catchment,yes,4.778238355009202,96.8876539578458,Asia/Jakarta,Forecast Redelong representative point. BMKG ADM4 reference: 11.17.05.2002 (Bale Redelong). Initial BMKG reference for catchment point Spatial role: provisional_catchment. Area analisis provisional; menunggu konfirmasi batas DAS resmi.,09-09-2026,METEOFRANCE,Open-Meteo / Meteo-France,yes,1.0,1.0,1.0,24,24,200,489,,,,
gpm4,GPM4,2026-09-09,11.17.05.2002,Bale Redelong,provisional_catchment,yes,4.778238355009202,96.8876539578458,Asia/Jakarta,Forecast Redelong representative point. BMKG ADM4 reference: 11.17.05.2002 (Bale Redelong). Initial BMKG reference for catchment point Spatial role: provisional_catchment. Area analisis provisional; menunggu konfirmasi batas DAS resmi.,09-09-2026,UKMO,Open-Meteo / UK Met Office,yes,1.0,1.0,1.0,24,24,200,504,,,,
gpm4,GPM4,2026-09-10,11.17.05.2002,Bale Redelong,provisional_catchment,yes,4.778238355009202,96.8876539578458,Asia/Jakarta,Forecast Redelong representative point. BMKG ADM4 reference: 11.17.05.2002 (Bale Redelong). Initial BMKG reference for catchment point Spatial role: provisional_catchment. Area analisis provisional; menunggu konfirmasi batas DAS resmi.,10-09-2026,BMKG,BMKG,yes,1.35,0.9869,1.3323,24,24,200,54,,,,
gpm4,GPM4,2026-09-10,11.17.05.2002,Bale Redelong,provisional_catchment,yes,4.778238355009202,96.8876539578458,Asia/Jakarta,Forecast Redelong representative point. BMKG ADM4 reference: 11.17.05.2002 (Bale Redelong). Initial BMKG reference for catchment point Spatial role: provisional_catchment. Area analisis provisional; menunggu konfirmasi batas DAS resmi.,10-09-2026,CMA,Open-Meteo / CMA GRAPES,yes,1.0,1.0,1.0,24,24,200,535,,,,
gpm4,GPM4,2026-09-10,11.17.05.2002,Bale Redelong,provisional_catchment,yes,4.778238355009202,96.8876539578458,Asia/Jakarta,Forecast Redelong representative point. BMKG ADM4 reference: 11.17.05.2002 (Bale Redelong). Initial BMKG reference for catchment point Spatial role: provisional_catchment. Area analisis provisional; menunggu konfirmasi batas DAS resmi.,10-09-2026,ECMWF,Open-Meteo / ECMWF,yes,1.0,1.0,1.0,24,24,200,494,,,,
gpm4,GPM4,2026-09-10,11.17.05.2002,Bale Redelong,provisional_catchment,yes,4.778238355009202,96.8876539578458,Asia/Jakarta,Forecast Redelong representative point. BMKG ADM4 reference: 11.17.05.2002 (Bale Redelong). Initial BMKG reference for catchment point Spatial role: provisional_catchment. Area analisis provisional; menunggu konfirmasi batas DAS resmi.,10-09-2026,GFS,Open-Meteo / NOAA GFS,yes,1.0,1.0,1.0,24,24,200,523,,,,
gpm4,GPM4,2026-09-10,11.17.05.2002,Bale Redelong,provisional_catchment,yes,4.778238355009202,96.8876539578458,Asia/Jakarta,Forecast Redelong representative point. BMKG ADM4 reference: 11.17.05.2002 (Bale Redelong). Initial BMKG reference for catchment point Spatial role: provisional_catchment. Area analisis provisional; menunggu konfirmasi batas DAS resmi.,10-09-2026,ICON,Open-Meteo / DWD ICON,yes,1.0,1.0,1.0,24,24,200,503,,,,
gpm4,GPM4,2026-09-10,11.17.05.2002,Bale Redelong,provisional_catchment,yes,4.778238355009202,96.8876539578458,Asia/Jakarta,Forecast Redelong representative point. BMKG ADM4 reference: 11.17.05.2002 (Bale Redelong). Initial BMKG reference for catchment point Spatial role: provisional_catchment. Area analisis provisional; menunggu konfirmasi batas DAS resmi.,10-09-2026,METEOFRANCE,Open-Meteo / Meteo-France,yes,1.0,1.0,1.0,24,24,200,477,,,,
gpm4,GPM4,2026-09-10,11.17.05.2002,Bale Redelong,provisional_catchment,yes,4.778238355009202,96.8876539578458,Asia/Jakarta,Forecast Redelong representative point. BMKG ADM4 reference: 11.17.05.2002 (Bale Redelong). Initial BMKG reference for catchment point Spatial role: provisional_catchment. Area analisis provisional; menunggu konfirmasi batas DAS resmi.,10-09-2026,UKMO,Open-Meteo / UK Met Office,yes,1.0,1.0,1.0,24,24,200,502,,,,
gpm4,GPM4,2026-09-11,11.17.05.2002,Bale Redelong,provisional_catchment,yes,4.778238355009202,96.8876539578458,Asia/Jakarta,Forecast Redelong representative point. BMKG ADM4 reference: 11.17.05.2002 (Bale Redelong). Initial BMKG reference for catchment point Spatial role: provisional_catchment. Area analisis provisional; menunggu konfirmasi batas DAS resmi.,11-09-2026,BMKG,BMKG,yes,1.35,0.9915,1.3385,24,24,200,72,,,,
gpm4,GPM4,2026-09-11,11.17.05.2002,Bale Redelong,provisional_catchment,yes,4.778238355009202,96.8876539578458,Asia/Jakarta,Forecast Redelong representative point. BMKG ADM4 reference: 11.17.05.2002 (Bale Redelong). Initial BMKG reference for catchment point Spatial role: provisional_catchment. Area analisis provisional; menunggu konfirmasi batas DAS resmi.,11-09-2026,CMA,Open-Meteo / CMA GRAPES,yes,1.0,1.0,1.0,24,24,200,481,,,,
gpm4,GPM4,2026-09-11,11.17.05.2002,Bale Redelong,provisional_catchment,yes,4.778238355009202,96.8876539578458,Asia/Jakarta,Forecast Redelong representative point. BMKG ADM4 reference: 11.17.05.2002 (Bale Redelong). Initial BMKG reference for catchment point Spatial role: provisional_catchment. Area analisis provisional; menunggu konfirmasi batas DAS resmi.,11-09-2026,ECMWF,Open-Meteo / ECMWF,yes,1.0,1.0,1.0,24,24,200,490,,,,
gpm4,GPM4,2026-09-11,11.17.05.2002,Bale Redelong,provisional_catchment,yes,4.778238355009202,96.8876539578458,Asia/Jakarta,Forecast Redelong representative point. BMKG ADM4 reference: 11.17.05.2002 (Bale Redelong). Initial BMKG reference for catchment point Spatial role: provisional_catchment. Area analisis provisional; menunggu konfirmasi batas DAS resmi.,11-09-2026,GFS,Open-Meteo / NOAA GFS,yes,1.0,1.0,1.0,24,24,200,494,,,,
gpm4,GPM4,2026-09-11,11.17.05.2002,Bale Redelong,provisional_catchment,yes,4.778238355009202,96.8876539578458,Asia/Jakarta,Forecast Redelong representative point. BMKG ADM4 reference: 11.17.05.2002 (Bale Redelong). Initial BMKG reference for catchment point Spatial role: provisional_catchment. Area analisis provisional; menunggu konfirmasi batas DAS resmi.,11-09-2026,ICON,Open-Meteo / DWD ICON,yes,1.0,1.0,1.0,24,24,200,489,,,,
gpm4,GPM4,2026-09-11,11.17.05.2002,Bale Redelong,provisional_catchment,yes,4.778238355009202,96.8876539578458,Asia/Jakarta,Forecast Redelong representative point. BMKG ADM4 reference: 11.17.05.2002 (Bale Redelong). Initial BMKG reference for catchment point Spatial role: provisional_catchment. Area analisis provisional; menunggu konfirmasi batas DAS resmi.,11-09-2026,METEOFRANCE,Open-Meteo / Meteo-France,yes,1.0,1.0,1.0,24,24,200,508,,,,
gpm4,GPM4,2026-09-11,11.17.05.2002,Bale Redelong,provisional_catchment,yes,4.778238355009202,96.8876539578458,Asia/Jakarta,Forecast Redelong representative point. BMKG ADM4 reference: 11.17.05.2002 (Bale Redelong). Initial BMKG reference for catchment point Spatial role: provisional_catchment. Area analisis provisional; menunggu konfirmasi batas DAS resmi.,11-09-2026,UKMO,Open-Meteo / UK Met Office,yes,1.0,1.0,1.0,24,24,200,504,,,,
gpm4,GPM4,2026-09-12,11.17.05.2002,Bale Redelong,provisional_catchment,yes,4.778238355009202,96.8876539578458,Asia/Jakarta,Forecast Redelong representative point. BMKG ADM4 reference: 11.17.05.2002 (Bale Redelong). Initial BMKG reference for catchment point Spatial role: provisional_catchment. Area analisis provisional; menunggu konfirmasi batas DAS resmi.,12-09-2026,BMKG,BMKG,no,1.35,0.9945,1.3426,0,24,,91,,,,BMKG tidak mengembalikan kandidat untuk target date
gpm4,GPM4,2026-09-12,11.17.05.2002,Bale Redelong,provisional_catchment,yes,4.778238355009202,96.8876539578458,Asia/Jakarta,Forecast Redelong representative point. BMKG ADM4 reference: 11.17.05.2002 (Bale Redelong). Initial BMKG reference for catchment point Spatial role: provisional_catchment. Area analisis provisional; menunggu konfirmasi batas DAS resmi.,12-09-2026,CMA,Open-Meteo / CMA GRAPES,yes,1.0,1.0,1.0,24,24,200,483,,,,
gpm4,GPM4,2026-09-12,11.17.05.2002,Bale Redelong,provisional_catchment,yes,4.778238355009202,96.8876539578458,Asia/Jakarta,Forecast Redelong representative point. BMKG ADM4 reference: 11.17.05.2002 (Bale Redelong). Initial BMKG reference for catchment point Spatial role: provisional_catchment. Area analisis provisional; menunggu konfirmasi batas DAS resmi.,12-09-2026,ECMWF,Open-Meteo / ECMWF,yes,1.0,1.0,1.0,24,24,200,492,,,,
gpm4,GPM4,2026-09-12,11.17.05.2002,Bale Redelong,provisional_catchment,yes,4.778238355009202,96.8876539578458,Asia/Jakarta,Forecast Redelong representative point. BMKG ADM4 reference: 11.17.05.2002 (Bale Redelong). Initial BMKG reference for catchment point Spatial role: provisional_catchment. Area analisis provisional; menunggu konfirmasi batas DAS resmi.,12-09-2026,GFS,Open-Meteo / NOAA GFS,yes,1.0,1.0,1.0,24,24,200,475,,,,
gpm4,GPM4,2026-09-12,11.17.05.2002,Bale Redelong,provisional_catchment,yes,4.778238355009202,96.8876539578458,Asia/Jakarta,Forecast Redelong representative point. BMKG ADM4 reference: 11.17.05.2002 (Bale Redelong). Initial BMKG reference for catchment point Spatial role: provisional_catchment. Area analisis provisional; menunggu konfirmasi batas DAS resmi.,12-09-2026,ICON,Open-Meteo / DWD ICON,yes,1.0,1.0,1.0,24,24,200,504,,,,
gpm4,GPM4,2026-09-12,11.17.05.2002,Bale Redelong,provisional_catchment,yes,4.778238355009202,96.8876539578458,Asia/Jakarta,Forecast Redelong representative point. BMKG ADM4 reference: 11.17.05.2002 (Bale Redelong). Initial BMKG reference for catchment point Spatial role: provisional_catchment. Area analisis provisional; menunggu konfirmasi batas DAS resmi.,12-09-2026,METEOFRANCE,Open-Meteo / Meteo-France,yes,1.0,1.0,1.0,24,24,200,480,,,,
gpm4,GPM4,2026-09-12,11.17.05.2002,Bale Redelong,provisional_catchment,yes,4.778238355009202,96.8876539578458,Asia/Jakarta,Forecast Redelong representative point. BMKG ADM4 reference: 11.17.05.2002 (Bale Redelong). Initial BMKG reference for catchment point Spatial role: provisional_catchment. Area analisis provisional; menunggu konfirmasi batas DAS resmi.,12-09-2026,UKMO,Open-Meteo / UK Met Office,yes,1.0,1.0,1.0,24,24,200,497,,,,
gpm5,GPM5,2026-09-09,11.17.05.2002,Bale Redelong,provisional_catchment,yes,4.767312077178135,96.94566692384144,Asia/Jakarta,Forecast Redelong representative point. BMKG ADM4 reference: 11.17.05.2002 (Bale Redelong). Initial BMKG reference for catchment point Spatial role: provisional_catchment. Area analisis provisional; menunggu konfirmasi batas DAS resmi.,09-09-2026,BMKG,BMKG,yes,1.35,1.0,1.35,18,24,200,76,,,,
gpm5,GPM5,2026-09-09,11.17.05.2002,Bale Redelong,provisional_catchment,yes,4.767312077178135,96.94566692384144,Asia/Jakarta,Forecast Redelong representative point. BMKG ADM4 reference: 11.17.05.2002 (Bale Redelong). Initial BMKG reference for catchment point Spatial role: provisional_catchment. Area analisis provisional; menunggu konfirmasi batas DAS resmi.,09-09-2026,CMA,Open-Meteo / CMA GRAPES,yes,1.0,1.0,1.0,24,24,200,474,,,,
gpm5,GPM5,2026-09-09,11.17.05.2002,Bale Redelong,provisional_catchment,yes,4.767312077178135,96.94566692384144,Asia/Jakarta,Forecast Redelong representative point. BMKG ADM4 reference: 11.17.05.2002 (Bale Redelong). Initial BMKG reference for catchment point Spatial role: provisional_catchment. Area analisis provisional; menunggu konfirmasi batas DAS resmi.,09-09-2026,ECMWF,Open-Meteo / ECMWF,yes,1.0,1.0,1.0,24,24,200,518,,,,
gpm5,GPM5,2026-09-09,11.17.05.2002,Bale Redelong,provisional_catchment,yes,4.767312077178135,96.94566692384144,Asia/Jakarta,Forecast Redelong representative point. BMKG ADM4 reference: 11.17.05.2002 (Bale Redelong). Initial BMKG reference for catchment point Spatial role: provisional_catchment. Area analisis provisional; menunggu konfirmasi batas DAS resmi.,09-09-2026,GFS,Open-Meteo / NOAA GFS,yes,1.0,1.0,1.0,24,24,200,491,,,,
gpm5,GPM5,2026-09-09,11.17.05.2002,Bale Redelong,provisional_catchment,yes,4.767312077178135,96.94566692384144,Asia/Jakarta,Forecast Redelong representative point. BMKG ADM4 reference: 11.17.05.2002 (Bale Redelong). Initial BMKG reference for catchment point Spatial role: provisional_catchment. Area analisis provisional; menunggu konfirmasi batas DAS resmi.,09-09-2026,ICON,Open-Meteo / DWD ICON,yes,1.0,1.0,1.0,24,24,200,485,,,,
gpm5,GPM5,2026-09-09,11.17.05.2002,Bale Redelong,provisional_catchment,yes,4.767312077178135,96.94566692384144,Asia/Jakarta,Forecast Redelong representative point. BMKG ADM4 reference: 11.17.05.2002 (Bale Redelong). Initial BMKG reference for catchment point Spatial role: provisional_catchment. Area analisis provisional; menunggu konfirmasi batas DAS resmi.,09-09-2026,METEOFRANCE,Open-Meteo / Meteo-France,yes,1.0,1.0,1.0,24,24,200,522,,,,
gpm5,GPM5,2026-09-09,11.17.05.2002,Bale Redelong,provisional_catchment,yes,4.767312077178135,96.94566692384144,Asia/Jakarta,Forecast Redelong representative point. BMKG ADM4 reference: 11.17.05.2002 (Bale Redelong). Initial BMKG reference for catchment point Spatial role: provisional_catchment. Area analisis provisional; menunggu konfirmasi batas DAS resmi.,09-09-2026,UKMO,Open-Meteo / UK Met Office,yes,1.0,1.0,1.0,24,24,200,499,,,,
gpm5,GPM5,2026-09-10,11.17.05.2002,Bale Redelong,provisional_catchment,yes,4.767312077178135,96.94566692384144,Asia/Jakarta,Forecast Redelong representative point. BMKG ADM4 reference: 11.17.05.2002 (Bale Redelong). Initial BMKG reference for catchment point Spatial role: provisional_catchment. Area analisis provisional; menunggu konfirmasi batas DAS resmi.,10-09-2026,BMKG,BMKG,yes,1.35,0.9869,1.3323,24,24,200,133,,,,
gpm5,GPM5,2026-09-10,11.17.05.2002,Bale Redelong,provisional_catchment,yes,4.767312077178135,96.94566692384144,Asia/Jakarta,Forecast Redelong representative point. BMKG ADM4 reference: 11.17.05.2002 (Bale Redelong). Initial BMKG reference for catchment point Spatial role: provisional_catchment. Area analisis provisional; menunggu konfirmasi batas DAS resmi.,10-09-2026,CMA,Open-Meteo / CMA GRAPES,yes,1.0,1.0,1.0,24,24,200,503,,,,
gpm5,GPM5,2026-09-10,11.17.05.2002,Bale Redelong,provisional_catchment,yes,4.767312077178135,96.94566692384144,Asia/Jakarta,Forecast Redelong representative point. BMKG ADM4 reference: 11.17.05.2002 (Bale Redelong). Initial BMKG reference for catchment point Spatial role: provisional_catchment. Area analisis provisional; menunggu konfirmasi batas DAS resmi.,10-09-2026,ECMWF,Open-Meteo / ECMWF,yes,1.0,1.0,1.0,24,24,200,481,,,,
gpm5,GPM5,2026-09-10,11.17.05.2002,Bale Redelong,provisional_catchment,yes,4.767312077178135,96.94566692384144,Asia/Jakarta,Forecast Redelong representative point. BMKG ADM4 reference: 11.17.05.2002 (Bale Redelong). Initial BMKG reference for catchment point Spatial role: provisional_catchment. Area analisis provisional; menunggu konfirmasi batas DAS resmi.,10-09-2026,GFS,Open-Meteo / NOAA GFS,yes,1.0,1.0,1.0,24,24,200,504,,,,
gpm5,GPM5,2026-09-10,11.17.05.2002,Bale Redelong,provisional_catchment,yes,4.767312077178135,96.94566692384144,Asia/Jakarta,Forecast Redelong representative point. BMKG ADM4 reference: 11.17.05.2002 (Bale Redelong). Initial BMKG reference for catchment point Spatial role: provisional_catchment. Area analisis provisional; menunggu konfirmasi batas DAS resmi.,10-09-2026,ICON,Open-Meteo / DWD ICON,yes,1.0,1.0,1.0,24,24,200,507,,,,
gpm5,GPM5,2026-09-10,11.17.05.2002,Bale Redelong,provisional_catchment,yes,4.767312077178135,96.94566692384144,Asia/Jakarta,Forecast Redelong representative point. BMKG ADM4 reference: 11.17.05.2002 (Bale Redelong). Initial BMKG reference for catchment point Spatial role: provisional_catchment. Area analisis provisional; menunggu konfirmasi batas DAS resmi.,10-09-2026,METEOFRANCE,Open-Meteo / Meteo-France,yes,1.0,1.0,1.0,24,24,200,494,,,,
gpm5,GPM5,2026-09-10,11.17.05.2002,Bale Redelong,provisional_catchment,yes,4.767312077178135,96.94566692384144,Asia/Jakarta,Forecast Redelong representative point. BMKG ADM4 reference: 11.17.05.2002 (Bale Redelong). Initial BMKG reference for catchment point Spatial role: provisional_catchment. Area analisis provisional; menunggu konfirmasi batas DAS resmi.,10-09-2026,UKMO,Open-Meteo / UK Met Office,yes,1.0,1.0,1.0,24,24,200,493,,,,
gpm5,GPM5,2026-09-11,11.17.05.2002,Bale Redelong,provisional_catchment,yes,4.767312077178135,96.94566692384144,Asia/Jakarta,Forecast Redelong representative point. BMKG ADM4 reference: 11.17.05.2002 (Bale Redelong). Initial BMKG reference for catchment point Spatial role: provisional_catchment. Area analisis provisional; menunggu konfirmasi batas DAS resmi.,11-09-2026,BMKG,BMKG,yes,1.35,0.9915,1.3385,24,24,200,61,,,,
gpm5,GPM5,2026-09-11,11.17.05.2002,Bale Redelong,provisional_catchment,yes,4.767312077178135,96.94566692384144,Asia/Jakarta,Forecast Redelong representative point. BMKG ADM4 reference: 11.17.05.2002 (Bale Redelong). Initial BMKG reference for catchment point Spatial role: provisional_catchment. Area analisis provisional; menunggu konfirmasi batas DAS resmi.,11-09-2026,CMA,Open-Meteo / CMA GRAPES,yes,1.0,1.0,1.0,24,24,200,493,,,,
gpm5,GPM5,2026-09-11,11.17.05.2002,Bale Redelong,provisional_catchment,yes,4.767312077178135,96.94566692384144,Asia/Jakarta,Forecast Redelong representative point. BMKG ADM4 reference: 11.17.05.2002 (Bale Redelong). Initial BMKG reference for catchment point Spatial role: provisional_catchment. Area analisis provisional; menunggu konfirmasi batas DAS resmi.,11-09-2026,ECMWF,Open-Meteo / ECMWF,yes,1.0,1.0,1.0,24,24,200,483,,,,
gpm5,GPM5,2026-09-11,11.17.05.2002,Bale Redelong,provisional_catchment,yes,4.767312077178135,96.94566692384144,Asia/Jakarta,Forecast Redelong representative point. BMKG ADM4 reference: 11.17.05.2002 (Bale Redelong). Initial BMKG reference for catchment point Spatial role: provisional_catchment. Area analisis provisional; menunggu konfirmasi batas DAS resmi.,11-09-2026,GFS,Open-Meteo / NOAA GFS,yes,1.0,1.0,1.0,24,24,200,510,,,,
gpm5,GPM5,2026-09-11,11.17.05.2002,Bale Redelong,provisional_catchment,yes,4.767312077178135,96.94566692384144,Asia/Jakarta,Forecast Redelong representative point. BMKG ADM4 reference: 11.17.05.2002 (Bale Redelong). Initial BMKG reference for catchment point Spatial role: provisional_catchment. Area analisis provisional; menunggu konfirmasi batas DAS resmi.,11-09-2026,ICON,Open-Meteo / DWD ICON,yes,1.0,1.0,1.0,24,24,200,480,,,,
gpm5,GPM5,2026-09-11,11.17.05.2002,Bale Redelong,provisional_catchment,yes,4.767312077178135,96.94566692384144,Asia/Jakarta,Forecast Redelong representative point. BMKG ADM4 reference: 11.17.05.2002 (Bale Redelong). Initial BMKG reference for catchment point Spatial role: provisional_catchment. Area analisis provisional; menunggu konfirmasi batas DAS resmi.,11-09-2026,METEOFRANCE,Open-Meteo / Meteo-France,yes,1.0,1.0,1.0,24,24,200,556,,,,
gpm5,GPM5,2026-09-11,11.17.05.2002,Bale Redelong,provisional_catchment,yes,4.767312077178135,96.94566692384144,Asia/Jakarta,Forecast Redelong representative point. BMKG ADM4 reference: 11.17.05.2002 (Bale Redelong). Initial BMKG reference for catchment point Spatial role: provisional_catchment. Area analisis provisional; menunggu konfirmasi batas DAS resmi.,11-09-2026,UKMO,Open-Meteo / UK Met Office,yes,1.0,1.0,1.0,24,24,200,527,,,,
gpm5,GPM5,2026-09-12,11.17.05.2002,Bale Redelong,provisional_catchment,yes,4.767312077178135,96.94566692384144,Asia/Jakarta,Forecast Redelong representative point. BMKG ADM4 reference: 11.17.05.2002 (Bale Redelong). Initial BMKG reference for catchment point Spatial role: provisional_catchment. Area analisis provisional; menunggu konfirmasi batas DAS resmi.,12-09-2026,BMKG,BMKG,no,1.35,0.9945,1.3426,0,24,,375,,,,BMKG tidak mengembalikan kandidat untuk target date
gpm5,GPM5,2026-09-12,11.17.05.2002,Bale Redelong,provisional_catchment,yes,4.767312077178135,96.94566692384144,Asia/Jakarta,Forecast Redelong representative point. BMKG ADM4 reference: 11.17.05.2002 (Bale Redelong). Initial BMKG reference for catchment point Spatial role: provisional_catchment. Area analisis provisional; menunggu konfirmasi batas DAS resmi.,12-09-2026,CMA,Open-Meteo / CMA GRAPES,yes,1.0,1.0,1.0,24,24,200,516,,,,
gpm5,GPM5,2026-09-12,11.17.05.2002,Bale Redelong,provisional_catchment,yes,4.767312077178135,96.94566692384144,Asia/Jakarta,Forecast Redelong representative point. BMKG ADM4 reference: 11.17.05.2002 (Bale Redelong). Initial BMKG reference for catchment point Spatial role: provisional_catchment. Area analisis provisional; menunggu konfirmasi batas DAS resmi.,12-09-2026,ECMWF,Open-Meteo / ECMWF,yes,1.0,1.0,1.0,24,24,200,496,,,,
gpm5,GPM5,2026-09-12,11.17.05.2002,Bale Redelong,provisional_catchment,yes,4.767312077178135,96.94566692384144,Asia/Jakarta,Forecast Redelong representative point. BMKG ADM4 reference: 11.17.05.2002 (Bale Redelong). Initial BMKG reference for catchment point Spatial role: provisional_catchment. Area analisis provisional; menunggu konfirmasi batas DAS resmi.,12-09-2026,GFS,Open-Meteo / NOAA GFS,yes,1.0,1.0,1.0,24,24,200,515,,,,
gpm5,GPM5,2026-09-12,11.17.05.2002,Bale Redelong,provisional_catchment,yes,4.767312077178135,96.94566692384144,Asia/Jakarta,Forecast Redelong representative point. BMKG ADM4 reference: 11.17.05.2002 (Bale Redelong). Initial BMKG reference for catchment point Spatial role: provisional_catchment. Area analisis provisional; menunggu konfirmasi batas DAS resmi.,12-09-2026,ICON,Open-Meteo / DWD ICON,yes,1.0,1.0,1.0,24,24,200,522,,,,
gpm5,GPM5,2026-09-12,11.17.05.2002,Bale Redelong,provisional_catchment,yes,4.767312077178135,96.94566692384144,Asia/Jakarta,Forecast Redelong representative point. BMKG ADM4 reference: 11.17.05.2002 (Bale Redelong). Initial BMKG reference for catchment point Spatial role: provisional_catchment. Area analisis provisional; menunggu konfirmasi batas DAS resmi.,12-09-2026,METEOFRANCE,Open-Meteo / Meteo-France,yes,1.0,1.0,1.0,24,24,200,512,,,,
gpm5,GPM5,2026-09-12,11.17.05.2002,Bale Redelong,provisional_catchment,yes,4.767312077178135,96.94566692384144,Asia/Jakarta,Forecast Redelong representative point. BMKG ADM4 reference: 11.17.05.2002 (Bale Redelong). Initial BMKG reference for catchment point Spatial role: provisional_catchment. Area analisis provisional; menunggu konfirmasi batas DAS resmi.,12-09-2026,UKMO,Open-Meteo / UK Met Office,yes,1.0,1.0,1.0,24,24,200,510,,,,
gpm6,GPM6,2026-09-09,11.17.05.2002,Bale Redelong,provisional_catchment,yes,4.796061970712406,97.0098682419131,Asia/Jakarta,Forecast Redelong representative point. BMKG ADM4 reference: 11.17.05.2002 (Bale Redelong). Initial BMKG reference for catchment point Spatial role: provisional_catchment. Area analisis provisional; menunggu konfirmasi batas DAS resmi.,09-09-2026,BMKG,BMKG,yes,1.35,1.0,1.35,18,24,200,51,,,,
gpm6,GPM6,2026-09-09,11.17.05.2002,Bale Redelong,provisional_catchment,yes,4.796061970712406,97.0098682419131,Asia/Jakarta,Forecast Redelong representative point. BMKG ADM4 reference: 11.17.05.2002 (Bale Redelong). Initial BMKG reference for catchment point Spatial role: provisional_catchment. Area analisis provisional; menunggu konfirmasi batas DAS resmi.,09-09-2026,CMA,Open-Meteo / CMA GRAPES,yes,1.0,1.0,1.0,24,24,200,550,,,,
gpm6,GPM6,2026-09-09,11.17.05.2002,Bale Redelong,provisional_catchment,yes,4.796061970712406,97.0098682419131,Asia/Jakarta,Forecast Redelong representative point. BMKG ADM4 reference: 11.17.05.2002 (Bale Redelong). Initial BMKG reference for catchment point Spatial role: provisional_catchment. Area analisis provisional; menunggu konfirmasi batas DAS resmi.,09-09-2026,ECMWF,Open-Meteo / ECMWF,yes,1.0,1.0,1.0,24,24,200,504,,,,
gpm6,GPM6,2026-09-09,11.17.05.2002,Bale Redelong,provisional_catchment,yes,4.796061970712406,97.0098682419131,Asia/Jakarta,Forecast Redelong representative point. BMKG ADM4 reference: 11.17.05.2002 (Bale Redelong). Initial BMKG reference for catchment point Spatial role: provisional_catchment. Area analisis provisional; menunggu konfirmasi batas DAS resmi.,09-09-2026,GFS,Open-Meteo / NOAA GFS,yes,1.0,1.0,1.0,24,24,200,681,,,,
gpm6,GPM6,2026-09-09,11.17.05.2002,Bale Redelong,provisional_catchment,yes,4.796061970712406,97.0098682419131,Asia/Jakarta,Forecast Redelong representative point. BMKG ADM4 reference: 11.17.05.2002 (Bale Redelong). Initial BMKG reference for catchment point Spatial role: provisional_catchment. Area analisis provisional; menunggu konfirmasi batas DAS resmi.,09-09-2026,ICON,Open-Meteo / DWD ICON,yes,1.0,1.0,1.0,24,24,200,495,,,,
gpm6,GPM6,2026-09-09,11.17.05.2002,Bale Redelong,provisional_catchment,yes,4.796061970712406,97.0098682419131,Asia/Jakarta,Forecast Redelong representative point. BMKG ADM4 reference: 11.17.05.2002 (Bale Redelong). Initial BMKG reference for catchment point Spatial role: provisional_catchment. Area analisis provisional; menunggu konfirmasi batas DAS resmi.,09-09-2026,METEOFRANCE,Open-Meteo / Meteo-France,yes,1.0,1.0,1.0,24,24,200,492,,,,
gpm6,GPM6,2026-09-09,11.17.05.2002,Bale Redelong,provisional_catchment,yes,4.796061970712406,97.0098682419131,Asia/Jakarta,Forecast Redelong representative point. BMKG ADM4 reference: 11.17.05.2002 (Bale Redelong). Initial BMKG reference for catchment point Spatial role: provisional_catchment. Area analisis provisional; menunggu konfirmasi batas DAS resmi.,09-09-2026,UKMO,Open-Meteo / UK Met Office,yes,1.0,1.0,1.0,24,24,200,698,,,,
gpm6,GPM6,2026-09-10,11.17.05.2002,Bale Redelong,provisional_catchment,yes,4.796061970712406,97.0098682419131,Asia/Jakarta,Forecast Redelong representative point. BMKG ADM4 reference: 11.17.05.2002 (Bale Redelong). Initial BMKG reference for catchment point Spatial role: provisional_catchment. Area analisis provisional; menunggu konfirmasi batas DAS resmi.,10-09-2026,BMKG,BMKG,yes,1.35,0.9869,1.3323,24,24,200,81,,,,
gpm6,GPM6,2026-09-10,11.17.05.2002,Bale Redelong,provisional_catchment,yes,4.796061970712406,97.0098682419131,Asia/Jakarta,Forecast Redelong representative point. BMKG ADM4 reference: 11.17.05.2002 (Bale Redelong). Initial BMKG reference for catchment point Spatial role: provisional_catchment. Area analisis provisional; menunggu konfirmasi batas DAS resmi.,10-09-2026,CMA,Open-Meteo / CMA GRAPES,yes,1.0,1.0,1.0,24,24,200,601,,,,
gpm6,GPM6,2026-09-10,11.17.05.2002,Bale Redelong,provisional_catchment,yes,4.796061970712406,97.0098682419131,Asia/Jakarta,Forecast Redelong representative point. BMKG ADM4 reference: 11.17.05.2002 (Bale Redelong). Initial BMKG reference for catchment point Spatial role: provisional_catchment. Area analisis provisional; menunggu konfirmasi batas DAS resmi.,10-09-2026,ECMWF,Open-Meteo / ECMWF,yes,1.0,1.0,1.0,24,24,200,551,,,,
gpm6,GPM6,2026-09-10,11.17.05.2002,Bale Redelong,provisional_catchment,yes,4.796061970712406,97.0098682419131,Asia/Jakarta,Forecast Redelong representative point. BMKG ADM4 reference: 11.17.05.2002 (Bale Redelong). Initial BMKG reference for catchment point Spatial role: provisional_catchment. Area analisis provisional; menunggu konfirmasi batas DAS resmi.,10-09-2026,GFS,Open-Meteo / NOAA GFS,yes,1.0,1.0,1.0,24,24,200,559,,,,
gpm6,GPM6,2026-09-10,11.17.05.2002,Bale Redelong,provisional_catchment,yes,4.796061970712406,97.0098682419131,Asia/Jakarta,Forecast Redelong representative point. BMKG ADM4 reference: 11.17.05.2002 (Bale Redelong). Initial BMKG reference for catchment point Spatial role: provisional_catchment. Area analisis provisional; menunggu konfirmasi batas DAS resmi.,10-09-2026,ICON,Open-Meteo / DWD ICON,yes,1.0,1.0,1.0,24,24,200,586,,,,
gpm6,GPM6,2026-09-10,11.17.05.2002,Bale Redelong,provisional_catchment,yes,4.796061970712406,97.0098682419131,Asia/Jakarta,Forecast Redelong representative point. BMKG ADM4 reference: 11.17.05.2002 (Bale Redelong). Initial BMKG reference for catchment point Spatial role: provisional_catchment. Area analisis provisional; menunggu konfirmasi batas DAS resmi.,10-09-2026,METEOFRANCE,Open-Meteo / Meteo-France,yes,1.0,1.0,1.0,24,24,200,625,,,,
gpm6,GPM6,2026-09-10,11.17.05.2002,Bale Redelong,provisional_catchment,yes,4.796061970712406,97.0098682419131,Asia/Jakarta,Forecast Redelong representative point. BMKG ADM4 reference: 11.17.05.2002 (Bale Redelong). Initial BMKG reference for catchment point Spatial role: provisional_catchment. Area analisis provisional; menunggu konfirmasi batas DAS resmi.,10-09-2026,UKMO,Open-Meteo / UK Met Office,yes,1.0,1.0,1.0,24,24,200,546,,,,
gpm6,GPM6,2026-09-11,11.17.05.2002,Bale Redelong,provisional_catchment,yes,4.796061970712406,97.0098682419131,Asia/Jakarta,Forecast Redelong representative point. BMKG ADM4 reference: 11.17.05.2002 (Bale Redelong). Initial BMKG reference for catchment point Spatial role: provisional_catchment. Area analisis provisional; menunggu konfirmasi batas DAS resmi.,11-09-2026,BMKG,BMKG,yes,1.35,0.9915,1.3385,24,24,200,98,,,,
gpm6,GPM6,2026-09-11,11.17.05.2002,Bale Redelong,provisional_catchment,yes,4.796061970712406,97.0098682419131,Asia/Jakarta,Forecast Redelong representative point. BMKG ADM4 reference: 11.17.05.2002 (Bale Redelong). Initial BMKG reference for catchment point Spatial role: provisional_catchment. Area analisis provisional; menunggu konfirmasi batas DAS resmi.,11-09-2026,CMA,Open-Meteo / CMA GRAPES,yes,1.0,1.0,1.0,24,24,200,510,,,,
gpm6,GPM6,2026-09-11,11.17.05.2002,Bale Redelong,provisional_catchment,yes,4.796061970712406,97.0098682419131,Asia/Jakarta,Forecast Redelong representative point. BMKG ADM4 reference: 11.17.05.2002 (Bale Redelong). Initial BMKG reference for catchment point Spatial role: provisional_catchment. Area analisis provisional; menunggu konfirmasi batas DAS resmi.,11-09-2026,ECMWF,Open-Meteo / ECMWF,yes,1.0,1.0,1.0,24,24,200,564,,,,
gpm6,GPM6,2026-09-11,11.17.05.2002,Bale Redelong,provisional_catchment,yes,4.796061970712406,97.0098682419131,Asia/Jakarta,Forecast Redelong representative point. BMKG ADM4 reference: 11.17.05.2002 (Bale Redelong). Initial BMKG reference for catchment point Spatial role: provisional_catchment. Area analisis provisional; menunggu konfirmasi batas DAS resmi.,11-09-2026,GFS,Open-Meteo / NOAA GFS,yes,1.0,1.0,1.0,24,24,200,529,,,,
gpm6,GPM6,2026-09-11,11.17.05.2002,Bale Redelong,provisional_catchment,yes,4.796061970712406,97.0098682419131,Asia/Jakarta,Forecast Redelong representative point. BMKG ADM4 reference: 11.17.05.2002 (Bale Redelong). Initial BMKG reference for catchment point Spatial role: provisional_catchment. Area analisis provisional; menunggu konfirmasi batas DAS resmi.,11-09-2026,ICON,Open-Meteo / DWD ICON,yes,1.0,1.0,1.0,24,24,200,706,,,,
gpm6,GPM6,2026-09-11,11.17.05.2002,Bale Redelong,provisional_catchment,yes,4.796061970712406,97.0098682419131,Asia/Jakarta,Forecast Redelong representative point. BMKG ADM4 reference: 11.17.05.2002 (Bale Redelong). Initial BMKG reference for catchment point Spatial role: provisional_catchment. Area analisis provisional; menunggu konfirmasi batas DAS resmi.,11-09-2026,METEOFRANCE,Open-Meteo / Meteo-France,yes,1.0,1.0,1.0,24,24,200,493,,,,
gpm6,GPM6,2026-09-11,11.17.05.2002,Bale Redelong,provisional_catchment,yes,4.796061970712406,97.0098682419131,Asia/Jakarta,Forecast Redelong representative point. BMKG ADM4 reference: 11.17.05.2002 (Bale Redelong). Initial BMKG reference for catchment point Spatial role: provisional_catchment. Area analisis provisional; menunggu konfirmasi batas DAS resmi.,11-09-2026,UKMO,Open-Meteo / UK Met Office,yes,1.0,1.0,1.0,24,24,200,540,,,,
gpm6,GPM6,2026-09-12,11.17.05.2002,Bale Redelong,provisional_catchment,yes,4.796061970712406,97.0098682419131,Asia/Jakarta,Forecast Redelong representative point. BMKG ADM4 reference: 11.17.05.2002 (Bale Redelong). Initial BMKG reference for catchment point Spatial role: provisional_catchment. Area analisis provisional; menunggu konfirmasi batas DAS resmi.,12-09-2026,BMKG,BMKG,no,1.35,0.9945,1.3426,0,24,,135,,,,BMKG tidak mengembalikan kandidat untuk target date
gpm6,GPM6,2026-09-12,11.17.05.2002,Bale Redelong,provisional_catchment,yes,4.796061970712406,97.0098682419131,Asia/Jakarta,Forecast Redelong representative point. BMKG ADM4 reference: 11.17.05.2002 (Bale Redelong). Initial BMKG reference for catchment point Spatial role: provisional_catchment. Area analisis provisional; menunggu konfirmasi batas DAS resmi.,12-09-2026,CMA,Open-Meteo / CMA GRAPES,yes,1.0,1.0,1.0,24,24,200,553,,,,
gpm6,GPM6,2026-09-12,11.17.05.2002,Bale Redelong,provisional_catchment,yes,4.796061970712406,97.0098682419131,Asia/Jakarta,Forecast Redelong representative point. BMKG ADM4 reference: 11.17.05.2002 (Bale Redelong). Initial BMKG reference for catchment point Spatial role: provisional_catchment. Area analisis provisional; menunggu konfirmasi batas DAS resmi.,12-09-2026,ECMWF,Open-Meteo / ECMWF,yes,1.0,1.0,1.0,24,24,200,572,,,,
gpm6,GPM6,2026-09-12,11.17.05.2002,Bale Redelong,provisional_catchment,yes,4.796061970712406,97.0098682419131,Asia/Jakarta,Forecast Redelong representative point. BMKG ADM4 reference: 11.17.05.2002 (Bale Redelong). Initial BMKG reference for catchment point Spatial role: provisional_catchment. Area analisis provisional; menunggu konfirmasi batas DAS resmi.,12-09-2026,GFS,Open-Meteo / NOAA GFS,yes,1.0,1.0,1.0,24,24,200,667,,,,
gpm6,GPM6,2026-09-12,11.17.05.2002,Bale Redelong,provisional_catchment,yes,4.796061970712406,97.0098682419131,Asia/Jakarta,Forecast Redelong representative point. BMKG ADM4 reference: 11.17.05.2002 (Bale Redelong). Initial BMKG reference for catchment point Spatial role: provisional_catchment. Area analisis provisional; menunggu konfirmasi batas DAS resmi.,12-09-2026,ICON,Open-Meteo / DWD ICON,yes,1.0,1.0,1.0,24,24,200,614,,,,
gpm6,GPM6,2026-09-12,11.17.05.2002,Bale Redelong,provisional_catchment,yes,4.796061970712406,97.0098682419131,Asia/Jakarta,Forecast Redelong representative point. BMKG ADM4 reference: 11.17.05.2002 (Bale Redelong). Initial BMKG reference for catchment point Spatial role: provisional_catchment. Area analisis provisional; menunggu konfirmasi batas DAS resmi.,12-09-2026,METEOFRANCE,Open-Meteo / Meteo-France,yes,1.0,1.0,1.0,24,24,200,518,,,,
gpm6,GPM6,2026-09-12,11.17.05.2002,Bale Redelong,provisional_catchment,yes,4.796061970712406,97.0098682419131,Asia/Jakarta,Forecast Redelong representative point. BMKG ADM4 reference: 11.17.05.2002 (Bale Redelong). Initial BMKG reference for catchment point Spatial role: provisional_catchment. Area analisis provisional; menunggu konfirmasi batas DAS resmi.,12-09-2026,UKMO,Open-Meteo / UK Met Office,yes,1.0,1.0,1.0,24,24,200,605,,,,
gpm_grid_tamatue,GPM Grid TamaTue,2026-09-09,11.17.05.2002,Bale Redelong,external_comparison,yes,4.649902718619309,96.85017949357464,Asia/Jakarta,Forecast Redelong representative point. BMKG ADM4 reference: 11.17.05.2002 (Bale Redelong). Initial BMKG reference for catchment grid Spatial role: external_comparison. Grid terpisah dan terlalu jauh untuk langsung diasumsikan berkontribusi; hanya titik pembanding sampai konektivitas DAS dikonfirmasi.,09-09-2026,BMKG,BMKG,yes,1.35,1.0,1.35,18,24,200,72,,,,
gpm_grid_tamatue,GPM Grid TamaTue,2026-09-09,11.17.05.2002,Bale Redelong,external_comparison,yes,4.649902718619309,96.85017949357464,Asia/Jakarta,Forecast Redelong representative point. BMKG ADM4 reference: 11.17.05.2002 (Bale Redelong). Initial BMKG reference for catchment grid Spatial role: external_comparison. Grid terpisah dan terlalu jauh untuk langsung diasumsikan berkontribusi; hanya titik pembanding sampai konektivitas DAS dikonfirmasi.,09-09-2026,CMA,Open-Meteo / CMA GRAPES,yes,1.0,1.0,1.0,24,24,200,512,,,,
gpm_grid_tamatue,GPM Grid TamaTue,2026-09-09,11.17.05.2002,Bale Redelong,external_comparison,yes,4.649902718619309,96.85017949357464,Asia/Jakarta,Forecast Redelong representative point. BMKG ADM4 reference: 11.17.05.2002 (Bale Redelong). Initial BMKG reference for catchment grid Spatial role: external_comparison. Grid terpisah dan terlalu jauh untuk langsung diasumsikan berkontribusi; hanya titik pembanding sampai konektivitas DAS dikonfirmasi.,09-09-2026,ECMWF,Open-Meteo / ECMWF,yes,1.0,1.0,1.0,24,24,200,506,,,,
gpm_grid_tamatue,GPM Grid TamaTue,2026-09-09,11.17.05.2002,Bale Redelong,external_comparison,yes,4.649902718619309,96.85017949357464,Asia/Jakarta,Forecast Redelong representative point. BMKG ADM4 reference: 11.17.05.2002 (Bale Redelong). Initial BMKG reference for catchment grid Spatial role: external_comparison. Grid terpisah dan terlalu jauh untuk langsung diasumsikan berkontribusi; hanya titik pembanding sampai konektivitas DAS dikonfirmasi.,09-09-2026,GFS,Open-Meteo / NOAA GFS,yes,1.0,1.0,1.0,24,24,200,487,,,,
gpm_grid_tamatue,GPM Grid TamaTue,2026-09-09,11.17.05.2002,Bale Redelong,external_comparison,yes,4.649902718619309,96.85017949357464,Asia/Jakarta,Forecast Redelong representative point. BMKG ADM4 reference: 11.17.05.2002 (Bale Redelong). Initial BMKG reference for catchment grid Spatial role: external_comparison. Grid terpisah dan terlalu jauh untuk langsung diasumsikan berkontribusi; hanya titik pembanding sampai konektivitas DAS dikonfirmasi.,09-09-2026,ICON,Open-Meteo / DWD ICON,yes,1.0,1.0,1.0,24,24,200,494,,,,
gpm_grid_tamatue,GPM Grid TamaTue,2026-09-09,11.17.05.2002,Bale Redelong,external_comparison,yes,4.649902718619309,96.85017949357464,Asia/Jakarta,Forecast Redelong representative point. BMKG ADM4 reference: 11.17.05.2002 (Bale Redelong). Initial BMKG reference for catchment grid Spatial role: external_comparison. Grid terpisah dan terlalu jauh untuk langsung diasumsikan berkontribusi; hanya titik pembanding sampai konektivitas DAS dikonfirmasi.,09-09-2026,METEOFRANCE,Open-Meteo / Meteo-France,yes,1.0,1.0,1.0,24,24,200,487,,,,
gpm_grid_tamatue,GPM Grid TamaTue,2026-09-09,11.17.05.2002,Bale Redelong,external_comparison,yes,4.649902718619309,96.85017949357464,Asia/Jakarta,Forecast Redelong representative point. BMKG ADM4 reference: 11.17.05.2002 (Bale Redelong). Initial BMKG reference for catchment grid Spatial role: external_comparison. Grid terpisah dan terlalu jauh untuk langsung diasumsikan berkontribusi; hanya titik pembanding sampai konektivitas DAS dikonfirmasi.,09-09-2026,UKMO,Open-Meteo / UK Met Office,yes,1.0,1.0,1.0,24,24,200,510,,,,
gpm_grid_tamatue,GPM Grid TamaTue,2026-09-10,11.17.05.2002,Bale Redelong,external_comparison,yes,4.649902718619309,96.85017949357464,Asia/Jakarta,Forecast Redelong representative point. BMKG ADM4 reference: 11.17.05.2002 (Bale Redelong). Initial BMKG reference for catchment grid Spatial role: external_comparison. Grid terpisah dan terlalu jauh untuk langsung diasumsikan berkontribusi; hanya titik pembanding sampai konektivitas DAS dikonfirmasi.,10-09-2026,BMKG,BMKG,yes,1.35,0.9869,1.3323,24,24,200,113,,,,
gpm_grid_tamatue,GPM Grid TamaTue,2026-09-10,11.17.05.2002,Bale Redelong,external_comparison,yes,4.649902718619309,96.85017949357464,Asia/Jakarta,Forecast Redelong representative point. BMKG ADM4 reference: 11.17.05.2002 (Bale Redelong). Initial BMKG reference for catchment grid Spatial role: external_comparison. Grid terpisah dan terlalu jauh untuk langsung diasumsikan berkontribusi; hanya titik pembanding sampai konektivitas DAS dikonfirmasi.,10-09-2026,CMA,Open-Meteo / CMA GRAPES,yes,1.0,1.0,1.0,24,24,200,494,,,,
gpm_grid_tamatue,GPM Grid TamaTue,2026-09-10,11.17.05.2002,Bale Redelong,external_comparison,yes,4.649902718619309,96.85017949357464,Asia/Jakarta,Forecast Redelong representative point. BMKG ADM4 reference: 11.17.05.2002 (Bale Redelong). Initial BMKG reference for catchment grid Spatial role: external_comparison. Grid terpisah dan terlalu jauh untuk langsung diasumsikan berkontribusi; hanya titik pembanding sampai konektivitas DAS dikonfirmasi.,10-09-2026,ECMWF,Open-Meteo / ECMWF,yes,1.0,1.0,1.0,24,24,200,507,,,,
gpm_grid_tamatue,GPM Grid TamaTue,2026-09-10,11.17.05.2002,Bale Redelong,external_comparison,yes,4.649902718619309,96.85017949357464,Asia/Jakarta,Forecast Redelong representative point. BMKG ADM4 reference: 11.17.05.2002 (Bale Redelong). Initial BMKG reference for catchment grid Spatial role: external_comparison. Grid terpisah dan terlalu jauh untuk langsung diasumsikan berkontribusi; hanya titik pembanding sampai konektivitas DAS dikonfirmasi.,10-09-2026,GFS,Open-Meteo / NOAA GFS,yes,1.0,1.0,1.0,24,24,200,485,,,,
gpm_grid_tamatue,GPM Grid TamaTue,2026-09-10,11.17.05.2002,Bale Redelong,external_comparison,yes,4.649902718619309,96.85017949357464,Asia/Jakarta,Forecast Redelong representative point. BMKG ADM4 reference: 11.17.05.2002 (Bale Redelong). Initial BMKG reference for catchment grid Spatial role: external_comparison. Grid terpisah dan terlalu jauh untuk langsung diasumsikan berkontribusi; hanya titik pembanding sampai konektivitas DAS dikonfirmasi.,10-09-2026,ICON,Open-Meteo / DWD ICON,yes,1.0,1.0,1.0,24,24,200,517,,,,
gpm_grid_tamatue,GPM Grid TamaTue,2026-09-10,11.17.05.2002,Bale Redelong,external_comparison,yes,4.649902718619309,96.85017949357464,Asia/Jakarta,Forecast Redelong representative point. BMKG ADM4 reference: 11.17.05.2002 (Bale Redelong). Initial BMKG reference for catchment grid Spatial role: external_comparison. Grid terpisah dan terlalu jauh untuk langsung diasumsikan berkontribusi; hanya titik pembanding sampai konektivitas DAS dikonfirmasi.,10-09-2026,METEOFRANCE,Open-Meteo / Meteo-France,yes,1.0,1.0,1.0,24,24,200,641,,,,
gpm_grid_tamatue,GPM Grid TamaTue,2026-09-10,11.17.05.2002,Bale Redelong,external_comparison,yes,4.649902718619309,96.85017949357464,Asia/Jakarta,Forecast Redelong representative point. BMKG ADM4 reference: 11.17.05.2002 (Bale Redelong). Initial BMKG reference for catchment grid Spatial role: external_comparison. Grid terpisah dan terlalu jauh untuk langsung diasumsikan berkontribusi; hanya titik pembanding sampai konektivitas DAS dikonfirmasi.,10-09-2026,UKMO,Open-Meteo / UK Met Office,yes,1.0,1.0,1.0,24,24,200,504,,,,
gpm_grid_tamatue,GPM Grid TamaTue,2026-09-11,11.17.05.2002,Bale Redelong,external_comparison,yes,4.649902718619309,96.85017949357464,Asia/Jakarta,Forecast Redelong representative point. BMKG ADM4 reference: 11.17.05.2002 (Bale Redelong). Initial BMKG reference for catchment grid Spatial role: external_comparison. Grid terpisah dan terlalu jauh untuk langsung diasumsikan berkontribusi; hanya titik pembanding sampai konektivitas DAS dikonfirmasi.,11-09-2026,BMKG,BMKG,yes,1.35,0.9915,1.3385,24,24,200,79,,,,
gpm_grid_tamatue,GPM Grid TamaTue,2026-09-11,11.17.05.2002,Bale Redelong,external_comparison,yes,4.649902718619309,96.85017949357464,Asia/Jakarta,Forecast Redelong representative point. BMKG ADM4 reference: 11.17.05.2002 (Bale Redelong). Initial BMKG reference for catchment grid Spatial role: external_comparison. Grid terpisah dan terlalu jauh untuk langsung diasumsikan berkontribusi; hanya titik pembanding sampai konektivitas DAS dikonfirmasi.,11-09-2026,CMA,Open-Meteo / CMA GRAPES,yes,1.0,1.0,1.0,24,24,200,475,,,,
gpm_grid_tamatue,GPM Grid TamaTue,2026-09-11,11.17.05.2002,Bale Redelong,external_comparison,yes,4.649902718619309,96.85017949357464,Asia/Jakarta,Forecast Redelong representative point. BMKG ADM4 reference: 11.17.05.2002 (Bale Redelong). Initial BMKG reference for catchment grid Spatial role: external_comparison. Grid terpisah dan terlalu jauh untuk langsung diasumsikan berkontribusi; hanya titik pembanding sampai konektivitas DAS dikonfirmasi.,11-09-2026,ECMWF,Open-Meteo / ECMWF,yes,1.0,1.0,1.0,24,24,200,479,,,,
gpm_grid_tamatue,GPM Grid TamaTue,2026-09-11,11.17.05.2002,Bale Redelong,external_comparison,yes,4.649902718619309,96.85017949357464,Asia/Jakarta,Forecast Redelong representative point. BMKG ADM4 reference: 11.17.05.2002 (Bale Redelong). Initial BMKG reference for catchment grid Spatial role: external_comparison. Grid terpisah dan terlalu jauh untuk langsung diasumsikan berkontribusi; hanya titik pembanding sampai konektivitas DAS dikonfirmasi.,11-09-2026,GFS,Open-Meteo / NOAA GFS,yes,1.0,1.0,1.0,24,24,200,524,,,,
gpm_grid_tamatue,GPM Grid TamaTue,2026-09-11,11.17.05.2002,Bale Redelong,external_comparison,yes,4.649902718619309,96.85017949357464,Asia/Jakarta,Forecast Redelong representative point. BMKG ADM4 reference: 11.17.05.2002 (Bale Redelong). Initial BMKG reference for catchment grid Spatial role: external_comparison. Grid terpisah dan terlalu jauh untuk langsung diasumsikan berkontribusi; hanya titik pembanding sampai konektivitas DAS dikonfirmasi.,11-09-2026,ICON,Open-Meteo / DWD ICON,yes,1.0,1.0,1.0,24,24,200,493,,,,
gpm_grid_tamatue,GPM Grid TamaTue,2026-09-11,11.17.05.2002,Bale Redelong,external_comparison,yes,4.649902718619309,96.85017949357464,Asia/Jakarta,Forecast Redelong representative point. BMKG ADM4 reference: 11.17.05.2002 (Bale Redelong). Initial BMKG reference for catchment grid Spatial role: external_comparison. Grid terpisah dan terlalu jauh untuk langsung diasumsikan berkontribusi; hanya titik pembanding sampai konektivitas DAS dikonfirmasi.,11-09-2026,METEOFRANCE,Open-Meteo / Meteo-France,yes,1.0,1.0,1.0,24,24,200,485,,,,
gpm_grid_tamatue,GPM Grid TamaTue,2026-09-11,11.17.05.2002,Bale Redelong,external_comparison,yes,4.649902718619309,96.85017949357464,Asia/Jakarta,Forecast Redelong representative point. BMKG ADM4 reference: 11.17.05.2002 (Bale Redelong). Initial BMKG reference for catchment grid Spatial role: external_comparison. Grid terpisah dan terlalu jauh untuk langsung diasumsikan berkontribusi; hanya titik pembanding sampai konektivitas DAS dikonfirmasi.,11-09-2026,UKMO,Open-Meteo / UK Met Office,yes,1.0,1.0,1.0,24,24,200,485,,,,
gpm_grid_tamatue,GPM Grid TamaTue,2026-09-12,11.17.05.2002,Bale Redelong,external_comparison,yes,4.649902718619309,96.85017949357464,Asia/Jakarta,Forecast Redelong representative point. BMKG ADM4 reference: 11.17.05.2002 (Bale Redelong). Initial BMKG reference for catchment grid Spatial role: external_comparison. Grid terpisah dan terlalu jauh untuk langsung diasumsikan berkontribusi; hanya titik pembanding sampai konektivitas DAS dikonfirmasi.,12-09-2026,BMKG,BMKG,no,1.35,0.9945,1.3426,0,24,,80,,,,BMKG tidak mengembalikan kandidat untuk target date
gpm_grid_tamatue,GPM Grid TamaTue,2026-09-12,11.17.05.2002,Bale Redelong,external_comparison,yes,4.649902718619309,96.85017949357464,Asia/Jakarta,Forecast Redelong representative point. BMKG ADM4 reference: 11.17.05.2002 (Bale Redelong). Initial BMKG reference for catchment grid Spatial role: external_comparison. Grid terpisah dan terlalu jauh untuk langsung diasumsikan berkontribusi; hanya titik pembanding sampai konektivitas DAS dikonfirmasi.,12-09-2026,CMA,Open-Meteo / CMA GRAPES,yes,1.0,1.0,1.0,24,24,200,508,,,,
gpm_grid_tamatue,GPM Grid TamaTue,2026-09-12,11.17.05.2002,Bale Redelong,external_comparison,yes,4.649902718619309,96.85017949357464,Asia/Jakarta,Forecast Redelong representative point. BMKG ADM4 reference: 11.17.05.2002 (Bale Redelong). Initial BMKG reference for catchment grid Spatial role: external_comparison. Grid terpisah dan terlalu jauh untuk langsung diasumsikan berkontribusi; hanya titik pembanding sampai konektivitas DAS dikonfirmasi.,12-09-2026,ECMWF,Open-Meteo / ECMWF,yes,1.0,1.0,1.0,24,24,200,503,,,,
gpm_grid_tamatue,GPM Grid TamaTue,2026-09-12,11.17.05.2002,Bale Redelong,external_comparison,yes,4.649902718619309,96.85017949357464,Asia/Jakarta,Forecast Redelong representative point. BMKG ADM4 reference: 11.17.05.2002 (Bale Redelong). Initial BMKG reference for catchment grid Spatial role: external_comparison. Grid terpisah dan terlalu jauh untuk langsung diasumsikan berkontribusi; hanya titik pembanding sampai konektivitas DAS dikonfirmasi.,12-09-2026,GFS,Open-Meteo / NOAA GFS,yes,1.0,1.0,1.0,24,24,200,493,,,,
gpm_grid_tamatue,GPM Grid TamaTue,2026-09-12,11.17.05.2002,Bale Redelong,external_comparison,yes,4.649902718619309,96.85017949357464,Asia/Jakarta,Forecast Redelong representative point. BMKG ADM4 reference: 11.17.05.2002 (Bale Redelong). Initial BMKG reference for catchment grid Spatial role: external_comparison. Grid terpisah dan terlalu jauh untuk langsung diasumsikan berkontribusi; hanya titik pembanding sampai konektivitas DAS dikonfirmasi.,12-09-2026,ICON,Open-Meteo / DWD ICON,yes,1.0,1.0,1.0,24,24,200,483,,,,
gpm_grid_tamatue,GPM Grid TamaTue,2026-09-12,11.17.05.2002,Bale Redelong,external_comparison,yes,4.649902718619309,96.85017949357464,Asia/Jakarta,Forecast Redelong representative point. BMKG ADM4 reference: 11.17.05.2002 (Bale Redelong). Initial BMKG reference for catchment grid Spatial role: external_comparison. Grid terpisah dan terlalu jauh untuk langsung diasumsikan berkontribusi; hanya titik pembanding sampai konektivitas DAS dikonfirmasi.,12-09-2026,METEOFRANCE,Open-Meteo / Meteo-France,yes,1.0,1.0,1.0,24,24,200,486,,,,
gpm_grid_tamatue,GPM Grid TamaTue,2026-09-12,11.17.05.2002,Bale Redelong,external_comparison,yes,4.649902718619309,96.85017949357464,Asia/Jakarta,Forecast Redelong representative point. BMKG ADM4 reference: 11.17.05.2002 (Bale Redelong). Initial BMKG reference for catchment grid Spatial role: external_comparison. Grid terpisah dan terlalu jauh untuk langsung diasumsikan berkontribusi; hanya titik pembanding sampai konektivitas DAS dikonfirmasi.,12-09-2026,UKMO,Open-Meteo / UK Met Office,yes,1.0,1.0,1.0,24,24,200,508,,,,
pltm_besai_kemu,PLTM Besai Kemu,2026-09-09,18.08.03.2017,Kemu,independent_site_reference,yes,-4.862591667,104.500497222,Asia/Jakarta,PLTM Besai Kemu forecast reference. BMKG ADM4 reference: 18.08.03.2017. Coordinate status: engineering_document_reference_operational_asset_confirmed.,09-09-2026,BMKG,BMKG,yes,1.35,1.0,1.35,18,24,200,881,,,,
pltm_besai_kemu,PLTM Besai Kemu,2026-09-09,18.08.03.2017,Kemu,independent_site_reference,yes,-4.862591667,104.500497222,Asia/Jakarta,PLTM Besai Kemu forecast reference. BMKG ADM4 reference: 18.08.03.2017. Coordinate status: engineering_document_reference_operational_asset_confirmed.,09-09-2026,CMA,Open-Meteo / CMA GRAPES,yes,1.0,1.0,1.0,24,24,200,493,,,,
pltm_besai_kemu,PLTM Besai Kemu,2026-09-09,18.08.03.2017,Kemu,independent_site_reference,yes,-4.862591667,104.500497222,Asia/Jakarta,PLTM Besai Kemu forecast reference. BMKG ADM4 reference: 18.08.03.2017. Coordinate status: engineering_document_reference_operational_asset_confirmed.,09-09-2026,ECMWF,Open-Meteo / ECMWF,yes,1.0,1.0,1.0,24,24,200,495,,,,
pltm_besai_kemu,PLTM Besai Kemu,2026-09-09,18.08.03.2017,Kemu,independent_site_reference,yes,-4.862591667,104.500497222,Asia/Jakarta,PLTM Besai Kemu forecast reference. BMKG ADM4 reference: 18.08.03.2017. Coordinate status: engineering_document_reference_operational_asset_confirmed.,09-09-2026,GFS,Open-Meteo / NOAA GFS,yes,1.0,1.0,1.0,24,24,200,504,,,,
pltm_besai_kemu,PLTM Besai Kemu,2026-09-09,18.08.03.2017,Kemu,independent_site_reference,yes,-4.862591667,104.500497222,Asia/Jakarta,PLTM Besai Kemu forecast reference. BMKG ADM4 reference: 18.08.03.2017. Coordinate status: engineering_document_reference_operational_asset_confirmed.,09-09-2026,ICON,Open-Meteo / DWD ICON,yes,1.0,1.0,1.0,24,24,200,500,,,,
pltm_besai_kemu,PLTM Besai Kemu,2026-09-09,18.08.03.2017,Kemu,independent_site_reference,yes,-4.862591667,104.500497222,Asia/Jakarta,PLTM Besai Kemu forecast reference. BMKG ADM4 reference: 18.08.03.2017. Coordinate status: engineering_document_reference_operational_asset_confirmed.,09-09-2026,METEOFRANCE,Open-Meteo / Meteo-France,yes,1.0,1.0,1.0,24,24,200,486,,,,
pltm_besai_kemu,PLTM Besai Kemu,2026-09-09,18.08.03.2017,Kemu,independent_site_reference,yes,-4.862591667,104.500497222,Asia/Jakarta,PLTM Besai Kemu forecast reference. BMKG ADM4 reference: 18.08.03.2017. Coordinate status: engineering_document_reference_operational_asset_confirmed.,09-09-2026,UKMO,Open-Meteo / UK Met Office,yes,1.0,1.0,1.0,24,24,200,503,,,,
pltm_besai_kemu,PLTM Besai Kemu,2026-09-10,18.08.03.2017,Kemu,independent_site_reference,yes,-4.862591667,104.500497222,Asia/Jakarta,PLTM Besai Kemu forecast reference. BMKG ADM4 reference: 18.08.03.2017. Coordinate status: engineering_document_reference_operational_asset_confirmed.,10-09-2026,BMKG,BMKG,yes,1.35,0.9869,1.3323,24,24,200,55,,,,
pltm_besai_kemu,PLTM Besai Kemu,2026-09-10,18.08.03.2017,Kemu,independent_site_reference,yes,-4.862591667,104.500497222,Asia/Jakarta,PLTM Besai Kemu forecast reference. BMKG ADM4 reference: 18.08.03.2017. Coordinate status: engineering_document_reference_operational_asset_confirmed.,10-09-2026,CMA,Open-Meteo / CMA GRAPES,yes,1.0,1.0,1.0,24,24,200,480,,,,
pltm_besai_kemu,PLTM Besai Kemu,2026-09-10,18.08.03.2017,Kemu,independent_site_reference,yes,-4.862591667,104.500497222,Asia/Jakarta,PLTM Besai Kemu forecast reference. BMKG ADM4 reference: 18.08.03.2017. Coordinate status: engineering_document_reference_operational_asset_confirmed.,10-09-2026,ECMWF,Open-Meteo / ECMWF,yes,1.0,1.0,1.0,24,24,200,485,,,,
pltm_besai_kemu,PLTM Besai Kemu,2026-09-10,18.08.03.2017,Kemu,independent_site_reference,yes,-4.862591667,104.500497222,Asia/Jakarta,PLTM Besai Kemu forecast reference. BMKG ADM4 reference: 18.08.03.2017. Coordinate status: engineering_document_reference_operational_asset_confirmed.,10-09-2026,GFS,Open-Meteo / NOAA GFS,yes,1.0,1.0,1.0,24,24,200,494,,,,
pltm_besai_kemu,PLTM Besai Kemu,2026-09-10,18.08.03.2017,Kemu,independent_site_reference,yes,-4.862591667,104.500497222,Asia/Jakarta,PLTM Besai Kemu forecast reference. BMKG ADM4 reference: 18.08.03.2017. Coordinate status: engineering_document_reference_operational_asset_confirmed.,10-09-2026,ICON,Open-Meteo / DWD ICON,yes,1.0,1.0,1.0,24,24,200,484,,,,
pltm_besai_kemu,PLTM Besai Kemu,2026-09-10,18.08.03.2017,Kemu,independent_site_reference,yes,-4.862591667,104.500497222,Asia/Jakarta,PLTM Besai Kemu forecast reference. BMKG ADM4 reference: 18.08.03.2017. Coordinate status: engineering_document_reference_operational_asset_confirmed.,10-09-2026,METEOFRANCE,Open-Meteo / Meteo-France,yes,1.0,1.0,1.0,24,24,200,503,,,,
pltm_besai_kemu,PLTM Besai Kemu,2026-09-10,18.08.03.2017,Kemu,independent_site_reference,yes,-4.862591667,104.500497222,Asia/Jakarta,PLTM Besai Kemu forecast reference. BMKG ADM4 reference: 18.08.03.2017. Coordinate status: engineering_document_reference_operational_asset_confirmed.,10-09-2026,UKMO,Open-Meteo / UK Met Office,yes,1.0,1.0,1.0,24,24,200,484,,,,
pltm_besai_kemu,PLTM Besai Kemu,2026-09-11,18.08.03.2017,Kemu,independent_site_reference,yes,-4.862591667,104.500497222,Asia/Jakarta,PLTM Besai Kemu forecast reference. BMKG ADM4 reference: 18.08.03.2017. Coordinate status: engineering_document_reference_operational_asset_confirmed.,11-09-2026,BMKG,BMKG,yes,1.35,0.9915,1.3385,24,24,200,85,,,,
pltm_besai_kemu,PLTM Besai Kemu,2026-09-11,18.08.03.2017,Kemu,independent_site_reference,yes,-4.862591667,104.500497222,Asia/Jakarta,PLTM Besai Kemu forecast reference. BMKG ADM4 reference: 18.08.03.2017. Coordinate status: engineering_document_reference_operational_asset_confirmed.,11-09-2026,CMA,Open-Meteo / CMA GRAPES,yes,1.0,1.0,1.0,24,24,200,508,,,,
pltm_besai_kemu,PLTM Besai Kemu,2026-09-11,18.08.03.2017,Kemu,independent_site_reference,yes,-4.862591667,104.500497222,Asia/Jakarta,PLTM Besai Kemu forecast reference. BMKG ADM4 reference: 18.08.03.2017. Coordinate status: engineering_document_reference_operational_asset_confirmed.,11-09-2026,ECMWF,Open-Meteo / ECMWF,yes,1.0,1.0,1.0,24,24,200,489,,,,
pltm_besai_kemu,PLTM Besai Kemu,2026-09-11,18.08.03.2017,Kemu,independent_site_reference,yes,-4.862591667,104.500497222,Asia/Jakarta,PLTM Besai Kemu forecast reference. BMKG ADM4 reference: 18.08.03.2017. Coordinate status: engineering_document_reference_operational_asset_confirmed.,11-09-2026,GFS,Open-Meteo / NOAA GFS,yes,1.0,1.0,1.0,24,24,200,503,,,,
pltm_besai_kemu,PLTM Besai Kemu,2026-09-11,18.08.03.2017,Kemu,independent_site_reference,yes,-4.862591667,104.500497222,Asia/Jakarta,PLTM Besai Kemu forecast reference. BMKG ADM4 reference: 18.08.03.2017. Coordinate status: engineering_document_reference_operational_asset_confirmed.,11-09-2026,ICON,Open-Meteo / DWD ICON,yes,1.0,1.0,1.0,24,24,200,521,,,,
pltm_besai_kemu,PLTM Besai Kemu,2026-09-11,18.08.03.2017,Kemu,independent_site_reference,yes,-4.862591667,104.500497222,Asia/Jakarta,PLTM Besai Kemu forecast reference. BMKG ADM4 reference: 18.08.03.2017. Coordinate status: engineering_document_reference_operational_asset_confirmed.,11-09-2026,METEOFRANCE,Open-Meteo / Meteo-France,yes,1.0,1.0,1.0,24,24,200,496,,,,
pltm_besai_kemu,PLTM Besai Kemu,2026-09-11,18.08.03.2017,Kemu,independent_site_reference,yes,-4.862591667,104.500497222,Asia/Jakarta,PLTM Besai Kemu forecast reference. BMKG ADM4 reference: 18.08.03.2017. Coordinate status: engineering_document_reference_operational_asset_confirmed.,11-09-2026,UKMO,Open-Meteo / UK Met Office,yes,1.0,1.0,1.0,24,24,200,493,,,,
pltm_besai_kemu,PLTM Besai Kemu,2026-09-12,18.08.03.2017,Kemu,independent_site_reference,yes,-4.862591667,104.500497222,Asia/Jakarta,PLTM Besai Kemu forecast reference. BMKG ADM4 reference: 18.08.03.2017. Coordinate status: engineering_document_reference_operational_asset_confirmed.,12-09-2026,BMKG,BMKG,no,1.35,0.9945,1.3426,0,24,,98,,,,BMKG tidak mengembalikan kandidat untuk target date
pltm_besai_kemu,PLTM Besai Kemu,2026-09-12,18.08.03.2017,Kemu,independent_site_reference,yes,-4.862591667,104.500497222,Asia/Jakarta,PLTM Besai Kemu forecast reference. BMKG ADM4 reference: 18.08.03.2017. Coordinate status: engineering_document_reference_operational_asset_confirmed.,12-09-2026,CMA,Open-Meteo / CMA GRAPES,yes,1.0,1.0,1.0,24,24,200,493,,,,
pltm_besai_kemu,PLTM Besai Kemu,2026-09-12,18.08.03.2017,Kemu,independent_site_reference,yes,-4.862591667,104.500497222,Asia/Jakarta,PLTM Besai Kemu forecast reference. BMKG ADM4 reference: 18.08.03.2017. Coordinate status: engineering_document_reference_operational_asset_confirmed.,12-09-2026,ECMWF,Open-Meteo / ECMWF,yes,1.0,1.0,1.0,24,24,200,488,,,,
pltm_besai_kemu,PLTM Besai Kemu,2026-09-12,18.08.03.2017,Kemu,independent_site_reference,yes,-4.862591667,104.500497222,Asia/Jakarta,PLTM Besai Kemu forecast reference. BMKG ADM4 reference: 18.08.03.2017. Coordinate status: engineering_document_reference_operational_asset_confirmed.,12-09-2026,GFS,Open-Meteo / NOAA GFS,yes,1.0,1.0,1.0,24,24,200,499,,,,
pltm_besai_kemu,PLTM Besai Kemu,2026-09-12,18.08.03.2017,Kemu,independent_site_reference,yes,-4.862591667,104.500497222,Asia/Jakarta,PLTM Besai Kemu forecast reference. BMKG ADM4 reference: 18.08.03.2017. Coordinate status: engineering_document_reference_operational_asset_confirmed.,12-09-2026,ICON,Open-Meteo / DWD ICON,yes,1.0,1.0,1.0,24,24,200,480,,,,
pltm_besai_kemu,PLTM Besai Kemu,2026-09-12,18.08.03.2017,Kemu,independent_site_reference,yes,-4.862591667,104.500497222,Asia/Jakarta,PLTM Besai Kemu forecast reference. BMKG ADM4 reference: 18.08.03.2017. Coordinate status: engineering_document_reference_operational_asset_confirmed.,12-09-2026,METEOFRANCE,Open-Meteo / Meteo-France,yes,1.0,1.0,1.0,24,24,200,475,,,,
pltm_besai_kemu,PLTM Besai Kemu,2026-09-12,18.08.03.2017,Kemu,independent_site_reference,yes,-4.862591667,104.500497222,Asia/Jakarta,PLTM Besai Kemu forecast reference. BMKG ADM4 reference: 18.08.03.2017. Coordinate status: engineering_document_reference_operational_asset_confirmed.,12-09-2026,UKMO,Open-Meteo / UK Met Office,yes,1.0,1.0,1.0,24,24,200,490,,,,
pltm_besai_kemu_headpond,Headpond Besai Kemu,2026-09-09,18.08.03.2017,Kemu,independent_site_engineering_point,yes,-4.839133333,104.509577778,Asia/Jakarta,Headpond Besai Kemu engineering forecast reference for PLTM Besai Kemu. The catchment polygon remains pending.,09-09-2026,BMKG,BMKG,yes,1.35,1.0,1.35,18,24,200,132,,,,
pltm_besai_kemu_headpond,Headpond Besai Kemu,2026-09-09,18.08.03.2017,Kemu,independent_site_engineering_point,yes,-4.839133333,104.509577778,Asia/Jakarta,Headpond Besai Kemu engineering forecast reference for PLTM Besai Kemu. The catchment polygon remains pending.,09-09-2026,CMA,Open-Meteo / CMA GRAPES,yes,1.0,1.0,1.0,24,24,200,533,,,,
pltm_besai_kemu_headpond,Headpond Besai Kemu,2026-09-09,18.08.03.2017,Kemu,independent_site_engineering_point,yes,-4.839133333,104.509577778,Asia/Jakarta,Headpond Besai Kemu engineering forecast reference for PLTM Besai Kemu. The catchment polygon remains pending.,09-09-2026,ECMWF,Open-Meteo / ECMWF,yes,1.0,1.0,1.0,24,24,200,493,,,,
pltm_besai_kemu_headpond,Headpond Besai Kemu,2026-09-09,18.08.03.2017,Kemu,independent_site_engineering_point,yes,-4.839133333,104.509577778,Asia/Jakarta,Headpond Besai Kemu engineering forecast reference for PLTM Besai Kemu. The catchment polygon remains pending.,09-09-2026,GFS,Open-Meteo / NOAA GFS,yes,1.0,1.0,1.0,24,24,200,493,,,,
pltm_besai_kemu_headpond,Headpond Besai Kemu,2026-09-09,18.08.03.2017,Kemu,independent_site_engineering_point,yes,-4.839133333,104.509577778,Asia/Jakarta,Headpond Besai Kemu engineering forecast reference for PLTM Besai Kemu. The catchment polygon remains pending.,09-09-2026,ICON,Open-Meteo / DWD ICON,yes,1.0,1.0,1.0,24,24,200,532,,,,
pltm_besai_kemu_headpond,Headpond Besai Kemu,2026-09-09,18.08.03.2017,Kemu,independent_site_engineering_point,yes,-4.839133333,104.509577778,Asia/Jakarta,Headpond Besai Kemu engineering forecast reference for PLTM Besai Kemu. The catchment polygon remains pending.,09-09-2026,METEOFRANCE,Open-Meteo / Meteo-France,yes,1.0,1.0,1.0,24,24,200,547,,,,
pltm_besai_kemu_headpond,Headpond Besai Kemu,2026-09-09,18.08.03.2017,Kemu,independent_site_engineering_point,yes,-4.839133333,104.509577778,Asia/Jakarta,Headpond Besai Kemu engineering forecast reference for PLTM Besai Kemu. The catchment polygon remains pending.,09-09-2026,UKMO,Open-Meteo / UK Met Office,yes,1.0,1.0,1.0,24,24,200,494,,,,
pltm_besai_kemu_headpond,Headpond Besai Kemu,2026-09-10,18.08.03.2017,Kemu,independent_site_engineering_point,yes,-4.839133333,104.509577778,Asia/Jakarta,Headpond Besai Kemu engineering forecast reference for PLTM Besai Kemu. The catchment polygon remains pending.,10-09-2026,BMKG,BMKG,yes,1.35,0.9869,1.3323,24,24,200,317,,,,
pltm_besai_kemu_headpond,Headpond Besai Kemu,2026-09-10,18.08.03.2017,Kemu,independent_site_engineering_point,yes,-4.839133333,104.509577778,Asia/Jakarta,Headpond Besai Kemu engineering forecast reference for PLTM Besai Kemu. The catchment polygon remains pending.,10-09-2026,CMA,Open-Meteo / CMA GRAPES,yes,1.0,1.0,1.0,24,24,200,480,,,,
pltm_besai_kemu_headpond,Headpond Besai Kemu,2026-09-10,18.08.03.2017,Kemu,independent_site_engineering_point,yes,-4.839133333,104.509577778,Asia/Jakarta,Headpond Besai Kemu engineering forecast reference for PLTM Besai Kemu. The catchment polygon remains pending.,10-09-2026,ECMWF,Open-Meteo / ECMWF,yes,1.0,1.0,1.0,24,24,200,503,,,,
pltm_besai_kemu_headpond,Headpond Besai Kemu,2026-09-10,18.08.03.2017,Kemu,independent_site_engineering_point,yes,-4.839133333,104.509577778,Asia/Jakarta,Headpond Besai Kemu engineering forecast reference for PLTM Besai Kemu. The catchment polygon remains pending.,10-09-2026,GFS,Open-Meteo / NOAA GFS,yes,1.0,1.0,1.0,24,24,200,485,,,,
pltm_besai_kemu_headpond,Headpond Besai Kemu,2026-09-10,18.08.03.2017,Kemu,independent_site_engineering_point,yes,-4.839133333,104.509577778,Asia/Jakarta,Headpond Besai Kemu engineering forecast reference for PLTM Besai Kemu. The catchment polygon remains pending.,10-09-2026,ICON,Open-Meteo / DWD ICON,yes,1.0,1.0,1.0,24,24,200,484,,,,
pltm_besai_kemu_headpond,Headpond Besai Kemu,2026-09-10,18.08.03.2017,Kemu,independent_site_engineering_point,yes,-4.839133333,104.509577778,Asia/Jakarta,Headpond Besai Kemu engineering forecast reference for PLTM Besai Kemu. The catchment polygon remains pending.,10-09-2026,METEOFRANCE,Open-Meteo / Meteo-France,yes,1.0,1.0,1.0,24,24,200,493,,,,
pltm_besai_kemu_headpond,Headpond Besai Kemu,2026-09-10,18.08.03.2017,Kemu,independent_site_engineering_point,yes,-4.839133333,104.509577778,Asia/Jakarta,Headpond Besai Kemu engineering forecast reference for PLTM Besai Kemu. The catchment polygon remains pending.,10-09-2026,UKMO,Open-Meteo / UK Met Office,yes,1.0,1.0,1.0,24,24,200,475,,,,
pltm_besai_kemu_headpond,Headpond Besai Kemu,2026-09-11,18.08.03.2017,Kemu,independent_site_engineering_point,yes,-4.839133333,104.509577778,Asia/Jakarta,Headpond Besai Kemu engineering forecast reference for PLTM Besai Kemu. The catchment polygon remains pending.,11-09-2026,BMKG,BMKG,yes,1.35,0.9915,1.3385,24,24,200,61,,,,
pltm_besai_kemu_headpond,Headpond Besai Kemu,2026-09-11,18.08.03.2017,Kemu,independent_site_engineering_point,yes,-4.839133333,104.509577778,Asia/Jakarta,Headpond Besai Kemu engineering forecast reference for PLTM Besai Kemu. The catchment polygon remains pending.,11-09-2026,CMA,Open-Meteo / CMA GRAPES,yes,1.0,1.0,1.0,24,24,200,504,,,,
pltm_besai_kemu_headpond,Headpond Besai Kemu,2026-09-11,18.08.03.2017,Kemu,independent_site_engineering_point,yes,-4.839133333,104.509577778,Asia/Jakarta,Headpond Besai Kemu engineering forecast reference for PLTM Besai Kemu. The catchment polygon remains pending.,11-09-2026,ECMWF,Open-Meteo / ECMWF,yes,1.0,1.0,1.0,24,24,200,484,,,,
pltm_besai_kemu_headpond,Headpond Besai Kemu,2026-09-11,18.08.03.2017,Kemu,independent_site_engineering_point,yes,-4.839133333,104.509577778,Asia/Jakarta,Headpond Besai Kemu engineering forecast reference for PLTM Besai Kemu. The catchment polygon remains pending.,11-09-2026,GFS,Open-Meteo / NOAA GFS,yes,1.0,1.0,1.0,24,24,200,518,,,,
pltm_besai_kemu_headpond,Headpond Besai Kemu,2026-09-11,18.08.03.2017,Kemu,independent_site_engineering_point,yes,-4.839133333,104.509577778,Asia/Jakarta,Headpond Besai Kemu engineering forecast reference for PLTM Besai Kemu. The catchment polygon remains pending.,11-09-2026,ICON,Open-Meteo / DWD ICON,yes,1.0,1.0,1.0,24,24,200,642,,,,
pltm_besai_kemu_headpond,Headpond Besai Kemu,2026-09-11,18.08.03.2017,Kemu,independent_site_engineering_point,yes,-4.839133333,104.509577778,Asia/Jakarta,Headpond Besai Kemu engineering forecast reference for PLTM Besai Kemu. The catchment polygon remains pending.,11-09-2026,METEOFRANCE,Open-Meteo / Meteo-France,yes,1.0,1.0,1.0,24,24,200,501,,,,
pltm_besai_kemu_headpond,Headpond Besai Kemu,2026-09-11,18.08.03.2017,Kemu,independent_site_engineering_point,yes,-4.839133333,104.509577778,Asia/Jakarta,Headpond Besai Kemu engineering forecast reference for PLTM Besai Kemu. The catchment polygon remains pending.,11-09-2026,UKMO,Open-Meteo / UK Met Office,yes,1.0,1.0,1.0,24,24,200,514,,,,
pltm_besai_kemu_headpond,Headpond Besai Kemu,2026-09-12,18.08.03.2017,Kemu,independent_site_engineering_point,yes,-4.839133333,104.509577778,Asia/Jakarta,Headpond Besai Kemu engineering forecast reference for PLTM Besai Kemu. The catchment polygon remains pending.,12-09-2026,BMKG,BMKG,no,1.35,0.9945,1.3426,0,24,,164,,,,BMKG tidak mengembalikan kandidat untuk target date
pltm_besai_kemu_headpond,Headpond Besai Kemu,2026-09-12,18.08.03.2017,Kemu,independent_site_engineering_point,yes,-4.839133333,104.509577778,Asia/Jakarta,Headpond Besai Kemu engineering forecast reference for PLTM Besai Kemu. The catchment polygon remains pending.,12-09-2026,CMA,Open-Meteo / CMA GRAPES,yes,1.0,1.0,1.0,24,24,200,514,,,,
pltm_besai_kemu_headpond,Headpond Besai Kemu,2026-09-12,18.08.03.2017,Kemu,independent_site_engineering_point,yes,-4.839133333,104.509577778,Asia/Jakarta,Headpond Besai Kemu engineering forecast reference for PLTM Besai Kemu. The catchment polygon remains pending.,12-09-2026,ECMWF,Open-Meteo / ECMWF,yes,1.0,1.0,1.0,24,24,200,505,,,,
pltm_besai_kemu_headpond,Headpond Besai Kemu,2026-09-12,18.08.03.2017,Kemu,independent_site_engineering_point,yes,-4.839133333,104.509577778,Asia/Jakarta,Headpond Besai Kemu engineering forecast reference for PLTM Besai Kemu. The catchment polygon remains pending.,12-09-2026,GFS,Open-Meteo / NOAA GFS,yes,1.0,1.0,1.0,24,24,200,505,,,,
pltm_besai_kemu_headpond,Headpond Besai Kemu,2026-09-12,18.08.03.2017,Kemu,independent_site_engineering_point,yes,-4.839133333,104.509577778,Asia/Jakarta,Headpond Besai Kemu engineering forecast reference for PLTM Besai Kemu. The catchment polygon remains pending.,12-09-2026,ICON,Open-Meteo / DWD ICON,yes,1.0,1.0,1.0,24,24,200,509,,,,
pltm_besai_kemu_headpond,Headpond Besai Kemu,2026-09-12,18.08.03.2017,Kemu,independent_site_engineering_point,yes,-4.839133333,104.509577778,Asia/Jakarta,Headpond Besai Kemu engineering forecast reference for PLTM Besai Kemu. The catchment polygon remains pending.,12-09-2026,METEOFRANCE,Open-Meteo / Meteo-France,yes,1.0,1.0,1.0,24,24,200,493,,,,
pltm_besai_kemu_headpond,Headpond Besai Kemu,2026-09-12,18.08.03.2017,Kemu,independent_site_engineering_point,yes,-4.839133333,104.509577778,Asia/Jakarta,Headpond Besai Kemu engineering forecast reference for PLTM Besai Kemu. The catchment polygon remains pending.,12-09-2026,UKMO,Open-Meteo / UK Met Office,yes,1.0,1.0,1.0,24,24,200,491,,,,
pltm_besai_kemu_powerhouse,Powerhouse Besai Kemu,2026-09-09,18.08.03.2017,Kemu,independent_site_engineering_point,yes,-4.837533333,104.510075,Asia/Jakarta,Powerhouse Besai Kemu engineering forecast reference for PLTM Besai Kemu. The catchment polygon remains pending.,09-09-2026,BMKG,BMKG,yes,1.35,1.0,1.35,18,24,200,68,,,,
pltm_besai_kemu_powerhouse,Powerhouse Besai Kemu,2026-09-09,18.08.03.2017,Kemu,independent_site_engineering_point,yes,-4.837533333,104.510075,Asia/Jakarta,Powerhouse Besai Kemu engineering forecast reference for PLTM Besai Kemu. The catchment polygon remains pending.,09-09-2026,CMA,Open-Meteo / CMA GRAPES,yes,1.0,1.0,1.0,24,24,200,484,,,,
pltm_besai_kemu_powerhouse,Powerhouse Besai Kemu,2026-09-09,18.08.03.2017,Kemu,independent_site_engineering_point,yes,-4.837533333,104.510075,Asia/Jakarta,Powerhouse Besai Kemu engineering forecast reference for PLTM Besai Kemu. The catchment polygon remains pending.,09-09-2026,ECMWF,Open-Meteo / ECMWF,yes,1.0,1.0,1.0,24,24,200,476,,,,
pltm_besai_kemu_powerhouse,Powerhouse Besai Kemu,2026-09-09,18.08.03.2017,Kemu,independent_site_engineering_point,yes,-4.837533333,104.510075,Asia/Jakarta,Powerhouse Besai Kemu engineering forecast reference for PLTM Besai Kemu. The catchment polygon remains pending.,09-09-2026,GFS,Open-Meteo / NOAA GFS,yes,1.0,1.0,1.0,24,24,200,485,,,,
pltm_besai_kemu_powerhouse,Powerhouse Besai Kemu,2026-09-09,18.08.03.2017,Kemu,independent_site_engineering_point,yes,-4.837533333,104.510075,Asia/Jakarta,Powerhouse Besai Kemu engineering forecast reference for PLTM Besai Kemu. The catchment polygon remains pending.,09-09-2026,ICON,Open-Meteo / DWD ICON,yes,1.0,1.0,1.0,24,24,200,680,,,,
pltm_besai_kemu_powerhouse,Powerhouse Besai Kemu,2026-09-09,18.08.03.2017,Kemu,independent_site_engineering_point,yes,-4.837533333,104.510075,Asia/Jakarta,Powerhouse Besai Kemu engineering forecast reference for PLTM Besai Kemu. The catchment polygon remains pending.,09-09-2026,METEOFRANCE,Open-Meteo / Meteo-France,yes,1.0,1.0,1.0,24,24,200,481,,,,
pltm_besai_kemu_powerhouse,Powerhouse Besai Kemu,2026-09-09,18.08.03.2017,Kemu,independent_site_engineering_point,yes,-4.837533333,104.510075,Asia/Jakarta,Powerhouse Besai Kemu engineering forecast reference for PLTM Besai Kemu. The catchment polygon remains pending.,09-09-2026,UKMO,Open-Meteo / UK Met Office,yes,1.0,1.0,1.0,24,24,200,503,,,,
pltm_besai_kemu_powerhouse,Powerhouse Besai Kemu,2026-09-10,18.08.03.2017,Kemu,independent_site_engineering_point,yes,-4.837533333,104.510075,Asia/Jakarta,Powerhouse Besai Kemu engineering forecast reference for PLTM Besai Kemu. The catchment polygon remains pending.,10-09-2026,BMKG,BMKG,yes,1.35,0.9869,1.3323,24,24,200,79,,,,
pltm_besai_kemu_powerhouse,Powerhouse Besai Kemu,2026-09-10,18.08.03.2017,Kemu,independent_site_engineering_point,yes,-4.837533333,104.510075,Asia/Jakarta,Powerhouse Besai Kemu engineering forecast reference for PLTM Besai Kemu. The catchment polygon remains pending.,10-09-2026,CMA,Open-Meteo / CMA GRAPES,yes,1.0,1.0,1.0,24,24,200,510,,,,
pltm_besai_kemu_powerhouse,Powerhouse Besai Kemu,2026-09-10,18.08.03.2017,Kemu,independent_site_engineering_point,yes,-4.837533333,104.510075,Asia/Jakarta,Powerhouse Besai Kemu engineering forecast reference for PLTM Besai Kemu. The catchment polygon remains pending.,10-09-2026,ECMWF,Open-Meteo / ECMWF,yes,1.0,1.0,1.0,24,24,200,513,,,,
pltm_besai_kemu_powerhouse,Powerhouse Besai Kemu,2026-09-10,18.08.03.2017,Kemu,independent_site_engineering_point,yes,-4.837533333,104.510075,Asia/Jakarta,Powerhouse Besai Kemu engineering forecast reference for PLTM Besai Kemu. The catchment polygon remains pending.,10-09-2026,GFS,Open-Meteo / NOAA GFS,yes,1.0,1.0,1.0,24,24,200,503,,,,
pltm_besai_kemu_powerhouse,Powerhouse Besai Kemu,2026-09-10,18.08.03.2017,Kemu,independent_site_engineering_point,yes,-4.837533333,104.510075,Asia/Jakarta,Powerhouse Besai Kemu engineering forecast reference for PLTM Besai Kemu. The catchment polygon remains pending.,10-09-2026,ICON,Open-Meteo / DWD ICON,yes,1.0,1.0,1.0,24,24,200,483,,,,
pltm_besai_kemu_powerhouse,Powerhouse Besai Kemu,2026-09-10,18.08.03.2017,Kemu,independent_site_engineering_point,yes,-4.837533333,104.510075,Asia/Jakarta,Powerhouse Besai Kemu engineering forecast reference for PLTM Besai Kemu. The catchment polygon remains pending.,10-09-2026,METEOFRANCE,Open-Meteo / Meteo-France,yes,1.0,1.0,1.0,24,24,200,494,,,,
pltm_besai_kemu_powerhouse,Powerhouse Besai Kemu,2026-09-10,18.08.03.2017,Kemu,independent_site_engineering_point,yes,-4.837533333,104.510075,Asia/Jakarta,Powerhouse Besai Kemu engineering forecast reference for PLTM Besai Kemu. The catchment polygon remains pending.,10-09-2026,UKMO,Open-Meteo / UK Met Office,yes,1.0,1.0,1.0,24,24,200,492,,,,
pltm_besai_kemu_powerhouse,Powerhouse Besai Kemu,2026-09-11,18.08.03.2017,Kemu,independent_site_engineering_point,yes,-4.837533333,104.510075,Asia/Jakarta,Powerhouse Besai Kemu engineering forecast reference for PLTM Besai Kemu. The catchment polygon remains pending.,11-09-2026,BMKG,BMKG,yes,1.35,0.9915,1.3385,24,24,200,74,,,,
pltm_besai_kemu_powerhouse,Powerhouse Besai Kemu,2026-09-11,18.08.03.2017,Kemu,independent_site_engineering_point,yes,-4.837533333,104.510075,Asia/Jakarta,Powerhouse Besai Kemu engineering forecast reference for PLTM Besai Kemu. The catchment polygon remains pending.,11-09-2026,CMA,Open-Meteo / CMA GRAPES,yes,1.0,1.0,1.0,24,24,200,494,,,,
pltm_besai_kemu_powerhouse,Powerhouse Besai Kemu,2026-09-11,18.08.03.2017,Kemu,independent_site_engineering_point,yes,-4.837533333,104.510075,Asia/Jakarta,Powerhouse Besai Kemu engineering forecast reference for PLTM Besai Kemu. The catchment polygon remains pending.,11-09-2026,ECMWF,Open-Meteo / ECMWF,yes,1.0,1.0,1.0,24,24,200,483,,,,
pltm_besai_kemu_powerhouse,Powerhouse Besai Kemu,2026-09-11,18.08.03.2017,Kemu,independent_site_engineering_point,yes,-4.837533333,104.510075,Asia/Jakarta,Powerhouse Besai Kemu engineering forecast reference for PLTM Besai Kemu. The catchment polygon remains pending.,11-09-2026,GFS,Open-Meteo / NOAA GFS,yes,1.0,1.0,1.0,24,24,200,494,,,,
pltm_besai_kemu_powerhouse,Powerhouse Besai Kemu,2026-09-11,18.08.03.2017,Kemu,independent_site_engineering_point,yes,-4.837533333,104.510075,Asia/Jakarta,Powerhouse Besai Kemu engineering forecast reference for PLTM Besai Kemu. The catchment polygon remains pending.,11-09-2026,ICON,Open-Meteo / DWD ICON,yes,1.0,1.0,1.0,24,24,200,480,,,,
pltm_besai_kemu_powerhouse,Powerhouse Besai Kemu,2026-09-11,18.08.03.2017,Kemu,independent_site_engineering_point,yes,-4.837533333,104.510075,Asia/Jakarta,Powerhouse Besai Kemu engineering forecast reference for PLTM Besai Kemu. The catchment polygon remains pending.,11-09-2026,METEOFRANCE,Open-Meteo / Meteo-France,yes,1.0,1.0,1.0,24,24,200,475,,,,
pltm_besai_kemu_powerhouse,Powerhouse Besai Kemu,2026-09-11,18.08.03.2017,Kemu,independent_site_engineering_point,yes,-4.837533333,104.510075,Asia/Jakarta,Powerhouse Besai Kemu engineering forecast reference for PLTM Besai Kemu. The catchment polygon remains pending.,11-09-2026,UKMO,Open-Meteo / UK Met Office,yes,1.0,1.0,1.0,24,24,200,513,,,,
pltm_besai_kemu_powerhouse,Powerhouse Besai Kemu,2026-09-12,18.08.03.2017,Kemu,independent_site_engineering_point,yes,-4.837533333,104.510075,Asia/Jakarta,Powerhouse Besai Kemu engineering forecast reference for PLTM Besai Kemu. The catchment polygon remains pending.,12-09-2026,BMKG,BMKG,no,1.35,0.9945,1.3426,0,24,,95,,,,BMKG tidak mengembalikan kandidat untuk target date
pltm_besai_kemu_powerhouse,Powerhouse Besai Kemu,2026-09-12,18.08.03.2017,Kemu,independent_site_engineering_point,yes,-4.837533333,104.510075,Asia/Jakarta,Powerhouse Besai Kemu engineering forecast reference for PLTM Besai Kemu. The catchment polygon remains pending.,12-09-2026,CMA,Open-Meteo / CMA GRAPES,yes,1.0,1.0,1.0,24,24,200,504,,,,
pltm_besai_kemu_powerhouse,Powerhouse Besai Kemu,2026-09-12,18.08.03.2017,Kemu,independent_site_engineering_point,yes,-4.837533333,104.510075,Asia/Jakarta,Powerhouse Besai Kemu engineering forecast reference for PLTM Besai Kemu. The catchment polygon remains pending.,12-09-2026,ECMWF,Open-Meteo / ECMWF,yes,1.0,1.0,1.0,24,24,200,500,,,,
pltm_besai_kemu_powerhouse,Powerhouse Besai Kemu,2026-09-12,18.08.03.2017,Kemu,independent_site_engineering_point,yes,-4.837533333,104.510075,Asia/Jakarta,Powerhouse Besai Kemu engineering forecast reference for PLTM Besai Kemu. The catchment polygon remains pending.,12-09-2026,GFS,Open-Meteo / NOAA GFS,yes,1.0,1.0,1.0,24,24,200,508,,,,
pltm_besai_kemu_powerhouse,Powerhouse Besai Kemu,2026-09-12,18.08.03.2017,Kemu,independent_site_engineering_point,yes,-4.837533333,104.510075,Asia/Jakarta,Powerhouse Besai Kemu engineering forecast reference for PLTM Besai Kemu. The catchment polygon remains pending.,12-09-2026,ICON,Open-Meteo / DWD ICON,yes,1.0,1.0,1.0,24,24,200,513,,,,
pltm_besai_kemu_powerhouse,Powerhouse Besai Kemu,2026-09-12,18.08.03.2017,Kemu,independent_site_engineering_point,yes,-4.837533333,104.510075,Asia/Jakarta,Powerhouse Besai Kemu engineering forecast reference for PLTM Besai Kemu. The catchment polygon remains pending.,12-09-2026,METEOFRANCE,Open-Meteo / Meteo-France,yes,1.0,1.0,1.0,24,24,200,497,,,,
pltm_besai_kemu_powerhouse,Powerhouse Besai Kemu,2026-09-12,18.08.03.2017,Kemu,independent_site_engineering_point,yes,-4.837533333,104.510075,Asia/Jakarta,Powerhouse Besai Kemu engineering forecast reference for PLTM Besai Kemu. The catchment polygon remains pending.,12-09-2026,UKMO,Open-Meteo / UK Met Office,yes,1.0,1.0,1.0,24,24,200,523,,,,
pltm_besai_kemu_sumberjaya,Stasiun Hujan Sumberjaya,2026-09-09,18.08.03.2017,Kemu,independent_site_engineering_point,yes,-5.009188889,104.483483333,Asia/Jakarta,Stasiun Hujan Sumberjaya engineering forecast reference for PLTM Besai Kemu. The catchment polygon remains pending.,09-09-2026,BMKG,BMKG,yes,1.35,1.0,1.35,18,24,200,115,,,,
pltm_besai_kemu_sumberjaya,Stasiun Hujan Sumberjaya,2026-09-09,18.08.03.2017,Kemu,independent_site_engineering_point,yes,-5.009188889,104.483483333,Asia/Jakarta,Stasiun Hujan Sumberjaya engineering forecast reference for PLTM Besai Kemu. The catchment polygon remains pending.,09-09-2026,CMA,Open-Meteo / CMA GRAPES,yes,1.0,1.0,1.0,24,24,200,580,,,,
pltm_besai_kemu_sumberjaya,Stasiun Hujan Sumberjaya,2026-09-09,18.08.03.2017,Kemu,independent_site_engineering_point,yes,-5.009188889,104.483483333,Asia/Jakarta,Stasiun Hujan Sumberjaya engineering forecast reference for PLTM Besai Kemu. The catchment polygon remains pending.,09-09-2026,ECMWF,Open-Meteo / ECMWF,yes,1.0,1.0,1.0,24,24,200,519,,,,
pltm_besai_kemu_sumberjaya,Stasiun Hujan Sumberjaya,2026-09-09,18.08.03.2017,Kemu,independent_site_engineering_point,yes,-5.009188889,104.483483333,Asia/Jakarta,Stasiun Hujan Sumberjaya engineering forecast reference for PLTM Besai Kemu. The catchment polygon remains pending.,09-09-2026,GFS,Open-Meteo / NOAA GFS,yes,1.0,1.0,1.0,24,24,200,516,,,,
pltm_besai_kemu_sumberjaya,Stasiun Hujan Sumberjaya,2026-09-09,18.08.03.2017,Kemu,independent_site_engineering_point,yes,-5.009188889,104.483483333,Asia/Jakarta,Stasiun Hujan Sumberjaya engineering forecast reference for PLTM Besai Kemu. The catchment polygon remains pending.,09-09-2026,ICON,Open-Meteo / DWD ICON,yes,1.0,1.0,1.0,24,24,200,542,,,,
pltm_besai_kemu_sumberjaya,Stasiun Hujan Sumberjaya,2026-09-09,18.08.03.2017,Kemu,independent_site_engineering_point,yes,-5.009188889,104.483483333,Asia/Jakarta,Stasiun Hujan Sumberjaya engineering forecast reference for PLTM Besai Kemu. The catchment polygon remains pending.,09-09-2026,METEOFRANCE,Open-Meteo / Meteo-France,yes,1.0,1.0,1.0,24,24,200,496,,,,
pltm_besai_kemu_sumberjaya,Stasiun Hujan Sumberjaya,2026-09-09,18.08.03.2017,Kemu,independent_site_engineering_point,yes,-5.009188889,104.483483333,Asia/Jakarta,Stasiun Hujan Sumberjaya engineering forecast reference for PLTM Besai Kemu. The catchment polygon remains pending.,09-09-2026,UKMO,Open-Meteo / UK Met Office,yes,1.0,1.0,1.0,24,24,200,526,,,,
pltm_besai_kemu_sumberjaya,Stasiun Hujan Sumberjaya,2026-09-10,18.08.03.2017,Kemu,independent_site_engineering_point,yes,-5.009188889,104.483483333,Asia/Jakarta,Stasiun Hujan Sumberjaya engineering forecast reference for PLTM Besai Kemu. The catchment polygon remains pending.,10-09-2026,BMKG,BMKG,yes,1.35,0.9869,1.3323,24,24,200,75,,,,
pltm_besai_kemu_sumberjaya,Stasiun Hujan Sumberjaya,2026-09-10,18.08.03.2017,Kemu,independent_site_engineering_point,yes,-5.009188889,104.483483333,Asia/Jakarta,Stasiun Hujan Sumberjaya engineering forecast reference for PLTM Besai Kemu. The catchment polygon remains pending.,10-09-2026,CMA,Open-Meteo / CMA GRAPES,yes,1.0,1.0,1.0,24,24,200,550,,,,
pltm_besai_kemu_sumberjaya,Stasiun Hujan Sumberjaya,2026-09-10,18.08.03.2017,Kemu,independent_site_engineering_point,yes,-5.009188889,104.483483333,Asia/Jakarta,Stasiun Hujan Sumberjaya engineering forecast reference for PLTM Besai Kemu. The catchment polygon remains pending.,10-09-2026,ECMWF,Open-Meteo / ECMWF,yes,1.0,1.0,1.0,24,24,200,589,,,,
pltm_besai_kemu_sumberjaya,Stasiun Hujan Sumberjaya,2026-09-10,18.08.03.2017,Kemu,independent_site_engineering_point,yes,-5.009188889,104.483483333,Asia/Jakarta,Stasiun Hujan Sumberjaya engineering forecast reference for PLTM Besai Kemu. The catchment polygon remains pending.,10-09-2026,GFS,Open-Meteo / NOAA GFS,yes,1.0,1.0,1.0,24,24,200,629,,,,
pltm_besai_kemu_sumberjaya,Stasiun Hujan Sumberjaya,2026-09-10,18.08.03.2017,Kemu,independent_site_engineering_point,yes,-5.009188889,104.483483333,Asia/Jakarta,Stasiun Hujan Sumberjaya engineering forecast reference for PLTM Besai Kemu. The catchment polygon remains pending.,10-09-2026,ICON,Open-Meteo / DWD ICON,yes,1.0,1.0,1.0,24,24,200,550,,,,
pltm_besai_kemu_sumberjaya,Stasiun Hujan Sumberjaya,2026-09-10,18.08.03.2017,Kemu,independent_site_engineering_point,yes,-5.009188889,104.483483333,Asia/Jakarta,Stasiun Hujan Sumberjaya engineering forecast reference for PLTM Besai Kemu. The catchment polygon remains pending.,10-09-2026,METEOFRANCE,Open-Meteo / Meteo-France,yes,1.0,1.0,1.0,24,24,200,592,,,,
pltm_besai_kemu_sumberjaya,Stasiun Hujan Sumberjaya,2026-09-10,18.08.03.2017,Kemu,independent_site_engineering_point,yes,-5.009188889,104.483483333,Asia/Jakarta,Stasiun Hujan Sumberjaya engineering forecast reference for PLTM Besai Kemu. The catchment polygon remains pending.,10-09-2026,UKMO,Open-Meteo / UK Met Office,yes,1.0,1.0,1.0,24,24,200,505,,,,
pltm_besai_kemu_sumberjaya,Stasiun Hujan Sumberjaya,2026-09-11,18.08.03.2017,Kemu,independent_site_engineering_point,yes,-5.009188889,104.483483333,Asia/Jakarta,Stasiun Hujan Sumberjaya engineering forecast reference for PLTM Besai Kemu. The catchment polygon remains pending.,11-09-2026,BMKG,BMKG,yes,1.35,0.9915,1.3385,24,24,200,125,,,,
pltm_besai_kemu_sumberjaya,Stasiun Hujan Sumberjaya,2026-09-11,18.08.03.2017,Kemu,independent_site_engineering_point,yes,-5.009188889,104.483483333,Asia/Jakarta,Stasiun Hujan Sumberjaya engineering forecast reference for PLTM Besai Kemu. The catchment polygon remains pending.,11-09-2026,CMA,Open-Meteo / CMA GRAPES,yes,1.0,1.0,1.0,24,24,200,685,,,,
pltm_besai_kemu_sumberjaya,Stasiun Hujan Sumberjaya,2026-09-11,18.08.03.2017,Kemu,independent_site_engineering_point,yes,-5.009188889,104.483483333,Asia/Jakarta,Stasiun Hujan Sumberjaya engineering forecast reference for PLTM Besai Kemu. The catchment polygon remains pending.,11-09-2026,ECMWF,Open-Meteo / ECMWF,yes,1.0,1.0,1.0,24,24,200,526,,,,
pltm_besai_kemu_sumberjaya,Stasiun Hujan Sumberjaya,2026-09-11,18.08.03.2017,Kemu,independent_site_engineering_point,yes,-5.009188889,104.483483333,Asia/Jakarta,Stasiun Hujan Sumberjaya engineering forecast reference for PLTM Besai Kemu. The catchment polygon remains pending.,11-09-2026,GFS,Open-Meteo / NOAA GFS,yes,1.0,1.0,1.0,24,24,200,494,,,,
pltm_besai_kemu_sumberjaya,Stasiun Hujan Sumberjaya,2026-09-11,18.08.03.2017,Kemu,independent_site_engineering_point,yes,-5.009188889,104.483483333,Asia/Jakarta,Stasiun Hujan Sumberjaya engineering forecast reference for PLTM Besai Kemu. The catchment polygon remains pending.,11-09-2026,ICON,Open-Meteo / DWD ICON,yes,1.0,1.0,1.0,24,24,200,554,,,,
pltm_besai_kemu_sumberjaya,Stasiun Hujan Sumberjaya,2026-09-11,18.08.03.2017,Kemu,independent_site_engineering_point,yes,-5.009188889,104.483483333,Asia/Jakarta,Stasiun Hujan Sumberjaya engineering forecast reference for PLTM Besai Kemu. The catchment polygon remains pending.,11-09-2026,METEOFRANCE,Open-Meteo / Meteo-France,yes,1.0,1.0,1.0,24,24,200,521,,,,
pltm_besai_kemu_sumberjaya,Stasiun Hujan Sumberjaya,2026-09-11,18.08.03.2017,Kemu,independent_site_engineering_point,yes,-5.009188889,104.483483333,Asia/Jakarta,Stasiun Hujan Sumberjaya engineering forecast reference for PLTM Besai Kemu. The catchment polygon remains pending.,11-09-2026,UKMO,Open-Meteo / UK Met Office,yes,1.0,1.0,1.0,24,24,200,562,,,,
pltm_besai_kemu_sumberjaya,Stasiun Hujan Sumberjaya,2026-09-12,18.08.03.2017,Kemu,independent_site_engineering_point,yes,-5.009188889,104.483483333,Asia/Jakarta,Stasiun Hujan Sumberjaya engineering forecast reference for PLTM Besai Kemu. The catchment polygon remains pending.,12-09-2026,BMKG,BMKG,no,1.35,0.9945,1.3426,0,24,,126,,,,BMKG tidak mengembalikan kandidat untuk target date
pltm_besai_kemu_sumberjaya,Stasiun Hujan Sumberjaya,2026-09-12,18.08.03.2017,Kemu,independent_site_engineering_point,yes,-5.009188889,104.483483333,Asia/Jakarta,Stasiun Hujan Sumberjaya engineering forecast reference for PLTM Besai Kemu. The catchment polygon remains pending.,12-09-2026,CMA,Open-Meteo / CMA GRAPES,yes,1.0,1.0,1.0,24,24,200,584,,,,
pltm_besai_kemu_sumberjaya,Stasiun Hujan Sumberjaya,2026-09-12,18.08.03.2017,Kemu,independent_site_engineering_point,yes,-5.009188889,104.483483333,Asia/Jakarta,Stasiun Hujan Sumberjaya engineering forecast reference for PLTM Besai Kemu. The catchment polygon remains pending.,12-09-2026,ECMWF,Open-Meteo / ECMWF,yes,1.0,1.0,1.0,24,24,200,524,,,,
pltm_besai_kemu_sumberjaya,Stasiun Hujan Sumberjaya,2026-09-12,18.08.03.2017,Kemu,independent_site_engineering_point,yes,-5.009188889,104.483483333,Asia/Jakarta,Stasiun Hujan Sumberjaya engineering forecast reference for PLTM Besai Kemu. The catchment polygon remains pending.,12-09-2026,GFS,Open-Meteo / NOAA GFS,yes,1.0,1.0,1.0,24,24,200,574,,,,
pltm_besai_kemu_sumberjaya,Stasiun Hujan Sumberjaya,2026-09-12,18.08.03.2017,Kemu,independent_site_engineering_point,yes,-5.009188889,104.483483333,Asia/Jakarta,Stasiun Hujan Sumberjaya engineering forecast reference for PLTM Besai Kemu. The catchment polygon remains pending.,12-09-2026,ICON,Open-Meteo / DWD ICON,yes,1.0,1.0,1.0,24,24,200,535,,,,
pltm_besai_kemu_sumberjaya,Stasiun Hujan Sumberjaya,2026-09-12,18.08.03.2017,Kemu,independent_site_engineering_point,yes,-5.009188889,104.483483333,Asia/Jakarta,Stasiun Hujan Sumberjaya engineering forecast reference for PLTM Besai Kemu. The catchment polygon remains pending.,12-09-2026,METEOFRANCE,Open-Meteo / Meteo-France,yes,1.0,1.0,1.0,24,24,200,526,,,,
pltm_besai_kemu_sumberjaya,Stasiun Hujan Sumberjaya,2026-09-12,18.08.03.2017,Kemu,independent_site_engineering_point,yes,-5.009188889,104.483483333,Asia/Jakarta,Stasiun Hujan Sumberjaya engineering forecast reference for PLTM Besai Kemu. The catchment polygon remains pending.,12-09-2026,UKMO,Open-Meteo / UK Met Office,yes,1.0,1.0,1.0,24,24,200,498,,,,
