location_slug,location_name,target_date,adm4,bmkg_point_name,area_level,is_proxy_bmkg,latitude,longitude,timezone,location_note,tanggal,source_id,provider,success,base_weight,health_factor,effective_base_weight,points_collected,target_points,http_status,duration_ms,error_content_type,error_snippet,payload_saved_path,error
plta_redelong,PLTA Redelong,2026-08-27,11.17.05.2002,Bale Redelong,outlet_reference,yes,4.748139,96.977344,Asia/Jakarta,Forecast Redelong representative point. BMKG ADM4 reference: 11.17.05.2002 (Bale Redelong). Initial BMKG reference for Forecast Redelong Spatial role: outlet_reference. Titik referensi PLTA; tidak diberi bobot luas.,27-08-2026,BMKG,BMKG,yes,1.35,1.0,1.35,20,24,200,855,,,,
plta_redelong,PLTA Redelong,2026-08-27,11.17.05.2002,Bale Redelong,outlet_reference,yes,4.748139,96.977344,Asia/Jakarta,Forecast Redelong representative point. BMKG ADM4 reference: 11.17.05.2002 (Bale Redelong). Initial BMKG reference for Forecast Redelong Spatial role: outlet_reference. Titik referensi PLTA; tidak diberi bobot luas.,27-08-2026,CMA,Open-Meteo / CMA GRAPES,yes,1.0,1.0,1.0,24,24,200,646,,,,
plta_redelong,PLTA Redelong,2026-08-27,11.17.05.2002,Bale Redelong,outlet_reference,yes,4.748139,96.977344,Asia/Jakarta,Forecast Redelong representative point. BMKG ADM4 reference: 11.17.05.2002 (Bale Redelong). Initial BMKG reference for Forecast Redelong Spatial role: outlet_reference. Titik referensi PLTA; tidak diberi bobot luas.,27-08-2026,ECMWF,Open-Meteo / ECMWF,yes,1.0,1.0,1.0,24,24,200,633,,,,
plta_redelong,PLTA Redelong,2026-08-27,11.17.05.2002,Bale Redelong,outlet_reference,yes,4.748139,96.977344,Asia/Jakarta,Forecast Redelong representative point. BMKG ADM4 reference: 11.17.05.2002 (Bale Redelong). Initial BMKG reference for Forecast Redelong Spatial role: outlet_reference. Titik referensi PLTA; tidak diberi bobot luas.,27-08-2026,GFS,Open-Meteo / NOAA GFS,yes,1.0,1.0,1.0,24,24,200,673,,,,
plta_redelong,PLTA Redelong,2026-08-27,11.17.05.2002,Bale Redelong,outlet_reference,yes,4.748139,96.977344,Asia/Jakarta,Forecast Redelong representative point. BMKG ADM4 reference: 11.17.05.2002 (Bale Redelong). Initial BMKG reference for Forecast Redelong Spatial role: outlet_reference. Titik referensi PLTA; tidak diberi bobot luas.,27-08-2026,ICON,Open-Meteo / DWD ICON,yes,1.0,1.0,1.0,24,24,200,635,,,,
plta_redelong,PLTA Redelong,2026-08-27,11.17.05.2002,Bale Redelong,outlet_reference,yes,4.748139,96.977344,Asia/Jakarta,Forecast Redelong representative point. BMKG ADM4 reference: 11.17.05.2002 (Bale Redelong). Initial BMKG reference for Forecast Redelong Spatial role: outlet_reference. Titik referensi PLTA; tidak diberi bobot luas.,27-08-2026,METEOFRANCE,Open-Meteo / Meteo-France,yes,1.0,1.0,1.0,24,24,200,664,,,,
plta_redelong,PLTA Redelong,2026-08-27,11.17.05.2002,Bale Redelong,outlet_reference,yes,4.748139,96.977344,Asia/Jakarta,Forecast Redelong representative point. BMKG ADM4 reference: 11.17.05.2002 (Bale Redelong). Initial BMKG reference for Forecast Redelong Spatial role: outlet_reference. Titik referensi PLTA; tidak diberi bobot luas.,27-08-2026,UKMO,Open-Meteo / UK Met Office,yes,1.0,1.0,1.0,24,24,200,649,,,,
plta_redelong,PLTA Redelong,2026-08-28,11.17.05.2002,Bale Redelong,outlet_reference,yes,4.748139,96.977344,Asia/Jakarta,Forecast Redelong representative point. BMKG ADM4 reference: 11.17.05.2002 (Bale Redelong). Initial BMKG reference for Forecast Redelong Spatial role: outlet_reference. Titik referensi PLTA; tidak diberi bobot luas.,28-08-2026,BMKG,BMKG,yes,1.35,0.9913,1.3383,24,24,200,23,,,,
plta_redelong,PLTA Redelong,2026-08-28,11.17.05.2002,Bale Redelong,outlet_reference,yes,4.748139,96.977344,Asia/Jakarta,Forecast Redelong representative point. BMKG ADM4 reference: 11.17.05.2002 (Bale Redelong). Initial BMKG reference for Forecast Redelong Spatial role: outlet_reference. Titik referensi PLTA; tidak diberi bobot luas.,28-08-2026,CMA,Open-Meteo / CMA GRAPES,yes,1.0,1.0,1.0,24,24,200,616,,,,
plta_redelong,PLTA Redelong,2026-08-28,11.17.05.2002,Bale Redelong,outlet_reference,yes,4.748139,96.977344,Asia/Jakarta,Forecast Redelong representative point. BMKG ADM4 reference: 11.17.05.2002 (Bale Redelong). Initial BMKG reference for Forecast Redelong Spatial role: outlet_reference. Titik referensi PLTA; tidak diberi bobot luas.,28-08-2026,ECMWF,Open-Meteo / ECMWF,yes,1.0,1.0,1.0,24,24,200,626,,,,
plta_redelong,PLTA Redelong,2026-08-28,11.17.05.2002,Bale Redelong,outlet_reference,yes,4.748139,96.977344,Asia/Jakarta,Forecast Redelong representative point. BMKG ADM4 reference: 11.17.05.2002 (Bale Redelong). Initial BMKG reference for Forecast Redelong Spatial role: outlet_reference. Titik referensi PLTA; tidak diberi bobot luas.,28-08-2026,GFS,Open-Meteo / NOAA GFS,yes,1.0,1.0,1.0,24,24,200,636,,,,
plta_redelong,PLTA Redelong,2026-08-28,11.17.05.2002,Bale Redelong,outlet_reference,yes,4.748139,96.977344,Asia/Jakarta,Forecast Redelong representative point. BMKG ADM4 reference: 11.17.05.2002 (Bale Redelong). Initial BMKG reference for Forecast Redelong Spatial role: outlet_reference. Titik referensi PLTA; tidak diberi bobot luas.,28-08-2026,ICON,Open-Meteo / DWD ICON,yes,1.0,1.0,1.0,24,24,200,810,,,,
plta_redelong,PLTA Redelong,2026-08-28,11.17.05.2002,Bale Redelong,outlet_reference,yes,4.748139,96.977344,Asia/Jakarta,Forecast Redelong representative point. BMKG ADM4 reference: 11.17.05.2002 (Bale Redelong). Initial BMKG reference for Forecast Redelong Spatial role: outlet_reference. Titik referensi PLTA; tidak diberi bobot luas.,28-08-2026,METEOFRANCE,Open-Meteo / Meteo-France,yes,1.0,1.0,1.0,24,24,200,625,,,,
plta_redelong,PLTA Redelong,2026-08-28,11.17.05.2002,Bale Redelong,outlet_reference,yes,4.748139,96.977344,Asia/Jakarta,Forecast Redelong representative point. BMKG ADM4 reference: 11.17.05.2002 (Bale Redelong). Initial BMKG reference for Forecast Redelong Spatial role: outlet_reference. Titik referensi PLTA; tidak diberi bobot luas.,28-08-2026,UKMO,Open-Meteo / UK Met Office,yes,1.0,1.0,1.0,24,24,200,798,,,,
plta_redelong,PLTA Redelong,2026-08-29,11.17.05.2002,Bale Redelong,outlet_reference,yes,4.748139,96.977344,Asia/Jakarta,Forecast Redelong representative point. BMKG ADM4 reference: 11.17.05.2002 (Bale Redelong). Initial BMKG reference for Forecast Redelong Spatial role: outlet_reference. Titik referensi PLTA; tidak diberi bobot luas.,29-08-2026,BMKG,BMKG,yes,1.35,0.9943,1.3423,24,24,200,23,,,,
plta_redelong,PLTA Redelong,2026-08-29,11.17.05.2002,Bale Redelong,outlet_reference,yes,4.748139,96.977344,Asia/Jakarta,Forecast Redelong representative point. BMKG ADM4 reference: 11.17.05.2002 (Bale Redelong). Initial BMKG reference for Forecast Redelong Spatial role: outlet_reference. Titik referensi PLTA; tidak diberi bobot luas.,29-08-2026,CMA,Open-Meteo / CMA GRAPES,yes,1.0,1.0,1.0,24,24,200,632,,,,
plta_redelong,PLTA Redelong,2026-08-29,11.17.05.2002,Bale Redelong,outlet_reference,yes,4.748139,96.977344,Asia/Jakarta,Forecast Redelong representative point. BMKG ADM4 reference: 11.17.05.2002 (Bale Redelong). Initial BMKG reference for Forecast Redelong Spatial role: outlet_reference. Titik referensi PLTA; tidak diberi bobot luas.,29-08-2026,ECMWF,Open-Meteo / ECMWF,yes,1.0,1.0,1.0,24,24,200,651,,,,
plta_redelong,PLTA Redelong,2026-08-29,11.17.05.2002,Bale Redelong,outlet_reference,yes,4.748139,96.977344,Asia/Jakarta,Forecast Redelong representative point. BMKG ADM4 reference: 11.17.05.2002 (Bale Redelong). Initial BMKG reference for Forecast Redelong Spatial role: outlet_reference. Titik referensi PLTA; tidak diberi bobot luas.,29-08-2026,GFS,Open-Meteo / NOAA GFS,yes,1.0,1.0,1.0,24,24,200,611,,,,
plta_redelong,PLTA Redelong,2026-08-29,11.17.05.2002,Bale Redelong,outlet_reference,yes,4.748139,96.977344,Asia/Jakarta,Forecast Redelong representative point. BMKG ADM4 reference: 11.17.05.2002 (Bale Redelong). Initial BMKG reference for Forecast Redelong Spatial role: outlet_reference. Titik referensi PLTA; tidak diberi bobot luas.,29-08-2026,ICON,Open-Meteo / DWD ICON,yes,1.0,1.0,1.0,24,24,200,626,,,,
plta_redelong,PLTA Redelong,2026-08-29,11.17.05.2002,Bale Redelong,outlet_reference,yes,4.748139,96.977344,Asia/Jakarta,Forecast Redelong representative point. BMKG ADM4 reference: 11.17.05.2002 (Bale Redelong). Initial BMKG reference for Forecast Redelong Spatial role: outlet_reference. Titik referensi PLTA; tidak diberi bobot luas.,29-08-2026,METEOFRANCE,Open-Meteo / Meteo-France,yes,1.0,1.0,1.0,24,24,200,642,,,,
plta_redelong,PLTA Redelong,2026-08-29,11.17.05.2002,Bale Redelong,outlet_reference,yes,4.748139,96.977344,Asia/Jakarta,Forecast Redelong representative point. BMKG ADM4 reference: 11.17.05.2002 (Bale Redelong). Initial BMKG reference for Forecast Redelong Spatial role: outlet_reference. Titik referensi PLTA; tidak diberi bobot luas.,29-08-2026,UKMO,Open-Meteo / UK Met Office,yes,1.0,1.0,1.0,24,24,200,651,,,,
plta_redelong,PLTA Redelong,2026-08-30,11.17.05.2002,Bale Redelong,outlet_reference,yes,4.748139,96.977344,Asia/Jakarta,Forecast Redelong representative point. BMKG ADM4 reference: 11.17.05.2002 (Bale Redelong). Initial BMKG reference for Forecast Redelong Spatial role: outlet_reference. Titik referensi PLTA; tidak diberi bobot luas.,30-08-2026,BMKG,BMKG,no,1.35,0.9963,1.345,0,24,,51,,,,BMKG tidak mengembalikan kandidat untuk target date
plta_redelong,PLTA Redelong,2026-08-30,11.17.05.2002,Bale Redelong,outlet_reference,yes,4.748139,96.977344,Asia/Jakarta,Forecast Redelong representative point. BMKG ADM4 reference: 11.17.05.2002 (Bale Redelong). Initial BMKG reference for Forecast Redelong Spatial role: outlet_reference. Titik referensi PLTA; tidak diberi bobot luas.,30-08-2026,CMA,Open-Meteo / CMA GRAPES,yes,1.0,1.0,1.0,24,24,200,639,,,,
plta_redelong,PLTA Redelong,2026-08-30,11.17.05.2002,Bale Redelong,outlet_reference,yes,4.748139,96.977344,Asia/Jakarta,Forecast Redelong representative point. BMKG ADM4 reference: 11.17.05.2002 (Bale Redelong). Initial BMKG reference for Forecast Redelong Spatial role: outlet_reference. Titik referensi PLTA; tidak diberi bobot luas.,30-08-2026,ECMWF,Open-Meteo / ECMWF,yes,1.0,1.0,1.0,24,24,200,628,,,,
plta_redelong,PLTA Redelong,2026-08-30,11.17.05.2002,Bale Redelong,outlet_reference,yes,4.748139,96.977344,Asia/Jakarta,Forecast Redelong representative point. BMKG ADM4 reference: 11.17.05.2002 (Bale Redelong). Initial BMKG reference for Forecast Redelong Spatial role: outlet_reference. Titik referensi PLTA; tidak diberi bobot luas.,30-08-2026,GFS,Open-Meteo / NOAA GFS,yes,1.0,1.0,1.0,24,24,200,632,,,,
plta_redelong,PLTA Redelong,2026-08-30,11.17.05.2002,Bale Redelong,outlet_reference,yes,4.748139,96.977344,Asia/Jakarta,Forecast Redelong representative point. BMKG ADM4 reference: 11.17.05.2002 (Bale Redelong). Initial BMKG reference for Forecast Redelong Spatial role: outlet_reference. Titik referensi PLTA; tidak diberi bobot luas.,30-08-2026,ICON,Open-Meteo / DWD ICON,yes,1.0,1.0,1.0,24,24,200,613,,,,
plta_redelong,PLTA Redelong,2026-08-30,11.17.05.2002,Bale Redelong,outlet_reference,yes,4.748139,96.977344,Asia/Jakarta,Forecast Redelong representative point. BMKG ADM4 reference: 11.17.05.2002 (Bale Redelong). Initial BMKG reference for Forecast Redelong Spatial role: outlet_reference. Titik referensi PLTA; tidak diberi bobot luas.,30-08-2026,METEOFRANCE,Open-Meteo / Meteo-France,yes,1.0,1.0,1.0,24,24,200,651,,,,
plta_redelong,PLTA Redelong,2026-08-30,11.17.05.2002,Bale Redelong,outlet_reference,yes,4.748139,96.977344,Asia/Jakarta,Forecast Redelong representative point. BMKG ADM4 reference: 11.17.05.2002 (Bale Redelong). Initial BMKG reference for Forecast Redelong Spatial role: outlet_reference. Titik referensi PLTA; tidak diberi bobot luas.,30-08-2026,UKMO,Open-Meteo / UK Met Office,yes,1.0,1.0,1.0,24,24,200,625,,,,
gpm1,GPM1,2026-08-27,11.17.05.2002,Bale Redelong,provisional_catchment,yes,4.81572033808049,96.877105410688,Asia/Jakarta,Forecast Redelong representative point. BMKG ADM4 reference: 11.17.05.2002 (Bale Redelong). Initial BMKG reference for catchment point Spatial role: provisional_catchment. Area analisis provisional; menunggu konfirmasi batas DAS resmi.,27-08-2026,BMKG,BMKG,yes,1.35,1.0,1.35,20,24,200,24,,,,
gpm1,GPM1,2026-08-27,11.17.05.2002,Bale Redelong,provisional_catchment,yes,4.81572033808049,96.877105410688,Asia/Jakarta,Forecast Redelong representative point. BMKG ADM4 reference: 11.17.05.2002 (Bale Redelong). Initial BMKG reference for catchment point Spatial role: provisional_catchment. Area analisis provisional; menunggu konfirmasi batas DAS resmi.,27-08-2026,CMA,Open-Meteo / CMA GRAPES,yes,1.0,1.0,1.0,24,24,200,626,,,,
gpm1,GPM1,2026-08-27,11.17.05.2002,Bale Redelong,provisional_catchment,yes,4.81572033808049,96.877105410688,Asia/Jakarta,Forecast Redelong representative point. BMKG ADM4 reference: 11.17.05.2002 (Bale Redelong). Initial BMKG reference for catchment point Spatial role: provisional_catchment. Area analisis provisional; menunggu konfirmasi batas DAS resmi.,27-08-2026,ECMWF,Open-Meteo / ECMWF,yes,1.0,1.0,1.0,24,24,200,627,,,,
gpm1,GPM1,2026-08-27,11.17.05.2002,Bale Redelong,provisional_catchment,yes,4.81572033808049,96.877105410688,Asia/Jakarta,Forecast Redelong representative point. BMKG ADM4 reference: 11.17.05.2002 (Bale Redelong). Initial BMKG reference for catchment point Spatial role: provisional_catchment. Area analisis provisional; menunggu konfirmasi batas DAS resmi.,27-08-2026,GFS,Open-Meteo / NOAA GFS,yes,1.0,1.0,1.0,24,24,200,610,,,,
gpm1,GPM1,2026-08-27,11.17.05.2002,Bale Redelong,provisional_catchment,yes,4.81572033808049,96.877105410688,Asia/Jakarta,Forecast Redelong representative point. BMKG ADM4 reference: 11.17.05.2002 (Bale Redelong). Initial BMKG reference for catchment point Spatial role: provisional_catchment. Area analisis provisional; menunggu konfirmasi batas DAS resmi.,27-08-2026,ICON,Open-Meteo / DWD ICON,yes,1.0,1.0,1.0,24,24,200,658,,,,
gpm1,GPM1,2026-08-27,11.17.05.2002,Bale Redelong,provisional_catchment,yes,4.81572033808049,96.877105410688,Asia/Jakarta,Forecast Redelong representative point. BMKG ADM4 reference: 11.17.05.2002 (Bale Redelong). Initial BMKG reference for catchment point Spatial role: provisional_catchment. Area analisis provisional; menunggu konfirmasi batas DAS resmi.,27-08-2026,METEOFRANCE,Open-Meteo / Meteo-France,yes,1.0,1.0,1.0,24,24,200,625,,,,
gpm1,GPM1,2026-08-27,11.17.05.2002,Bale Redelong,provisional_catchment,yes,4.81572033808049,96.877105410688,Asia/Jakarta,Forecast Redelong representative point. BMKG ADM4 reference: 11.17.05.2002 (Bale Redelong). Initial BMKG reference for catchment point Spatial role: provisional_catchment. Area analisis provisional; menunggu konfirmasi batas DAS resmi.,27-08-2026,UKMO,Open-Meteo / UK Met Office,yes,1.0,1.0,1.0,24,24,200,605,,,,
gpm1,GPM1,2026-08-28,11.17.05.2002,Bale Redelong,provisional_catchment,yes,4.81572033808049,96.877105410688,Asia/Jakarta,Forecast Redelong representative point. BMKG ADM4 reference: 11.17.05.2002 (Bale Redelong). Initial BMKG reference for catchment point Spatial role: provisional_catchment. Area analisis provisional; menunggu konfirmasi batas DAS resmi.,28-08-2026,BMKG,BMKG,yes,1.35,0.9913,1.3383,24,24,200,22,,,,
gpm1,GPM1,2026-08-28,11.17.05.2002,Bale Redelong,provisional_catchment,yes,4.81572033808049,96.877105410688,Asia/Jakarta,Forecast Redelong representative point. BMKG ADM4 reference: 11.17.05.2002 (Bale Redelong). Initial BMKG reference for catchment point Spatial role: provisional_catchment. Area analisis provisional; menunggu konfirmasi batas DAS resmi.,28-08-2026,CMA,Open-Meteo / CMA GRAPES,yes,1.0,1.0,1.0,24,24,200,874,,,,
gpm1,GPM1,2026-08-28,11.17.05.2002,Bale Redelong,provisional_catchment,yes,4.81572033808049,96.877105410688,Asia/Jakarta,Forecast Redelong representative point. BMKG ADM4 reference: 11.17.05.2002 (Bale Redelong). Initial BMKG reference for catchment point Spatial role: provisional_catchment. Area analisis provisional; menunggu konfirmasi batas DAS resmi.,28-08-2026,ECMWF,Open-Meteo / ECMWF,yes,1.0,1.0,1.0,24,24,200,652,,,,
gpm1,GPM1,2026-08-28,11.17.05.2002,Bale Redelong,provisional_catchment,yes,4.81572033808049,96.877105410688,Asia/Jakarta,Forecast Redelong representative point. BMKG ADM4 reference: 11.17.05.2002 (Bale Redelong). Initial BMKG reference for catchment point Spatial role: provisional_catchment. Area analisis provisional; menunggu konfirmasi batas DAS resmi.,28-08-2026,GFS,Open-Meteo / NOAA GFS,yes,1.0,1.0,1.0,24,24,200,643,,,,
gpm1,GPM1,2026-08-28,11.17.05.2002,Bale Redelong,provisional_catchment,yes,4.81572033808049,96.877105410688,Asia/Jakarta,Forecast Redelong representative point. BMKG ADM4 reference: 11.17.05.2002 (Bale Redelong). Initial BMKG reference for catchment point Spatial role: provisional_catchment. Area analisis provisional; menunggu konfirmasi batas DAS resmi.,28-08-2026,ICON,Open-Meteo / DWD ICON,yes,1.0,1.0,1.0,24,24,200,625,,,,
gpm1,GPM1,2026-08-28,11.17.05.2002,Bale Redelong,provisional_catchment,yes,4.81572033808049,96.877105410688,Asia/Jakarta,Forecast Redelong representative point. BMKG ADM4 reference: 11.17.05.2002 (Bale Redelong). Initial BMKG reference for catchment point Spatial role: provisional_catchment. Area analisis provisional; menunggu konfirmasi batas DAS resmi.,28-08-2026,METEOFRANCE,Open-Meteo / Meteo-France,yes,1.0,1.0,1.0,24,24,200,626,,,,
gpm1,GPM1,2026-08-28,11.17.05.2002,Bale Redelong,provisional_catchment,yes,4.81572033808049,96.877105410688,Asia/Jakarta,Forecast Redelong representative point. BMKG ADM4 reference: 11.17.05.2002 (Bale Redelong). Initial BMKG reference for catchment point Spatial role: provisional_catchment. Area analisis provisional; menunggu konfirmasi batas DAS resmi.,28-08-2026,UKMO,Open-Meteo / UK Met Office,yes,1.0,1.0,1.0,24,24,200,650,,,,
gpm1,GPM1,2026-08-29,11.17.05.2002,Bale Redelong,provisional_catchment,yes,4.81572033808049,96.877105410688,Asia/Jakarta,Forecast Redelong representative point. BMKG ADM4 reference: 11.17.05.2002 (Bale Redelong). Initial BMKG reference for catchment point Spatial role: provisional_catchment. Area analisis provisional; menunggu konfirmasi batas DAS resmi.,29-08-2026,BMKG,BMKG,yes,1.35,0.9943,1.3423,24,24,200,25,,,,
gpm1,GPM1,2026-08-29,11.17.05.2002,Bale Redelong,provisional_catchment,yes,4.81572033808049,96.877105410688,Asia/Jakarta,Forecast Redelong representative point. BMKG ADM4 reference: 11.17.05.2002 (Bale Redelong). Initial BMKG reference for catchment point Spatial role: provisional_catchment. Area analisis provisional; menunggu konfirmasi batas DAS resmi.,29-08-2026,CMA,Open-Meteo / CMA GRAPES,yes,1.0,1.0,1.0,24,24,200,628,,,,
gpm1,GPM1,2026-08-29,11.17.05.2002,Bale Redelong,provisional_catchment,yes,4.81572033808049,96.877105410688,Asia/Jakarta,Forecast Redelong representative point. BMKG ADM4 reference: 11.17.05.2002 (Bale Redelong). Initial BMKG reference for catchment point Spatial role: provisional_catchment. Area analisis provisional; menunggu konfirmasi batas DAS resmi.,29-08-2026,ECMWF,Open-Meteo / ECMWF,yes,1.0,1.0,1.0,24,24,200,637,,,,
gpm1,GPM1,2026-08-29,11.17.05.2002,Bale Redelong,provisional_catchment,yes,4.81572033808049,96.877105410688,Asia/Jakarta,Forecast Redelong representative point. BMKG ADM4 reference: 11.17.05.2002 (Bale Redelong). Initial BMKG reference for catchment point Spatial role: provisional_catchment. Area analisis provisional; menunggu konfirmasi batas DAS resmi.,29-08-2026,GFS,Open-Meteo / NOAA GFS,yes,1.0,1.0,1.0,24,24,200,642,,,,
gpm1,GPM1,2026-08-29,11.17.05.2002,Bale Redelong,provisional_catchment,yes,4.81572033808049,96.877105410688,Asia/Jakarta,Forecast Redelong representative point. BMKG ADM4 reference: 11.17.05.2002 (Bale Redelong). Initial BMKG reference for catchment point Spatial role: provisional_catchment. Area analisis provisional; menunggu konfirmasi batas DAS resmi.,29-08-2026,ICON,Open-Meteo / DWD ICON,yes,1.0,1.0,1.0,24,24,200,605,,,,
gpm1,GPM1,2026-08-29,11.17.05.2002,Bale Redelong,provisional_catchment,yes,4.81572033808049,96.877105410688,Asia/Jakarta,Forecast Redelong representative point. BMKG ADM4 reference: 11.17.05.2002 (Bale Redelong). Initial BMKG reference for catchment point Spatial role: provisional_catchment. Area analisis provisional; menunggu konfirmasi batas DAS resmi.,29-08-2026,METEOFRANCE,Open-Meteo / Meteo-France,yes,1.0,1.0,1.0,24,24,200,627,,,,
gpm1,GPM1,2026-08-29,11.17.05.2002,Bale Redelong,provisional_catchment,yes,4.81572033808049,96.877105410688,Asia/Jakarta,Forecast Redelong representative point. BMKG ADM4 reference: 11.17.05.2002 (Bale Redelong). Initial BMKG reference for catchment point Spatial role: provisional_catchment. Area analisis provisional; menunggu konfirmasi batas DAS resmi.,29-08-2026,UKMO,Open-Meteo / UK Met Office,yes,1.0,1.0,1.0,24,24,200,625,,,,
gpm1,GPM1,2026-08-30,11.17.05.2002,Bale Redelong,provisional_catchment,yes,4.81572033808049,96.877105410688,Asia/Jakarta,Forecast Redelong representative point. BMKG ADM4 reference: 11.17.05.2002 (Bale Redelong). Initial BMKG reference for catchment point Spatial role: provisional_catchment. Area analisis provisional; menunggu konfirmasi batas DAS resmi.,30-08-2026,BMKG,BMKG,no,1.35,0.9963,1.345,0,24,,45,,,,BMKG tidak mengembalikan kandidat untuk target date
gpm1,GPM1,2026-08-30,11.17.05.2002,Bale Redelong,provisional_catchment,yes,4.81572033808049,96.877105410688,Asia/Jakarta,Forecast Redelong representative point. BMKG ADM4 reference: 11.17.05.2002 (Bale Redelong). Initial BMKG reference for catchment point Spatial role: provisional_catchment. Area analisis provisional; menunggu konfirmasi batas DAS resmi.,30-08-2026,CMA,Open-Meteo / CMA GRAPES,yes,1.0,1.0,1.0,24,24,200,630,,,,
gpm1,GPM1,2026-08-30,11.17.05.2002,Bale Redelong,provisional_catchment,yes,4.81572033808049,96.877105410688,Asia/Jakarta,Forecast Redelong representative point. BMKG ADM4 reference: 11.17.05.2002 (Bale Redelong). Initial BMKG reference for catchment point Spatial role: provisional_catchment. Area analisis provisional; menunggu konfirmasi batas DAS resmi.,30-08-2026,ECMWF,Open-Meteo / ECMWF,yes,1.0,1.0,1.0,24,24,200,630,,,,
gpm1,GPM1,2026-08-30,11.17.05.2002,Bale Redelong,provisional_catchment,yes,4.81572033808049,96.877105410688,Asia/Jakarta,Forecast Redelong representative point. BMKG ADM4 reference: 11.17.05.2002 (Bale Redelong). Initial BMKG reference for catchment point Spatial role: provisional_catchment. Area analisis provisional; menunggu konfirmasi batas DAS resmi.,30-08-2026,GFS,Open-Meteo / NOAA GFS,yes,1.0,1.0,1.0,24,24,200,643,,,,
gpm1,GPM1,2026-08-30,11.17.05.2002,Bale Redelong,provisional_catchment,yes,4.81572033808049,96.877105410688,Asia/Jakarta,Forecast Redelong representative point. BMKG ADM4 reference: 11.17.05.2002 (Bale Redelong). Initial BMKG reference for catchment point Spatial role: provisional_catchment. Area analisis provisional; menunggu konfirmasi batas DAS resmi.,30-08-2026,ICON,Open-Meteo / DWD ICON,yes,1.0,1.0,1.0,24,24,200,651,,,,
gpm1,GPM1,2026-08-30,11.17.05.2002,Bale Redelong,provisional_catchment,yes,4.81572033808049,96.877105410688,Asia/Jakarta,Forecast Redelong representative point. BMKG ADM4 reference: 11.17.05.2002 (Bale Redelong). Initial BMKG reference for catchment point Spatial role: provisional_catchment. Area analisis provisional; menunggu konfirmasi batas DAS resmi.,30-08-2026,METEOFRANCE,Open-Meteo / Meteo-France,yes,1.0,1.0,1.0,24,24,200,642,,,,
gpm1,GPM1,2026-08-30,11.17.05.2002,Bale Redelong,provisional_catchment,yes,4.81572033808049,96.877105410688,Asia/Jakarta,Forecast Redelong representative point. BMKG ADM4 reference: 11.17.05.2002 (Bale Redelong). Initial BMKG reference for catchment point Spatial role: provisional_catchment. Area analisis provisional; menunggu konfirmasi batas DAS resmi.,30-08-2026,UKMO,Open-Meteo / UK Met Office,yes,1.0,1.0,1.0,24,24,200,651,,,,
gpm2,GPM2,2026-08-27,11.17.05.2002,Bale Redelong,provisional_catchment,yes,4.811672965065149,96.9505347134354,Asia/Jakarta,Forecast Redelong representative point. BMKG ADM4 reference: 11.17.05.2002 (Bale Redelong). Initial BMKG reference for catchment point Spatial role: provisional_catchment. Area analisis provisional; menunggu konfirmasi batas DAS resmi.,27-08-2026,BMKG,BMKG,yes,1.35,1.0,1.35,20,24,200,21,,,,
gpm2,GPM2,2026-08-27,11.17.05.2002,Bale Redelong,provisional_catchment,yes,4.811672965065149,96.9505347134354,Asia/Jakarta,Forecast Redelong representative point. BMKG ADM4 reference: 11.17.05.2002 (Bale Redelong). Initial BMKG reference for catchment point Spatial role: provisional_catchment. Area analisis provisional; menunggu konfirmasi batas DAS resmi.,27-08-2026,CMA,Open-Meteo / CMA GRAPES,yes,1.0,1.0,1.0,24,24,200,628,,,,
gpm2,GPM2,2026-08-27,11.17.05.2002,Bale Redelong,provisional_catchment,yes,4.811672965065149,96.9505347134354,Asia/Jakarta,Forecast Redelong representative point. BMKG ADM4 reference: 11.17.05.2002 (Bale Redelong). Initial BMKG reference for catchment point Spatial role: provisional_catchment. Area analisis provisional; menunggu konfirmasi batas DAS resmi.,27-08-2026,ECMWF,Open-Meteo / ECMWF,yes,1.0,1.0,1.0,24,24,200,637,,,,
gpm2,GPM2,2026-08-27,11.17.05.2002,Bale Redelong,provisional_catchment,yes,4.811672965065149,96.9505347134354,Asia/Jakarta,Forecast Redelong representative point. BMKG ADM4 reference: 11.17.05.2002 (Bale Redelong). Initial BMKG reference for catchment point Spatial role: provisional_catchment. Area analisis provisional; menunggu konfirmasi batas DAS resmi.,27-08-2026,GFS,Open-Meteo / NOAA GFS,yes,1.0,1.0,1.0,24,24,200,626,,,,
gpm2,GPM2,2026-08-27,11.17.05.2002,Bale Redelong,provisional_catchment,yes,4.811672965065149,96.9505347134354,Asia/Jakarta,Forecast Redelong representative point. BMKG ADM4 reference: 11.17.05.2002 (Bale Redelong). Initial BMKG reference for catchment point Spatial role: provisional_catchment. Area analisis provisional; menunggu konfirmasi batas DAS resmi.,27-08-2026,ICON,Open-Meteo / DWD ICON,yes,1.0,1.0,1.0,24,24,200,605,,,,
gpm2,GPM2,2026-08-27,11.17.05.2002,Bale Redelong,provisional_catchment,yes,4.811672965065149,96.9505347134354,Asia/Jakarta,Forecast Redelong representative point. BMKG ADM4 reference: 11.17.05.2002 (Bale Redelong). Initial BMKG reference for catchment point Spatial role: provisional_catchment. Area analisis provisional; menunggu konfirmasi batas DAS resmi.,27-08-2026,METEOFRANCE,Open-Meteo / Meteo-France,yes,1.0,1.0,1.0,24,24,200,626,,,,
gpm2,GPM2,2026-08-27,11.17.05.2002,Bale Redelong,provisional_catchment,yes,4.811672965065149,96.9505347134354,Asia/Jakarta,Forecast Redelong representative point. BMKG ADM4 reference: 11.17.05.2002 (Bale Redelong). Initial BMKG reference for catchment point Spatial role: provisional_catchment. Area analisis provisional; menunggu konfirmasi batas DAS resmi.,27-08-2026,UKMO,Open-Meteo / UK Met Office,yes,1.0,1.0,1.0,24,24,200,626,,,,
gpm2,GPM2,2026-08-28,11.17.05.2002,Bale Redelong,provisional_catchment,yes,4.811672965065149,96.9505347134354,Asia/Jakarta,Forecast Redelong representative point. BMKG ADM4 reference: 11.17.05.2002 (Bale Redelong). Initial BMKG reference for catchment point Spatial role: provisional_catchment. Area analisis provisional; menunggu konfirmasi batas DAS resmi.,28-08-2026,BMKG,BMKG,yes,1.35,0.9913,1.3383,24,24,200,21,,,,
gpm2,GPM2,2026-08-28,11.17.05.2002,Bale Redelong,provisional_catchment,yes,4.811672965065149,96.9505347134354,Asia/Jakarta,Forecast Redelong representative point. BMKG ADM4 reference: 11.17.05.2002 (Bale Redelong). Initial BMKG reference for catchment point Spatial role: provisional_catchment. Area analisis provisional; menunggu konfirmasi batas DAS resmi.,28-08-2026,CMA,Open-Meteo / CMA GRAPES,yes,1.0,1.0,1.0,24,24,200,643,,,,
gpm2,GPM2,2026-08-28,11.17.05.2002,Bale Redelong,provisional_catchment,yes,4.811672965065149,96.9505347134354,Asia/Jakarta,Forecast Redelong representative point. BMKG ADM4 reference: 11.17.05.2002 (Bale Redelong). Initial BMKG reference for catchment point Spatial role: provisional_catchment. Area analisis provisional; menunggu konfirmasi batas DAS resmi.,28-08-2026,ECMWF,Open-Meteo / ECMWF,yes,1.0,1.0,1.0,24,24,200,642,,,,
gpm2,GPM2,2026-08-28,11.17.05.2002,Bale Redelong,provisional_catchment,yes,4.811672965065149,96.9505347134354,Asia/Jakarta,Forecast Redelong representative point. BMKG ADM4 reference: 11.17.05.2002 (Bale Redelong). Initial BMKG reference for catchment point Spatial role: provisional_catchment. Area analisis provisional; menunggu konfirmasi batas DAS resmi.,28-08-2026,GFS,Open-Meteo / NOAA GFS,yes,1.0,1.0,1.0,24,24,200,627,,,,
gpm2,GPM2,2026-08-28,11.17.05.2002,Bale Redelong,provisional_catchment,yes,4.811672965065149,96.9505347134354,Asia/Jakarta,Forecast Redelong representative point. BMKG ADM4 reference: 11.17.05.2002 (Bale Redelong). Initial BMKG reference for catchment point Spatial role: provisional_catchment. Area analisis provisional; menunggu konfirmasi batas DAS resmi.,28-08-2026,ICON,Open-Meteo / DWD ICON,yes,1.0,1.0,1.0,24,24,200,650,,,,
gpm2,GPM2,2026-08-28,11.17.05.2002,Bale Redelong,provisional_catchment,yes,4.811672965065149,96.9505347134354,Asia/Jakarta,Forecast Redelong representative point. BMKG ADM4 reference: 11.17.05.2002 (Bale Redelong). Initial BMKG reference for catchment point Spatial role: provisional_catchment. Area analisis provisional; menunggu konfirmasi batas DAS resmi.,28-08-2026,METEOFRANCE,Open-Meteo / Meteo-France,yes,1.0,1.0,1.0,24,24,200,638,,,,
gpm2,GPM2,2026-08-28,11.17.05.2002,Bale Redelong,provisional_catchment,yes,4.811672965065149,96.9505347134354,Asia/Jakarta,Forecast Redelong representative point. BMKG ADM4 reference: 11.17.05.2002 (Bale Redelong). Initial BMKG reference for catchment point Spatial role: provisional_catchment. Area analisis provisional; menunggu konfirmasi batas DAS resmi.,28-08-2026,UKMO,Open-Meteo / UK Met Office,yes,1.0,1.0,1.0,24,24,200,614,,,,
gpm2,GPM2,2026-08-29,11.17.05.2002,Bale Redelong,provisional_catchment,yes,4.811672965065149,96.9505347134354,Asia/Jakarta,Forecast Redelong representative point. BMKG ADM4 reference: 11.17.05.2002 (Bale Redelong). Initial BMKG reference for catchment point Spatial role: provisional_catchment. Area analisis provisional; menunggu konfirmasi batas DAS resmi.,29-08-2026,BMKG,BMKG,yes,1.35,0.9943,1.3423,24,24,200,24,,,,
gpm2,GPM2,2026-08-29,11.17.05.2002,Bale Redelong,provisional_catchment,yes,4.811672965065149,96.9505347134354,Asia/Jakarta,Forecast Redelong representative point. BMKG ADM4 reference: 11.17.05.2002 (Bale Redelong). Initial BMKG reference for catchment point Spatial role: provisional_catchment. Area analisis provisional; menunggu konfirmasi batas DAS resmi.,29-08-2026,CMA,Open-Meteo / CMA GRAPES,yes,1.0,1.0,1.0,24,24,200,643,,,,
gpm2,GPM2,2026-08-29,11.17.05.2002,Bale Redelong,provisional_catchment,yes,4.811672965065149,96.9505347134354,Asia/Jakarta,Forecast Redelong representative point. BMKG ADM4 reference: 11.17.05.2002 (Bale Redelong). Initial BMKG reference for catchment point Spatial role: provisional_catchment. Area analisis provisional; menunggu konfirmasi batas DAS resmi.,29-08-2026,ECMWF,Open-Meteo / ECMWF,yes,1.0,1.0,1.0,24,24,200,625,,,,
gpm2,GPM2,2026-08-29,11.17.05.2002,Bale Redelong,provisional_catchment,yes,4.811672965065149,96.9505347134354,Asia/Jakarta,Forecast Redelong representative point. BMKG ADM4 reference: 11.17.05.2002 (Bale Redelong). Initial BMKG reference for catchment point Spatial role: provisional_catchment. Area analisis provisional; menunggu konfirmasi batas DAS resmi.,29-08-2026,GFS,Open-Meteo / NOAA GFS,yes,1.0,1.0,1.0,24,24,200,644,,,,
gpm2,GPM2,2026-08-29,11.17.05.2002,Bale Redelong,provisional_catchment,yes,4.811672965065149,96.9505347134354,Asia/Jakarta,Forecast Redelong representative point. BMKG ADM4 reference: 11.17.05.2002 (Bale Redelong). Initial BMKG reference for catchment point Spatial role: provisional_catchment. Area analisis provisional; menunggu konfirmasi batas DAS resmi.,29-08-2026,ICON,Open-Meteo / DWD ICON,yes,1.0,1.0,1.0,24,24,200,624,,,,
gpm2,GPM2,2026-08-29,11.17.05.2002,Bale Redelong,provisional_catchment,yes,4.811672965065149,96.9505347134354,Asia/Jakarta,Forecast Redelong representative point. BMKG ADM4 reference: 11.17.05.2002 (Bale Redelong). Initial BMKG reference for catchment point Spatial role: provisional_catchment. Area analisis provisional; menunggu konfirmasi batas DAS resmi.,29-08-2026,METEOFRANCE,Open-Meteo / Meteo-France,yes,1.0,1.0,1.0,24,24,200,642,,,,
gpm2,GPM2,2026-08-29,11.17.05.2002,Bale Redelong,provisional_catchment,yes,4.811672965065149,96.9505347134354,Asia/Jakarta,Forecast Redelong representative point. BMKG ADM4 reference: 11.17.05.2002 (Bale Redelong). Initial BMKG reference for catchment point Spatial role: provisional_catchment. Area analisis provisional; menunggu konfirmasi batas DAS resmi.,29-08-2026,UKMO,Open-Meteo / UK Met Office,yes,1.0,1.0,1.0,24,24,200,650,,,,
gpm2,GPM2,2026-08-30,11.17.05.2002,Bale Redelong,provisional_catchment,yes,4.811672965065149,96.9505347134354,Asia/Jakarta,Forecast Redelong representative point. BMKG ADM4 reference: 11.17.05.2002 (Bale Redelong). Initial BMKG reference for catchment point Spatial role: provisional_catchment. Area analisis provisional; menunggu konfirmasi batas DAS resmi.,30-08-2026,BMKG,BMKG,no,1.35,0.9963,1.345,0,24,,47,,,,BMKG tidak mengembalikan kandidat untuk target date
gpm2,GPM2,2026-08-30,11.17.05.2002,Bale Redelong,provisional_catchment,yes,4.811672965065149,96.9505347134354,Asia/Jakarta,Forecast Redelong representative point. BMKG ADM4 reference: 11.17.05.2002 (Bale Redelong). Initial BMKG reference for catchment point Spatial role: provisional_catchment. Area analisis provisional; menunggu konfirmasi batas DAS resmi.,30-08-2026,CMA,Open-Meteo / CMA GRAPES,yes,1.0,1.0,1.0,24,24,200,628,,,,
gpm2,GPM2,2026-08-30,11.17.05.2002,Bale Redelong,provisional_catchment,yes,4.811672965065149,96.9505347134354,Asia/Jakarta,Forecast Redelong representative point. BMKG ADM4 reference: 11.17.05.2002 (Bale Redelong). Initial BMKG reference for catchment point Spatial role: provisional_catchment. Area analisis provisional; menunggu konfirmasi batas DAS resmi.,30-08-2026,ECMWF,Open-Meteo / ECMWF,yes,1.0,1.0,1.0,24,24,200,638,,,,
gpm2,GPM2,2026-08-30,11.17.05.2002,Bale Redelong,provisional_catchment,yes,4.811672965065149,96.9505347134354,Asia/Jakarta,Forecast Redelong representative point. BMKG ADM4 reference: 11.17.05.2002 (Bale Redelong). Initial BMKG reference for catchment point Spatial role: provisional_catchment. Area analisis provisional; menunggu konfirmasi batas DAS resmi.,30-08-2026,GFS,Open-Meteo / NOAA GFS,yes,1.0,1.0,1.0,24,24,200,643,,,,
gpm2,GPM2,2026-08-30,11.17.05.2002,Bale Redelong,provisional_catchment,yes,4.811672965065149,96.9505347134354,Asia/Jakarta,Forecast Redelong representative point. BMKG ADM4 reference: 11.17.05.2002 (Bale Redelong). Initial BMKG reference for catchment point Spatial role: provisional_catchment. Area analisis provisional; menunggu konfirmasi batas DAS resmi.,30-08-2026,ICON,Open-Meteo / DWD ICON,yes,1.0,1.0,1.0,24,24,200,605,,,,
gpm2,GPM2,2026-08-30,11.17.05.2002,Bale Redelong,provisional_catchment,yes,4.811672965065149,96.9505347134354,Asia/Jakarta,Forecast Redelong representative point. BMKG ADM4 reference: 11.17.05.2002 (Bale Redelong). Initial BMKG reference for catchment point Spatial role: provisional_catchment. Area analisis provisional; menunggu konfirmasi batas DAS resmi.,30-08-2026,METEOFRANCE,Open-Meteo / Meteo-France,yes,1.0,1.0,1.0,24,24,200,626,,,,
gpm2,GPM2,2026-08-30,11.17.05.2002,Bale Redelong,provisional_catchment,yes,4.811672965065149,96.9505347134354,Asia/Jakarta,Forecast Redelong representative point. BMKG ADM4 reference: 11.17.05.2002 (Bale Redelong). Initial BMKG reference for catchment point Spatial role: provisional_catchment. Area analisis provisional; menunggu konfirmasi batas DAS resmi.,30-08-2026,UKMO,Open-Meteo / UK Met Office,yes,1.0,1.0,1.0,24,24,200,627,,,,
gpm3,GPM3,2026-08-27,11.17.05.2002,Bale Redelong,provisional_catchment,yes,4.815409756944025,97.009911990332,Asia/Jakarta,Forecast Redelong representative point. BMKG ADM4 reference: 11.17.05.2002 (Bale Redelong). Initial BMKG reference for catchment point Spatial role: provisional_catchment. Area analisis provisional; menunggu konfirmasi batas DAS resmi.,27-08-2026,BMKG,BMKG,yes,1.35,1.0,1.35,20,24,200,22,,,,
gpm3,GPM3,2026-08-27,11.17.05.2002,Bale Redelong,provisional_catchment,yes,4.815409756944025,97.009911990332,Asia/Jakarta,Forecast Redelong representative point. BMKG ADM4 reference: 11.17.05.2002 (Bale Redelong). Initial BMKG reference for catchment point Spatial role: provisional_catchment. Area analisis provisional; menunggu konfirmasi batas DAS resmi.,27-08-2026,CMA,Open-Meteo / CMA GRAPES,yes,1.0,1.0,1.0,24,24,200,626,,,,
gpm3,GPM3,2026-08-27,11.17.05.2002,Bale Redelong,provisional_catchment,yes,4.815409756944025,97.009911990332,Asia/Jakarta,Forecast Redelong representative point. BMKG ADM4 reference: 11.17.05.2002 (Bale Redelong). Initial BMKG reference for catchment point Spatial role: provisional_catchment. Area analisis provisional; menunggu konfirmasi batas DAS resmi.,27-08-2026,ECMWF,Open-Meteo / ECMWF,yes,1.0,1.0,1.0,24,24,200,630,,,,
gpm3,GPM3,2026-08-27,11.17.05.2002,Bale Redelong,provisional_catchment,yes,4.815409756944025,97.009911990332,Asia/Jakarta,Forecast Redelong representative point. BMKG ADM4 reference: 11.17.05.2002 (Bale Redelong). Initial BMKG reference for catchment point Spatial role: provisional_catchment. Area analisis provisional; menunggu konfirmasi batas DAS resmi.,27-08-2026,GFS,Open-Meteo / NOAA GFS,yes,1.0,1.0,1.0,24,24,200,656,,,,
gpm3,GPM3,2026-08-27,11.17.05.2002,Bale Redelong,provisional_catchment,yes,4.815409756944025,97.009911990332,Asia/Jakarta,Forecast Redelong representative point. BMKG ADM4 reference: 11.17.05.2002 (Bale Redelong). Initial BMKG reference for catchment point Spatial role: provisional_catchment. Area analisis provisional; menunggu konfirmasi batas DAS resmi.,27-08-2026,ICON,Open-Meteo / DWD ICON,yes,1.0,1.0,1.0,24,24,200,618,,,,
gpm3,GPM3,2026-08-27,11.17.05.2002,Bale Redelong,provisional_catchment,yes,4.815409756944025,97.009911990332,Asia/Jakarta,Forecast Redelong representative point. BMKG ADM4 reference: 11.17.05.2002 (Bale Redelong). Initial BMKG reference for catchment point Spatial role: provisional_catchment. Area analisis provisional; menunggu konfirmasi batas DAS resmi.,27-08-2026,METEOFRANCE,Open-Meteo / Meteo-France,yes,1.0,1.0,1.0,24,24,200,662,,,,
gpm3,GPM3,2026-08-27,11.17.05.2002,Bale Redelong,provisional_catchment,yes,4.815409756944025,97.009911990332,Asia/Jakarta,Forecast Redelong representative point. BMKG ADM4 reference: 11.17.05.2002 (Bale Redelong). Initial BMKG reference for catchment point Spatial role: provisional_catchment. Area analisis provisional; menunggu konfirmasi batas DAS resmi.,27-08-2026,UKMO,Open-Meteo / UK Met Office,yes,1.0,1.0,1.0,24,24,200,671,,,,
gpm3,GPM3,2026-08-28,11.17.05.2002,Bale Redelong,provisional_catchment,yes,4.815409756944025,97.009911990332,Asia/Jakarta,Forecast Redelong representative point. BMKG ADM4 reference: 11.17.05.2002 (Bale Redelong). Initial BMKG reference for catchment point Spatial role: provisional_catchment. Area analisis provisional; menunggu konfirmasi batas DAS resmi.,28-08-2026,BMKG,BMKG,yes,1.35,0.9913,1.3383,24,24,200,20,,,,
gpm3,GPM3,2026-08-28,11.17.05.2002,Bale Redelong,provisional_catchment,yes,4.815409756944025,97.009911990332,Asia/Jakarta,Forecast Redelong representative point. BMKG ADM4 reference: 11.17.05.2002 (Bale Redelong). Initial BMKG reference for catchment point Spatial role: provisional_catchment. Area analisis provisional; menunggu konfirmasi batas DAS resmi.,28-08-2026,CMA,Open-Meteo / CMA GRAPES,yes,1.0,1.0,1.0,24,24,200,641,,,,
gpm3,GPM3,2026-08-28,11.17.05.2002,Bale Redelong,provisional_catchment,yes,4.815409756944025,97.009911990332,Asia/Jakarta,Forecast Redelong representative point. BMKG ADM4 reference: 11.17.05.2002 (Bale Redelong). Initial BMKG reference for catchment point Spatial role: provisional_catchment. Area analisis provisional; menunggu konfirmasi batas DAS resmi.,28-08-2026,ECMWF,Open-Meteo / ECMWF,yes,1.0,1.0,1.0,24,24,200,624,,,,
gpm3,GPM3,2026-08-28,11.17.05.2002,Bale Redelong,provisional_catchment,yes,4.815409756944025,97.009911990332,Asia/Jakarta,Forecast Redelong representative point. BMKG ADM4 reference: 11.17.05.2002 (Bale Redelong). Initial BMKG reference for catchment point Spatial role: provisional_catchment. Area analisis provisional; menunggu konfirmasi batas DAS resmi.,28-08-2026,GFS,Open-Meteo / NOAA GFS,yes,1.0,1.0,1.0,24,24,200,645,,,,
gpm3,GPM3,2026-08-28,11.17.05.2002,Bale Redelong,provisional_catchment,yes,4.815409756944025,97.009911990332,Asia/Jakarta,Forecast Redelong representative point. BMKG ADM4 reference: 11.17.05.2002 (Bale Redelong). Initial BMKG reference for catchment point Spatial role: provisional_catchment. Area analisis provisional; menunggu konfirmasi batas DAS resmi.,28-08-2026,ICON,Open-Meteo / DWD ICON,yes,1.0,1.0,1.0,24,24,200,641,,,,
gpm3,GPM3,2026-08-28,11.17.05.2002,Bale Redelong,provisional_catchment,yes,4.815409756944025,97.009911990332,Asia/Jakarta,Forecast Redelong representative point. BMKG ADM4 reference: 11.17.05.2002 (Bale Redelong). Initial BMKG reference for catchment point Spatial role: provisional_catchment. Area analisis provisional; menunggu konfirmasi batas DAS resmi.,28-08-2026,METEOFRANCE,Open-Meteo / Meteo-France,yes,1.0,1.0,1.0,24,24,200,640,,,,
gpm3,GPM3,2026-08-28,11.17.05.2002,Bale Redelong,provisional_catchment,yes,4.815409756944025,97.009911990332,Asia/Jakarta,Forecast Redelong representative point. BMKG ADM4 reference: 11.17.05.2002 (Bale Redelong). Initial BMKG reference for catchment point Spatial role: provisional_catchment. Area analisis provisional; menunggu konfirmasi batas DAS resmi.,28-08-2026,UKMO,Open-Meteo / UK Met Office,yes,1.0,1.0,1.0,24,24,200,669,,,,
gpm3,GPM3,2026-08-29,11.17.05.2002,Bale Redelong,provisional_catchment,yes,4.815409756944025,97.009911990332,Asia/Jakarta,Forecast Redelong representative point. BMKG ADM4 reference: 11.17.05.2002 (Bale Redelong). Initial BMKG reference for catchment point Spatial role: provisional_catchment. Area analisis provisional; menunggu konfirmasi batas DAS resmi.,29-08-2026,BMKG,BMKG,yes,1.35,0.9943,1.3423,24,24,200,34,,,,
gpm3,GPM3,2026-08-29,11.17.05.2002,Bale Redelong,provisional_catchment,yes,4.815409756944025,97.009911990332,Asia/Jakarta,Forecast Redelong representative point. BMKG ADM4 reference: 11.17.05.2002 (Bale Redelong). Initial BMKG reference for catchment point Spatial role: provisional_catchment. Area analisis provisional; menunggu konfirmasi batas DAS resmi.,29-08-2026,CMA,Open-Meteo / CMA GRAPES,yes,1.0,1.0,1.0,24,24,200,637,,,,
gpm3,GPM3,2026-08-29,11.17.05.2002,Bale Redelong,provisional_catchment,yes,4.815409756944025,97.009911990332,Asia/Jakarta,Forecast Redelong representative point. BMKG ADM4 reference: 11.17.05.2002 (Bale Redelong). Initial BMKG reference for catchment point Spatial role: provisional_catchment. Area analisis provisional; menunggu konfirmasi batas DAS resmi.,29-08-2026,ECMWF,Open-Meteo / ECMWF,yes,1.0,1.0,1.0,24,24,200,637,,,,
gpm3,GPM3,2026-08-29,11.17.05.2002,Bale Redelong,provisional_catchment,yes,4.815409756944025,97.009911990332,Asia/Jakarta,Forecast Redelong representative point. BMKG ADM4 reference: 11.17.05.2002 (Bale Redelong). Initial BMKG reference for catchment point Spatial role: provisional_catchment. Area analisis provisional; menunggu konfirmasi batas DAS resmi.,29-08-2026,GFS,Open-Meteo / NOAA GFS,yes,1.0,1.0,1.0,24,24,200,626,,,,
gpm3,GPM3,2026-08-29,11.17.05.2002,Bale Redelong,provisional_catchment,yes,4.815409756944025,97.009911990332,Asia/Jakarta,Forecast Redelong representative point. BMKG ADM4 reference: 11.17.05.2002 (Bale Redelong). Initial BMKG reference for catchment point Spatial role: provisional_catchment. Area analisis provisional; menunggu konfirmasi batas DAS resmi.,29-08-2026,ICON,Open-Meteo / DWD ICON,yes,1.0,1.0,1.0,24,24,200,650,,,,
gpm3,GPM3,2026-08-29,11.17.05.2002,Bale Redelong,provisional_catchment,yes,4.815409756944025,97.009911990332,Asia/Jakarta,Forecast Redelong representative point. BMKG ADM4 reference: 11.17.05.2002 (Bale Redelong). Initial BMKG reference for catchment point Spatial role: provisional_catchment. Area analisis provisional; menunggu konfirmasi batas DAS resmi.,29-08-2026,METEOFRANCE,Open-Meteo / Meteo-France,yes,1.0,1.0,1.0,24,24,200,605,,,,
gpm3,GPM3,2026-08-29,11.17.05.2002,Bale Redelong,provisional_catchment,yes,4.815409756944025,97.009911990332,Asia/Jakarta,Forecast Redelong representative point. BMKG ADM4 reference: 11.17.05.2002 (Bale Redelong). Initial BMKG reference for catchment point Spatial role: provisional_catchment. Area analisis provisional; menunggu konfirmasi batas DAS resmi.,29-08-2026,UKMO,Open-Meteo / UK Met Office,yes,1.0,1.0,1.0,24,24,200,628,,,,
gpm3,GPM3,2026-08-30,11.17.05.2002,Bale Redelong,provisional_catchment,yes,4.815409756944025,97.009911990332,Asia/Jakarta,Forecast Redelong representative point. BMKG ADM4 reference: 11.17.05.2002 (Bale Redelong). Initial BMKG reference for catchment point Spatial role: provisional_catchment. Area analisis provisional; menunggu konfirmasi batas DAS resmi.,30-08-2026,BMKG,BMKG,no,1.35,0.9963,1.345,0,24,,46,,,,BMKG tidak mengembalikan kandidat untuk target date
gpm3,GPM3,2026-08-30,11.17.05.2002,Bale Redelong,provisional_catchment,yes,4.815409756944025,97.009911990332,Asia/Jakarta,Forecast Redelong representative point. BMKG ADM4 reference: 11.17.05.2002 (Bale Redelong). Initial BMKG reference for catchment point Spatial role: provisional_catchment. Area analisis provisional; menunggu konfirmasi batas DAS resmi.,30-08-2026,CMA,Open-Meteo / CMA GRAPES,yes,1.0,1.0,1.0,24,24,200,637,,,,
gpm3,GPM3,2026-08-30,11.17.05.2002,Bale Redelong,provisional_catchment,yes,4.815409756944025,97.009911990332,Asia/Jakarta,Forecast Redelong representative point. BMKG ADM4 reference: 11.17.05.2002 (Bale Redelong). Initial BMKG reference for catchment point Spatial role: provisional_catchment. Area analisis provisional; menunggu konfirmasi batas DAS resmi.,30-08-2026,ECMWF,Open-Meteo / ECMWF,yes,1.0,1.0,1.0,24,24,200,738,,,,
gpm3,GPM3,2026-08-30,11.17.05.2002,Bale Redelong,provisional_catchment,yes,4.815409756944025,97.009911990332,Asia/Jakarta,Forecast Redelong representative point. BMKG ADM4 reference: 11.17.05.2002 (Bale Redelong). Initial BMKG reference for catchment point Spatial role: provisional_catchment. Area analisis provisional; menunggu konfirmasi batas DAS resmi.,30-08-2026,GFS,Open-Meteo / NOAA GFS,yes,1.0,1.0,1.0,24,24,200,626,,,,
gpm3,GPM3,2026-08-30,11.17.05.2002,Bale Redelong,provisional_catchment,yes,4.815409756944025,97.009911990332,Asia/Jakarta,Forecast Redelong representative point. BMKG ADM4 reference: 11.17.05.2002 (Bale Redelong). Initial BMKG reference for catchment point Spatial role: provisional_catchment. Area analisis provisional; menunggu konfirmasi batas DAS resmi.,30-08-2026,ICON,Open-Meteo / DWD ICON,no,1.0,1.0,1.0,0,24,,23609,,,,<urlopen error _ssl.c:999: The handshake operation timed out>
gpm3,GPM3,2026-08-30,11.17.05.2002,Bale Redelong,provisional_catchment,yes,4.815409756944025,97.009911990332,Asia/Jakarta,Forecast Redelong representative point. BMKG ADM4 reference: 11.17.05.2002 (Bale Redelong). Initial BMKG reference for catchment point Spatial role: provisional_catchment. Area analisis provisional; menunggu konfirmasi batas DAS resmi.,30-08-2026,METEOFRANCE,Open-Meteo / Meteo-France,yes,1.0,1.0,1.0,24,24,200,615,,,,
gpm3,GPM3,2026-08-30,11.17.05.2002,Bale Redelong,provisional_catchment,yes,4.815409756944025,97.009911990332,Asia/Jakarta,Forecast Redelong representative point. BMKG ADM4 reference: 11.17.05.2002 (Bale Redelong). Initial BMKG reference for catchment point Spatial role: provisional_catchment. Area analisis provisional; menunggu konfirmasi batas DAS resmi.,30-08-2026,UKMO,Open-Meteo / UK Met Office,yes,1.0,1.0,1.0,24,24,200,627,,,,
gpm4,GPM4,2026-08-27,11.17.05.2002,Bale Redelong,provisional_catchment,yes,4.778238355009202,96.8876539578458,Asia/Jakarta,Forecast Redelong representative point. BMKG ADM4 reference: 11.17.05.2002 (Bale Redelong). Initial BMKG reference for catchment point Spatial role: provisional_catchment. Area analisis provisional; menunggu konfirmasi batas DAS resmi.,27-08-2026,BMKG,BMKG,yes,1.35,1.0,1.35,20,24,200,25,,,,
gpm4,GPM4,2026-08-27,11.17.05.2002,Bale Redelong,provisional_catchment,yes,4.778238355009202,96.8876539578458,Asia/Jakarta,Forecast Redelong representative point. BMKG ADM4 reference: 11.17.05.2002 (Bale Redelong). Initial BMKG reference for catchment point Spatial role: provisional_catchment. Area analisis provisional; menunggu konfirmasi batas DAS resmi.,27-08-2026,CMA,Open-Meteo / CMA GRAPES,yes,1.0,1.0,1.0,24,24,200,620,,,,
gpm4,GPM4,2026-08-27,11.17.05.2002,Bale Redelong,provisional_catchment,yes,4.778238355009202,96.8876539578458,Asia/Jakarta,Forecast Redelong representative point. BMKG ADM4 reference: 11.17.05.2002 (Bale Redelong). Initial BMKG reference for catchment point Spatial role: provisional_catchment. Area analisis provisional; menunggu konfirmasi batas DAS resmi.,27-08-2026,ECMWF,Open-Meteo / ECMWF,yes,1.0,1.0,1.0,24,24,200,627,,,,
gpm4,GPM4,2026-08-27,11.17.05.2002,Bale Redelong,provisional_catchment,yes,4.778238355009202,96.8876539578458,Asia/Jakarta,Forecast Redelong representative point. BMKG ADM4 reference: 11.17.05.2002 (Bale Redelong). Initial BMKG reference for catchment point Spatial role: provisional_catchment. Area analisis provisional; menunggu konfirmasi batas DAS resmi.,27-08-2026,GFS,Open-Meteo / NOAA GFS,yes,1.0,1.0,1.0,24,24,200,646,,,,
gpm4,GPM4,2026-08-27,11.17.05.2002,Bale Redelong,provisional_catchment,yes,4.778238355009202,96.8876539578458,Asia/Jakarta,Forecast Redelong representative point. BMKG ADM4 reference: 11.17.05.2002 (Bale Redelong). Initial BMKG reference for catchment point Spatial role: provisional_catchment. Area analisis provisional; menunggu konfirmasi batas DAS resmi.,27-08-2026,ICON,Open-Meteo / DWD ICON,yes,1.0,1.0,1.0,24,24,200,630,,,,
gpm4,GPM4,2026-08-27,11.17.05.2002,Bale Redelong,provisional_catchment,yes,4.778238355009202,96.8876539578458,Asia/Jakarta,Forecast Redelong representative point. BMKG ADM4 reference: 11.17.05.2002 (Bale Redelong). Initial BMKG reference for catchment point Spatial role: provisional_catchment. Area analisis provisional; menunggu konfirmasi batas DAS resmi.,27-08-2026,METEOFRANCE,Open-Meteo / Meteo-France,yes,1.0,1.0,1.0,24,24,200,636,,,,
gpm4,GPM4,2026-08-27,11.17.05.2002,Bale Redelong,provisional_catchment,yes,4.778238355009202,96.8876539578458,Asia/Jakarta,Forecast Redelong representative point. BMKG ADM4 reference: 11.17.05.2002 (Bale Redelong). Initial BMKG reference for catchment point Spatial role: provisional_catchment. Area analisis provisional; menunggu konfirmasi batas DAS resmi.,27-08-2026,UKMO,Open-Meteo / UK Met Office,yes,1.0,1.0,1.0,24,24,200,644,,,,
gpm4,GPM4,2026-08-28,11.17.05.2002,Bale Redelong,provisional_catchment,yes,4.778238355009202,96.8876539578458,Asia/Jakarta,Forecast Redelong representative point. BMKG ADM4 reference: 11.17.05.2002 (Bale Redelong). Initial BMKG reference for catchment point Spatial role: provisional_catchment. Area analisis provisional; menunggu konfirmasi batas DAS resmi.,28-08-2026,BMKG,BMKG,yes,1.35,0.9913,1.3383,24,24,200,20,,,,
gpm4,GPM4,2026-08-28,11.17.05.2002,Bale Redelong,provisional_catchment,yes,4.778238355009202,96.8876539578458,Asia/Jakarta,Forecast Redelong representative point. BMKG ADM4 reference: 11.17.05.2002 (Bale Redelong). Initial BMKG reference for catchment point Spatial role: provisional_catchment. Area analisis provisional; menunggu konfirmasi batas DAS resmi.,28-08-2026,CMA,Open-Meteo / CMA GRAPES,yes,1.0,1.0,1.0,24,24,200,629,,,,
gpm4,GPM4,2026-08-28,11.17.05.2002,Bale Redelong,provisional_catchment,yes,4.778238355009202,96.8876539578458,Asia/Jakarta,Forecast Redelong representative point. BMKG ADM4 reference: 11.17.05.2002 (Bale Redelong). Initial BMKG reference for catchment point Spatial role: provisional_catchment. Area analisis provisional; menunggu konfirmasi batas DAS resmi.,28-08-2026,ECMWF,Open-Meteo / ECMWF,yes,1.0,1.0,1.0,24,24,200,616,,,,
gpm4,GPM4,2026-08-28,11.17.05.2002,Bale Redelong,provisional_catchment,yes,4.778238355009202,96.8876539578458,Asia/Jakarta,Forecast Redelong representative point. BMKG ADM4 reference: 11.17.05.2002 (Bale Redelong). Initial BMKG reference for catchment point Spatial role: provisional_catchment. Area analisis provisional; menunggu konfirmasi batas DAS resmi.,28-08-2026,GFS,Open-Meteo / NOAA GFS,yes,1.0,1.0,1.0,24,24,200,630,,,,
gpm4,GPM4,2026-08-28,11.17.05.2002,Bale Redelong,provisional_catchment,yes,4.778238355009202,96.8876539578458,Asia/Jakarta,Forecast Redelong representative point. BMKG ADM4 reference: 11.17.05.2002 (Bale Redelong). Initial BMKG reference for catchment point Spatial role: provisional_catchment. Area analisis provisional; menunggu konfirmasi batas DAS resmi.,28-08-2026,ICON,Open-Meteo / DWD ICON,yes,1.0,1.0,1.0,24,24,200,627,,,,
gpm4,GPM4,2026-08-28,11.17.05.2002,Bale Redelong,provisional_catchment,yes,4.778238355009202,96.8876539578458,Asia/Jakarta,Forecast Redelong representative point. BMKG ADM4 reference: 11.17.05.2002 (Bale Redelong). Initial BMKG reference for catchment point Spatial role: provisional_catchment. Area analisis provisional; menunggu konfirmasi batas DAS resmi.,28-08-2026,METEOFRANCE,Open-Meteo / Meteo-France,yes,1.0,1.0,1.0,24,24,200,625,,,,
gpm4,GPM4,2026-08-28,11.17.05.2002,Bale Redelong,provisional_catchment,yes,4.778238355009202,96.8876539578458,Asia/Jakarta,Forecast Redelong representative point. BMKG ADM4 reference: 11.17.05.2002 (Bale Redelong). Initial BMKG reference for catchment point Spatial role: provisional_catchment. Area analisis provisional; menunggu konfirmasi batas DAS resmi.,28-08-2026,UKMO,Open-Meteo / UK Met Office,yes,1.0,1.0,1.0,24,24,200,630,,,,
gpm4,GPM4,2026-08-29,11.17.05.2002,Bale Redelong,provisional_catchment,yes,4.778238355009202,96.8876539578458,Asia/Jakarta,Forecast Redelong representative point. BMKG ADM4 reference: 11.17.05.2002 (Bale Redelong). Initial BMKG reference for catchment point Spatial role: provisional_catchment. Area analisis provisional; menunggu konfirmasi batas DAS resmi.,29-08-2026,BMKG,BMKG,yes,1.35,0.9943,1.3423,24,24,200,26,,,,
gpm4,GPM4,2026-08-29,11.17.05.2002,Bale Redelong,provisional_catchment,yes,4.778238355009202,96.8876539578458,Asia/Jakarta,Forecast Redelong representative point. BMKG ADM4 reference: 11.17.05.2002 (Bale Redelong). Initial BMKG reference for catchment point Spatial role: provisional_catchment. Area analisis provisional; menunggu konfirmasi batas DAS resmi.,29-08-2026,CMA,Open-Meteo / CMA GRAPES,yes,1.0,1.0,1.0,24,24,200,644,,,,
gpm4,GPM4,2026-08-29,11.17.05.2002,Bale Redelong,provisional_catchment,yes,4.778238355009202,96.8876539578458,Asia/Jakarta,Forecast Redelong representative point. BMKG ADM4 reference: 11.17.05.2002 (Bale Redelong). Initial BMKG reference for catchment point Spatial role: provisional_catchment. Area analisis provisional; menunggu konfirmasi batas DAS resmi.,29-08-2026,ECMWF,Open-Meteo / ECMWF,yes,1.0,1.0,1.0,24,24,200,620,,,,
gpm4,GPM4,2026-08-29,11.17.05.2002,Bale Redelong,provisional_catchment,yes,4.778238355009202,96.8876539578458,Asia/Jakarta,Forecast Redelong representative point. BMKG ADM4 reference: 11.17.05.2002 (Bale Redelong). Initial BMKG reference for catchment point Spatial role: provisional_catchment. Area analisis provisional; menunggu konfirmasi batas DAS resmi.,29-08-2026,GFS,Open-Meteo / NOAA GFS,yes,1.0,1.0,1.0,24,24,200,634,,,,
gpm4,GPM4,2026-08-29,11.17.05.2002,Bale Redelong,provisional_catchment,yes,4.778238355009202,96.8876539578458,Asia/Jakarta,Forecast Redelong representative point. BMKG ADM4 reference: 11.17.05.2002 (Bale Redelong). Initial BMKG reference for catchment point Spatial role: provisional_catchment. Area analisis provisional; menunggu konfirmasi batas DAS resmi.,29-08-2026,ICON,Open-Meteo / DWD ICON,yes,1.0,1.0,1.0,24,24,200,626,,,,
gpm4,GPM4,2026-08-29,11.17.05.2002,Bale Redelong,provisional_catchment,yes,4.778238355009202,96.8876539578458,Asia/Jakarta,Forecast Redelong representative point. BMKG ADM4 reference: 11.17.05.2002 (Bale Redelong). Initial BMKG reference for catchment point Spatial role: provisional_catchment. Area analisis provisional; menunggu konfirmasi batas DAS resmi.,29-08-2026,METEOFRANCE,Open-Meteo / Meteo-France,yes,1.0,1.0,1.0,24,24,200,647,,,,
gpm4,GPM4,2026-08-29,11.17.05.2002,Bale Redelong,provisional_catchment,yes,4.778238355009202,96.8876539578458,Asia/Jakarta,Forecast Redelong representative point. BMKG ADM4 reference: 11.17.05.2002 (Bale Redelong). Initial BMKG reference for catchment point Spatial role: provisional_catchment. Area analisis provisional; menunggu konfirmasi batas DAS resmi.,29-08-2026,UKMO,Open-Meteo / UK Met Office,yes,1.0,1.0,1.0,24,24,200,647,,,,
gpm4,GPM4,2026-08-30,11.17.05.2002,Bale Redelong,provisional_catchment,yes,4.778238355009202,96.8876539578458,Asia/Jakarta,Forecast Redelong representative point. BMKG ADM4 reference: 11.17.05.2002 (Bale Redelong). Initial BMKG reference for catchment point Spatial role: provisional_catchment. Area analisis provisional; menunggu konfirmasi batas DAS resmi.,30-08-2026,BMKG,BMKG,no,1.35,0.9963,1.345,0,24,,63,,,,BMKG tidak mengembalikan kandidat untuk target date
gpm4,GPM4,2026-08-30,11.17.05.2002,Bale Redelong,provisional_catchment,yes,4.778238355009202,96.8876539578458,Asia/Jakarta,Forecast Redelong representative point. BMKG ADM4 reference: 11.17.05.2002 (Bale Redelong). Initial BMKG reference for catchment point Spatial role: provisional_catchment. Area analisis provisional; menunggu konfirmasi batas DAS resmi.,30-08-2026,CMA,Open-Meteo / CMA GRAPES,yes,1.0,1.0,1.0,24,24,200,646,,,,
gpm4,GPM4,2026-08-30,11.17.05.2002,Bale Redelong,provisional_catchment,yes,4.778238355009202,96.8876539578458,Asia/Jakarta,Forecast Redelong representative point. BMKG ADM4 reference: 11.17.05.2002 (Bale Redelong). Initial BMKG reference for catchment point Spatial role: provisional_catchment. Area analisis provisional; menunggu konfirmasi batas DAS resmi.,30-08-2026,ECMWF,Open-Meteo / ECMWF,yes,1.0,1.0,1.0,24,24,200,661,,,,
gpm4,GPM4,2026-08-30,11.17.05.2002,Bale Redelong,provisional_catchment,yes,4.778238355009202,96.8876539578458,Asia/Jakarta,Forecast Redelong representative point. BMKG ADM4 reference: 11.17.05.2002 (Bale Redelong). Initial BMKG reference for catchment point Spatial role: provisional_catchment. Area analisis provisional; menunggu konfirmasi batas DAS resmi.,30-08-2026,GFS,Open-Meteo / NOAA GFS,yes,1.0,1.0,1.0,24,24,200,643,,,,
gpm4,GPM4,2026-08-30,11.17.05.2002,Bale Redelong,provisional_catchment,yes,4.778238355009202,96.8876539578458,Asia/Jakarta,Forecast Redelong representative point. BMKG ADM4 reference: 11.17.05.2002 (Bale Redelong). Initial BMKG reference for catchment point Spatial role: provisional_catchment. Area analisis provisional; menunggu konfirmasi batas DAS resmi.,30-08-2026,ICON,Open-Meteo / DWD ICON,yes,1.0,1.0,1.0,24,24,200,642,,,,
gpm4,GPM4,2026-08-30,11.17.05.2002,Bale Redelong,provisional_catchment,yes,4.778238355009202,96.8876539578458,Asia/Jakarta,Forecast Redelong representative point. BMKG ADM4 reference: 11.17.05.2002 (Bale Redelong). Initial BMKG reference for catchment point Spatial role: provisional_catchment. Area analisis provisional; menunggu konfirmasi batas DAS resmi.,30-08-2026,METEOFRANCE,Open-Meteo / Meteo-France,yes,1.0,1.0,1.0,24,24,200,648,,,,
gpm4,GPM4,2026-08-30,11.17.05.2002,Bale Redelong,provisional_catchment,yes,4.778238355009202,96.8876539578458,Asia/Jakarta,Forecast Redelong representative point. BMKG ADM4 reference: 11.17.05.2002 (Bale Redelong). Initial BMKG reference for catchment point Spatial role: provisional_catchment. Area analisis provisional; menunggu konfirmasi batas DAS resmi.,30-08-2026,UKMO,Open-Meteo / UK Met Office,yes,1.0,1.0,1.0,24,24,200,636,,,,
gpm5,GPM5,2026-08-27,11.17.05.2002,Bale Redelong,provisional_catchment,yes,4.767312077178135,96.94566692384144,Asia/Jakarta,Forecast Redelong representative point. BMKG ADM4 reference: 11.17.05.2002 (Bale Redelong). Initial BMKG reference for catchment point Spatial role: provisional_catchment. Area analisis provisional; menunggu konfirmasi batas DAS resmi.,27-08-2026,BMKG,BMKG,yes,1.35,1.0,1.35,20,24,200,30,,,,
gpm5,GPM5,2026-08-27,11.17.05.2002,Bale Redelong,provisional_catchment,yes,4.767312077178135,96.94566692384144,Asia/Jakarta,Forecast Redelong representative point. BMKG ADM4 reference: 11.17.05.2002 (Bale Redelong). Initial BMKG reference for catchment point Spatial role: provisional_catchment. Area analisis provisional; menunggu konfirmasi batas DAS resmi.,27-08-2026,CMA,Open-Meteo / CMA GRAPES,yes,1.0,1.0,1.0,24,24,200,674,,,,
gpm5,GPM5,2026-08-27,11.17.05.2002,Bale Redelong,provisional_catchment,yes,4.767312077178135,96.94566692384144,Asia/Jakarta,Forecast Redelong representative point. BMKG ADM4 reference: 11.17.05.2002 (Bale Redelong). Initial BMKG reference for catchment point Spatial role: provisional_catchment. Area analisis provisional; menunggu konfirmasi batas DAS resmi.,27-08-2026,ECMWF,Open-Meteo / ECMWF,yes,1.0,1.0,1.0,24,24,200,673,,,,
gpm5,GPM5,2026-08-27,11.17.05.2002,Bale Redelong,provisional_catchment,yes,4.767312077178135,96.94566692384144,Asia/Jakarta,Forecast Redelong representative point. BMKG ADM4 reference: 11.17.05.2002 (Bale Redelong). Initial BMKG reference for catchment point Spatial role: provisional_catchment. Area analisis provisional; menunggu konfirmasi batas DAS resmi.,27-08-2026,GFS,Open-Meteo / NOAA GFS,yes,1.0,1.0,1.0,24,24,200,623,,,,
gpm5,GPM5,2026-08-27,11.17.05.2002,Bale Redelong,provisional_catchment,yes,4.767312077178135,96.94566692384144,Asia/Jakarta,Forecast Redelong representative point. BMKG ADM4 reference: 11.17.05.2002 (Bale Redelong). Initial BMKG reference for catchment point Spatial role: provisional_catchment. Area analisis provisional; menunggu konfirmasi batas DAS resmi.,27-08-2026,ICON,Open-Meteo / DWD ICON,yes,1.0,1.0,1.0,24,24,200,743,,,,
gpm5,GPM5,2026-08-27,11.17.05.2002,Bale Redelong,provisional_catchment,yes,4.767312077178135,96.94566692384144,Asia/Jakarta,Forecast Redelong representative point. BMKG ADM4 reference: 11.17.05.2002 (Bale Redelong). Initial BMKG reference for catchment point Spatial role: provisional_catchment. Area analisis provisional; menunggu konfirmasi batas DAS resmi.,27-08-2026,METEOFRANCE,Open-Meteo / Meteo-France,yes,1.0,1.0,1.0,24,24,200,643,,,,
gpm5,GPM5,2026-08-27,11.17.05.2002,Bale Redelong,provisional_catchment,yes,4.767312077178135,96.94566692384144,Asia/Jakarta,Forecast Redelong representative point. BMKG ADM4 reference: 11.17.05.2002 (Bale Redelong). Initial BMKG reference for catchment point Spatial role: provisional_catchment. Area analisis provisional; menunggu konfirmasi batas DAS resmi.,27-08-2026,UKMO,Open-Meteo / UK Met Office,yes,1.0,1.0,1.0,24,24,200,651,,,,
gpm5,GPM5,2026-08-28,11.17.05.2002,Bale Redelong,provisional_catchment,yes,4.767312077178135,96.94566692384144,Asia/Jakarta,Forecast Redelong representative point. BMKG ADM4 reference: 11.17.05.2002 (Bale Redelong). Initial BMKG reference for catchment point Spatial role: provisional_catchment. Area analisis provisional; menunggu konfirmasi batas DAS resmi.,28-08-2026,BMKG,BMKG,yes,1.35,0.9913,1.3383,24,24,200,24,,,,
gpm5,GPM5,2026-08-28,11.17.05.2002,Bale Redelong,provisional_catchment,yes,4.767312077178135,96.94566692384144,Asia/Jakarta,Forecast Redelong representative point. BMKG ADM4 reference: 11.17.05.2002 (Bale Redelong). Initial BMKG reference for catchment point Spatial role: provisional_catchment. Area analisis provisional; menunggu konfirmasi batas DAS resmi.,28-08-2026,CMA,Open-Meteo / CMA GRAPES,yes,1.0,1.0,1.0,24,24,200,648,,,,
gpm5,GPM5,2026-08-28,11.17.05.2002,Bale Redelong,provisional_catchment,yes,4.767312077178135,96.94566692384144,Asia/Jakarta,Forecast Redelong representative point. BMKG ADM4 reference: 11.17.05.2002 (Bale Redelong). Initial BMKG reference for catchment point Spatial role: provisional_catchment. Area analisis provisional; menunggu konfirmasi batas DAS resmi.,28-08-2026,ECMWF,Open-Meteo / ECMWF,yes,1.0,1.0,1.0,24,24,200,643,,,,
gpm5,GPM5,2026-08-28,11.17.05.2002,Bale Redelong,provisional_catchment,yes,4.767312077178135,96.94566692384144,Asia/Jakarta,Forecast Redelong representative point. BMKG ADM4 reference: 11.17.05.2002 (Bale Redelong). Initial BMKG reference for catchment point Spatial role: provisional_catchment. Area analisis provisional; menunggu konfirmasi batas DAS resmi.,28-08-2026,GFS,Open-Meteo / NOAA GFS,yes,1.0,1.0,1.0,24,24,200,672,,,,
gpm5,GPM5,2026-08-28,11.17.05.2002,Bale Redelong,provisional_catchment,yes,4.767312077178135,96.94566692384144,Asia/Jakarta,Forecast Redelong representative point. BMKG ADM4 reference: 11.17.05.2002 (Bale Redelong). Initial BMKG reference for catchment point Spatial role: provisional_catchment. Area analisis provisional; menunggu konfirmasi batas DAS resmi.,28-08-2026,ICON,Open-Meteo / DWD ICON,yes,1.0,1.0,1.0,24,24,200,661,,,,
gpm5,GPM5,2026-08-28,11.17.05.2002,Bale Redelong,provisional_catchment,yes,4.767312077178135,96.94566692384144,Asia/Jakarta,Forecast Redelong representative point. BMKG ADM4 reference: 11.17.05.2002 (Bale Redelong). Initial BMKG reference for catchment point Spatial role: provisional_catchment. Area analisis provisional; menunggu konfirmasi batas DAS resmi.,28-08-2026,METEOFRANCE,Open-Meteo / Meteo-France,yes,1.0,1.0,1.0,24,24,200,714,,,,
gpm5,GPM5,2026-08-28,11.17.05.2002,Bale Redelong,provisional_catchment,yes,4.767312077178135,96.94566692384144,Asia/Jakarta,Forecast Redelong representative point. BMKG ADM4 reference: 11.17.05.2002 (Bale Redelong). Initial BMKG reference for catchment point Spatial role: provisional_catchment. Area analisis provisional; menunggu konfirmasi batas DAS resmi.,28-08-2026,UKMO,Open-Meteo / UK Met Office,yes,1.0,1.0,1.0,24,24,200,646,,,,
gpm5,GPM5,2026-08-29,11.17.05.2002,Bale Redelong,provisional_catchment,yes,4.767312077178135,96.94566692384144,Asia/Jakarta,Forecast Redelong representative point. BMKG ADM4 reference: 11.17.05.2002 (Bale Redelong). Initial BMKG reference for catchment point Spatial role: provisional_catchment. Area analisis provisional; menunggu konfirmasi batas DAS resmi.,29-08-2026,BMKG,BMKG,yes,1.35,0.9943,1.3423,24,24,200,25,,,,
gpm5,GPM5,2026-08-29,11.17.05.2002,Bale Redelong,provisional_catchment,yes,4.767312077178135,96.94566692384144,Asia/Jakarta,Forecast Redelong representative point. BMKG ADM4 reference: 11.17.05.2002 (Bale Redelong). Initial BMKG reference for catchment point Spatial role: provisional_catchment. Area analisis provisional; menunggu konfirmasi batas DAS resmi.,29-08-2026,CMA,Open-Meteo / CMA GRAPES,yes,1.0,1.0,1.0,24,24,200,643,,,,
gpm5,GPM5,2026-08-29,11.17.05.2002,Bale Redelong,provisional_catchment,yes,4.767312077178135,96.94566692384144,Asia/Jakarta,Forecast Redelong representative point. BMKG ADM4 reference: 11.17.05.2002 (Bale Redelong). Initial BMKG reference for catchment point Spatial role: provisional_catchment. Area analisis provisional; menunggu konfirmasi batas DAS resmi.,29-08-2026,ECMWF,Open-Meteo / ECMWF,yes,1.0,1.0,1.0,24,24,200,668,,,,
gpm5,GPM5,2026-08-29,11.17.05.2002,Bale Redelong,provisional_catchment,yes,4.767312077178135,96.94566692384144,Asia/Jakarta,Forecast Redelong representative point. BMKG ADM4 reference: 11.17.05.2002 (Bale Redelong). Initial BMKG reference for catchment point Spatial role: provisional_catchment. Area analisis provisional; menunggu konfirmasi batas DAS resmi.,29-08-2026,GFS,Open-Meteo / NOAA GFS,yes,1.0,1.0,1.0,24,24,200,668,,,,
gpm5,GPM5,2026-08-29,11.17.05.2002,Bale Redelong,provisional_catchment,yes,4.767312077178135,96.94566692384144,Asia/Jakarta,Forecast Redelong representative point. BMKG ADM4 reference: 11.17.05.2002 (Bale Redelong). Initial BMKG reference for catchment point Spatial role: provisional_catchment. Area analisis provisional; menunggu konfirmasi batas DAS resmi.,29-08-2026,ICON,Open-Meteo / DWD ICON,yes,1.0,1.0,1.0,24,24,200,667,,,,
gpm5,GPM5,2026-08-29,11.17.05.2002,Bale Redelong,provisional_catchment,yes,4.767312077178135,96.94566692384144,Asia/Jakarta,Forecast Redelong representative point. BMKG ADM4 reference: 11.17.05.2002 (Bale Redelong). Initial BMKG reference for catchment point Spatial role: provisional_catchment. Area analisis provisional; menunggu konfirmasi batas DAS resmi.,29-08-2026,METEOFRANCE,Open-Meteo / Meteo-France,yes,1.0,1.0,1.0,24,24,200,658,,,,
gpm5,GPM5,2026-08-29,11.17.05.2002,Bale Redelong,provisional_catchment,yes,4.767312077178135,96.94566692384144,Asia/Jakarta,Forecast Redelong representative point. BMKG ADM4 reference: 11.17.05.2002 (Bale Redelong). Initial BMKG reference for catchment point Spatial role: provisional_catchment. Area analisis provisional; menunggu konfirmasi batas DAS resmi.,29-08-2026,UKMO,Open-Meteo / UK Met Office,yes,1.0,1.0,1.0,24,24,200,659,,,,
gpm5,GPM5,2026-08-30,11.17.05.2002,Bale Redelong,provisional_catchment,yes,4.767312077178135,96.94566692384144,Asia/Jakarta,Forecast Redelong representative point. BMKG ADM4 reference: 11.17.05.2002 (Bale Redelong). Initial BMKG reference for catchment point Spatial role: provisional_catchment. Area analisis provisional; menunggu konfirmasi batas DAS resmi.,30-08-2026,BMKG,BMKG,no,1.35,0.9963,1.345,0,24,,50,,,,BMKG tidak mengembalikan kandidat untuk target date
gpm5,GPM5,2026-08-30,11.17.05.2002,Bale Redelong,provisional_catchment,yes,4.767312077178135,96.94566692384144,Asia/Jakarta,Forecast Redelong representative point. BMKG ADM4 reference: 11.17.05.2002 (Bale Redelong). Initial BMKG reference for catchment point Spatial role: provisional_catchment. Area analisis provisional; menunggu konfirmasi batas DAS resmi.,30-08-2026,CMA,Open-Meteo / CMA GRAPES,yes,1.0,1.0,1.0,24,24,200,626,,,,
gpm5,GPM5,2026-08-30,11.17.05.2002,Bale Redelong,provisional_catchment,yes,4.767312077178135,96.94566692384144,Asia/Jakarta,Forecast Redelong representative point. BMKG ADM4 reference: 11.17.05.2002 (Bale Redelong). Initial BMKG reference for catchment point Spatial role: provisional_catchment. Area analisis provisional; menunggu konfirmasi batas DAS resmi.,30-08-2026,ECMWF,Open-Meteo / ECMWF,yes,1.0,1.0,1.0,24,24,200,646,,,,
gpm5,GPM5,2026-08-30,11.17.05.2002,Bale Redelong,provisional_catchment,yes,4.767312077178135,96.94566692384144,Asia/Jakarta,Forecast Redelong representative point. BMKG ADM4 reference: 11.17.05.2002 (Bale Redelong). Initial BMKG reference for catchment point Spatial role: provisional_catchment. Area analisis provisional; menunggu konfirmasi batas DAS resmi.,30-08-2026,GFS,Open-Meteo / NOAA GFS,yes,1.0,1.0,1.0,24,24,200,662,,,,
gpm5,GPM5,2026-08-30,11.17.05.2002,Bale Redelong,provisional_catchment,yes,4.767312077178135,96.94566692384144,Asia/Jakarta,Forecast Redelong representative point. BMKG ADM4 reference: 11.17.05.2002 (Bale Redelong). Initial BMKG reference for catchment point Spatial role: provisional_catchment. Area analisis provisional; menunggu konfirmasi batas DAS resmi.,30-08-2026,ICON,Open-Meteo / DWD ICON,yes,1.0,1.0,1.0,24,24,200,653,,,,
gpm5,GPM5,2026-08-30,11.17.05.2002,Bale Redelong,provisional_catchment,yes,4.767312077178135,96.94566692384144,Asia/Jakarta,Forecast Redelong representative point. BMKG ADM4 reference: 11.17.05.2002 (Bale Redelong). Initial BMKG reference for catchment point Spatial role: provisional_catchment. Area analisis provisional; menunggu konfirmasi batas DAS resmi.,30-08-2026,METEOFRANCE,Open-Meteo / Meteo-France,yes,1.0,1.0,1.0,24,24,200,645,,,,
gpm5,GPM5,2026-08-30,11.17.05.2002,Bale Redelong,provisional_catchment,yes,4.767312077178135,96.94566692384144,Asia/Jakarta,Forecast Redelong representative point. BMKG ADM4 reference: 11.17.05.2002 (Bale Redelong). Initial BMKG reference for catchment point Spatial role: provisional_catchment. Area analisis provisional; menunggu konfirmasi batas DAS resmi.,30-08-2026,UKMO,Open-Meteo / UK Met Office,yes,1.0,1.0,1.0,24,24,200,662,,,,
gpm6,GPM6,2026-08-27,11.17.05.2002,Bale Redelong,provisional_catchment,yes,4.796061970712406,97.0098682419131,Asia/Jakarta,Forecast Redelong representative point. BMKG ADM4 reference: 11.17.05.2002 (Bale Redelong). Initial BMKG reference for catchment point Spatial role: provisional_catchment. Area analisis provisional; menunggu konfirmasi batas DAS resmi.,27-08-2026,BMKG,BMKG,yes,1.35,1.0,1.35,20,24,200,40,,,,
gpm6,GPM6,2026-08-27,11.17.05.2002,Bale Redelong,provisional_catchment,yes,4.796061970712406,97.0098682419131,Asia/Jakarta,Forecast Redelong representative point. BMKG ADM4 reference: 11.17.05.2002 (Bale Redelong). Initial BMKG reference for catchment point Spatial role: provisional_catchment. Area analisis provisional; menunggu konfirmasi batas DAS resmi.,27-08-2026,CMA,Open-Meteo / CMA GRAPES,yes,1.0,1.0,1.0,24,24,200,5658,,,,
gpm6,GPM6,2026-08-27,11.17.05.2002,Bale Redelong,provisional_catchment,yes,4.796061970712406,97.0098682419131,Asia/Jakarta,Forecast Redelong representative point. BMKG ADM4 reference: 11.17.05.2002 (Bale Redelong). Initial BMKG reference for catchment point Spatial role: provisional_catchment. Area analisis provisional; menunggu konfirmasi batas DAS resmi.,27-08-2026,ECMWF,Open-Meteo / ECMWF,yes,1.0,1.0,1.0,24,24,200,1025,,,,
gpm6,GPM6,2026-08-27,11.17.05.2002,Bale Redelong,provisional_catchment,yes,4.796061970712406,97.0098682419131,Asia/Jakarta,Forecast Redelong representative point. BMKG ADM4 reference: 11.17.05.2002 (Bale Redelong). Initial BMKG reference for catchment point Spatial role: provisional_catchment. Area analisis provisional; menunggu konfirmasi batas DAS resmi.,27-08-2026,GFS,Open-Meteo / NOAA GFS,yes,1.0,1.0,1.0,24,24,200,649,,,,
gpm6,GPM6,2026-08-27,11.17.05.2002,Bale Redelong,provisional_catchment,yes,4.796061970712406,97.0098682419131,Asia/Jakarta,Forecast Redelong representative point. BMKG ADM4 reference: 11.17.05.2002 (Bale Redelong). Initial BMKG reference for catchment point Spatial role: provisional_catchment. Area analisis provisional; menunggu konfirmasi batas DAS resmi.,27-08-2026,ICON,Open-Meteo / DWD ICON,yes,1.0,1.0,1.0,24,24,200,647,,,,
gpm6,GPM6,2026-08-27,11.17.05.2002,Bale Redelong,provisional_catchment,yes,4.796061970712406,97.0098682419131,Asia/Jakarta,Forecast Redelong representative point. BMKG ADM4 reference: 11.17.05.2002 (Bale Redelong). Initial BMKG reference for catchment point Spatial role: provisional_catchment. Area analisis provisional; menunggu konfirmasi batas DAS resmi.,27-08-2026,METEOFRANCE,Open-Meteo / Meteo-France,yes,1.0,1.0,1.0,24,24,200,650,,,,
gpm6,GPM6,2026-08-27,11.17.05.2002,Bale Redelong,provisional_catchment,yes,4.796061970712406,97.0098682419131,Asia/Jakarta,Forecast Redelong representative point. BMKG ADM4 reference: 11.17.05.2002 (Bale Redelong). Initial BMKG reference for catchment point Spatial role: provisional_catchment. Area analisis provisional; menunggu konfirmasi batas DAS resmi.,27-08-2026,UKMO,Open-Meteo / UK Met Office,yes,1.0,1.0,1.0,24,24,200,626,,,,
gpm6,GPM6,2026-08-28,11.17.05.2002,Bale Redelong,provisional_catchment,yes,4.796061970712406,97.0098682419131,Asia/Jakarta,Forecast Redelong representative point. BMKG ADM4 reference: 11.17.05.2002 (Bale Redelong). Initial BMKG reference for catchment point Spatial role: provisional_catchment. Area analisis provisional; menunggu konfirmasi batas DAS resmi.,28-08-2026,BMKG,BMKG,yes,1.35,0.9913,1.3383,24,24,200,24,,,,
gpm6,GPM6,2026-08-28,11.17.05.2002,Bale Redelong,provisional_catchment,yes,4.796061970712406,97.0098682419131,Asia/Jakarta,Forecast Redelong representative point. BMKG ADM4 reference: 11.17.05.2002 (Bale Redelong). Initial BMKG reference for catchment point Spatial role: provisional_catchment. Area analisis provisional; menunggu konfirmasi batas DAS resmi.,28-08-2026,CMA,Open-Meteo / CMA GRAPES,yes,1.0,1.0,1.0,24,24,200,627,,,,
gpm6,GPM6,2026-08-28,11.17.05.2002,Bale Redelong,provisional_catchment,yes,4.796061970712406,97.0098682419131,Asia/Jakarta,Forecast Redelong representative point. BMKG ADM4 reference: 11.17.05.2002 (Bale Redelong). Initial BMKG reference for catchment point Spatial role: provisional_catchment. Area analisis provisional; menunggu konfirmasi batas DAS resmi.,28-08-2026,ECMWF,Open-Meteo / ECMWF,yes,1.0,1.0,1.0,24,24,200,645,,,,
gpm6,GPM6,2026-08-28,11.17.05.2002,Bale Redelong,provisional_catchment,yes,4.796061970712406,97.0098682419131,Asia/Jakarta,Forecast Redelong representative point. BMKG ADM4 reference: 11.17.05.2002 (Bale Redelong). Initial BMKG reference for catchment point Spatial role: provisional_catchment. Area analisis provisional; menunggu konfirmasi batas DAS resmi.,28-08-2026,GFS,Open-Meteo / NOAA GFS,yes,1.0,1.0,1.0,24,24,200,658,,,,
gpm6,GPM6,2026-08-28,11.17.05.2002,Bale Redelong,provisional_catchment,yes,4.796061970712406,97.0098682419131,Asia/Jakarta,Forecast Redelong representative point. BMKG ADM4 reference: 11.17.05.2002 (Bale Redelong). Initial BMKG reference for catchment point Spatial role: provisional_catchment. Area analisis provisional; menunggu konfirmasi batas DAS resmi.,28-08-2026,ICON,Open-Meteo / DWD ICON,yes,1.0,1.0,1.0,24,24,200,665,,,,
gpm6,GPM6,2026-08-28,11.17.05.2002,Bale Redelong,provisional_catchment,yes,4.796061970712406,97.0098682419131,Asia/Jakarta,Forecast Redelong representative point. BMKG ADM4 reference: 11.17.05.2002 (Bale Redelong). Initial BMKG reference for catchment point Spatial role: provisional_catchment. Area analisis provisional; menunggu konfirmasi batas DAS resmi.,28-08-2026,METEOFRANCE,Open-Meteo / Meteo-France,yes,1.0,1.0,1.0,24,24,200,1133,,,,
gpm6,GPM6,2026-08-28,11.17.05.2002,Bale Redelong,provisional_catchment,yes,4.796061970712406,97.0098682419131,Asia/Jakarta,Forecast Redelong representative point. BMKG ADM4 reference: 11.17.05.2002 (Bale Redelong). Initial BMKG reference for catchment point Spatial role: provisional_catchment. Area analisis provisional; menunggu konfirmasi batas DAS resmi.,28-08-2026,UKMO,Open-Meteo / UK Met Office,yes,1.0,1.0,1.0,24,24,200,645,,,,
gpm6,GPM6,2026-08-29,11.17.05.2002,Bale Redelong,provisional_catchment,yes,4.796061970712406,97.0098682419131,Asia/Jakarta,Forecast Redelong representative point. BMKG ADM4 reference: 11.17.05.2002 (Bale Redelong). Initial BMKG reference for catchment point Spatial role: provisional_catchment. Area analisis provisional; menunggu konfirmasi batas DAS resmi.,29-08-2026,BMKG,BMKG,yes,1.35,0.9943,1.3423,24,24,200,29,,,,
gpm6,GPM6,2026-08-29,11.17.05.2002,Bale Redelong,provisional_catchment,yes,4.796061970712406,97.0098682419131,Asia/Jakarta,Forecast Redelong representative point. BMKG ADM4 reference: 11.17.05.2002 (Bale Redelong). Initial BMKG reference for catchment point Spatial role: provisional_catchment. Area analisis provisional; menunggu konfirmasi batas DAS resmi.,29-08-2026,CMA,Open-Meteo / CMA GRAPES,yes,1.0,1.0,1.0,24,24,200,689,,,,
gpm6,GPM6,2026-08-29,11.17.05.2002,Bale Redelong,provisional_catchment,yes,4.796061970712406,97.0098682419131,Asia/Jakarta,Forecast Redelong representative point. BMKG ADM4 reference: 11.17.05.2002 (Bale Redelong). Initial BMKG reference for catchment point Spatial role: provisional_catchment. Area analisis provisional; menunggu konfirmasi batas DAS resmi.,29-08-2026,ECMWF,Open-Meteo / ECMWF,yes,1.0,1.0,1.0,24,24,200,625,,,,
gpm6,GPM6,2026-08-29,11.17.05.2002,Bale Redelong,provisional_catchment,yes,4.796061970712406,97.0098682419131,Asia/Jakarta,Forecast Redelong representative point. BMKG ADM4 reference: 11.17.05.2002 (Bale Redelong). Initial BMKG reference for catchment point Spatial role: provisional_catchment. Area analisis provisional; menunggu konfirmasi batas DAS resmi.,29-08-2026,GFS,Open-Meteo / NOAA GFS,yes,1.0,1.0,1.0,24,24,200,648,,,,
gpm6,GPM6,2026-08-29,11.17.05.2002,Bale Redelong,provisional_catchment,yes,4.796061970712406,97.0098682419131,Asia/Jakarta,Forecast Redelong representative point. BMKG ADM4 reference: 11.17.05.2002 (Bale Redelong). Initial BMKG reference for catchment point Spatial role: provisional_catchment. Area analisis provisional; menunggu konfirmasi batas DAS resmi.,29-08-2026,ICON,Open-Meteo / DWD ICON,yes,1.0,1.0,1.0,24,24,200,645,,,,
gpm6,GPM6,2026-08-29,11.17.05.2002,Bale Redelong,provisional_catchment,yes,4.796061970712406,97.0098682419131,Asia/Jakarta,Forecast Redelong representative point. BMKG ADM4 reference: 11.17.05.2002 (Bale Redelong). Initial BMKG reference for catchment point Spatial role: provisional_catchment. Area analisis provisional; menunggu konfirmasi batas DAS resmi.,29-08-2026,METEOFRANCE,Open-Meteo / Meteo-France,yes,1.0,1.0,1.0,24,24,200,663,,,,
gpm6,GPM6,2026-08-29,11.17.05.2002,Bale Redelong,provisional_catchment,yes,4.796061970712406,97.0098682419131,Asia/Jakarta,Forecast Redelong representative point. BMKG ADM4 reference: 11.17.05.2002 (Bale Redelong). Initial BMKG reference for catchment point Spatial role: provisional_catchment. Area analisis provisional; menunggu konfirmasi batas DAS resmi.,29-08-2026,UKMO,Open-Meteo / UK Met Office,yes,1.0,1.0,1.0,24,24,200,677,,,,
gpm6,GPM6,2026-08-30,11.17.05.2002,Bale Redelong,provisional_catchment,yes,4.796061970712406,97.0098682419131,Asia/Jakarta,Forecast Redelong representative point. BMKG ADM4 reference: 11.17.05.2002 (Bale Redelong). Initial BMKG reference for catchment point Spatial role: provisional_catchment. Area analisis provisional; menunggu konfirmasi batas DAS resmi.,30-08-2026,BMKG,BMKG,no,1.35,0.9963,1.345,0,24,,51,,,,BMKG tidak mengembalikan kandidat untuk target date
gpm6,GPM6,2026-08-30,11.17.05.2002,Bale Redelong,provisional_catchment,yes,4.796061970712406,97.0098682419131,Asia/Jakarta,Forecast Redelong representative point. BMKG ADM4 reference: 11.17.05.2002 (Bale Redelong). Initial BMKG reference for catchment point Spatial role: provisional_catchment. Area analisis provisional; menunggu konfirmasi batas DAS resmi.,30-08-2026,CMA,Open-Meteo / CMA GRAPES,yes,1.0,1.0,1.0,24,24,200,625,,,,
gpm6,GPM6,2026-08-30,11.17.05.2002,Bale Redelong,provisional_catchment,yes,4.796061970712406,97.0098682419131,Asia/Jakarta,Forecast Redelong representative point. BMKG ADM4 reference: 11.17.05.2002 (Bale Redelong). Initial BMKG reference for catchment point Spatial role: provisional_catchment. Area analisis provisional; menunggu konfirmasi batas DAS resmi.,30-08-2026,ECMWF,Open-Meteo / ECMWF,yes,1.0,1.0,1.0,24,24,200,639,,,,
gpm6,GPM6,2026-08-30,11.17.05.2002,Bale Redelong,provisional_catchment,yes,4.796061970712406,97.0098682419131,Asia/Jakarta,Forecast Redelong representative point. BMKG ADM4 reference: 11.17.05.2002 (Bale Redelong). Initial BMKG reference for catchment point Spatial role: provisional_catchment. Area analisis provisional; menunggu konfirmasi batas DAS resmi.,30-08-2026,GFS,Open-Meteo / NOAA GFS,yes,1.0,1.0,1.0,24,24,200,660,,,,
gpm6,GPM6,2026-08-30,11.17.05.2002,Bale Redelong,provisional_catchment,yes,4.796061970712406,97.0098682419131,Asia/Jakarta,Forecast Redelong representative point. BMKG ADM4 reference: 11.17.05.2002 (Bale Redelong). Initial BMKG reference for catchment point Spatial role: provisional_catchment. Area analisis provisional; menunggu konfirmasi batas DAS resmi.,30-08-2026,ICON,Open-Meteo / DWD ICON,yes,1.0,1.0,1.0,24,24,200,647,,,,
gpm6,GPM6,2026-08-30,11.17.05.2002,Bale Redelong,provisional_catchment,yes,4.796061970712406,97.0098682419131,Asia/Jakarta,Forecast Redelong representative point. BMKG ADM4 reference: 11.17.05.2002 (Bale Redelong). Initial BMKG reference for catchment point Spatial role: provisional_catchment. Area analisis provisional; menunggu konfirmasi batas DAS resmi.,30-08-2026,METEOFRANCE,Open-Meteo / Meteo-France,yes,1.0,1.0,1.0,24,24,200,645,,,,
gpm6,GPM6,2026-08-30,11.17.05.2002,Bale Redelong,provisional_catchment,yes,4.796061970712406,97.0098682419131,Asia/Jakarta,Forecast Redelong representative point. BMKG ADM4 reference: 11.17.05.2002 (Bale Redelong). Initial BMKG reference for catchment point Spatial role: provisional_catchment. Area analisis provisional; menunggu konfirmasi batas DAS resmi.,30-08-2026,UKMO,Open-Meteo / UK Met Office,yes,1.0,1.0,1.0,24,24,200,687,,,,
gpm_grid_tamatue,GPM Grid TamaTue,2026-08-27,11.17.05.2002,Bale Redelong,external_comparison,yes,4.649902718619309,96.85017949357464,Asia/Jakarta,Forecast Redelong representative point. BMKG ADM4 reference: 11.17.05.2002 (Bale Redelong). Initial BMKG reference for catchment grid Spatial role: external_comparison. Grid terpisah dan terlalu jauh untuk langsung diasumsikan berkontribusi; hanya titik pembanding sampai konektivitas DAS dikonfirmasi.,27-08-2026,BMKG,BMKG,yes,1.35,1.0,1.35,20,24,200,30,,,,
gpm_grid_tamatue,GPM Grid TamaTue,2026-08-27,11.17.05.2002,Bale Redelong,external_comparison,yes,4.649902718619309,96.85017949357464,Asia/Jakarta,Forecast Redelong representative point. BMKG ADM4 reference: 11.17.05.2002 (Bale Redelong). Initial BMKG reference for catchment grid Spatial role: external_comparison. Grid terpisah dan terlalu jauh untuk langsung diasumsikan berkontribusi; hanya titik pembanding sampai konektivitas DAS dikonfirmasi.,27-08-2026,CMA,Open-Meteo / CMA GRAPES,yes,1.0,1.0,1.0,24,24,200,658,,,,
gpm_grid_tamatue,GPM Grid TamaTue,2026-08-27,11.17.05.2002,Bale Redelong,external_comparison,yes,4.649902718619309,96.85017949357464,Asia/Jakarta,Forecast Redelong representative point. BMKG ADM4 reference: 11.17.05.2002 (Bale Redelong). Initial BMKG reference for catchment grid Spatial role: external_comparison. Grid terpisah dan terlalu jauh untuk langsung diasumsikan berkontribusi; hanya titik pembanding sampai konektivitas DAS dikonfirmasi.,27-08-2026,ECMWF,Open-Meteo / ECMWF,yes,1.0,1.0,1.0,24,24,200,711,,,,
gpm_grid_tamatue,GPM Grid TamaTue,2026-08-27,11.17.05.2002,Bale Redelong,external_comparison,yes,4.649902718619309,96.85017949357464,Asia/Jakarta,Forecast Redelong representative point. BMKG ADM4 reference: 11.17.05.2002 (Bale Redelong). Initial BMKG reference for catchment grid Spatial role: external_comparison. Grid terpisah dan terlalu jauh untuk langsung diasumsikan berkontribusi; hanya titik pembanding sampai konektivitas DAS dikonfirmasi.,27-08-2026,GFS,Open-Meteo / NOAA GFS,yes,1.0,1.0,1.0,24,24,200,659,,,,
gpm_grid_tamatue,GPM Grid TamaTue,2026-08-27,11.17.05.2002,Bale Redelong,external_comparison,yes,4.649902718619309,96.85017949357464,Asia/Jakarta,Forecast Redelong representative point. BMKG ADM4 reference: 11.17.05.2002 (Bale Redelong). Initial BMKG reference for catchment grid Spatial role: external_comparison. Grid terpisah dan terlalu jauh untuk langsung diasumsikan berkontribusi; hanya titik pembanding sampai konektivitas DAS dikonfirmasi.,27-08-2026,ICON,Open-Meteo / DWD ICON,yes,1.0,1.0,1.0,24,24,200,654,,,,
gpm_grid_tamatue,GPM Grid TamaTue,2026-08-27,11.17.05.2002,Bale Redelong,external_comparison,yes,4.649902718619309,96.85017949357464,Asia/Jakarta,Forecast Redelong representative point. BMKG ADM4 reference: 11.17.05.2002 (Bale Redelong). Initial BMKG reference for catchment grid Spatial role: external_comparison. Grid terpisah dan terlalu jauh untuk langsung diasumsikan berkontribusi; hanya titik pembanding sampai konektivitas DAS dikonfirmasi.,27-08-2026,METEOFRANCE,Open-Meteo / Meteo-France,yes,1.0,1.0,1.0,24,24,200,677,,,,
gpm_grid_tamatue,GPM Grid TamaTue,2026-08-27,11.17.05.2002,Bale Redelong,external_comparison,yes,4.649902718619309,96.85017949357464,Asia/Jakarta,Forecast Redelong representative point. BMKG ADM4 reference: 11.17.05.2002 (Bale Redelong). Initial BMKG reference for catchment grid Spatial role: external_comparison. Grid terpisah dan terlalu jauh untuk langsung diasumsikan berkontribusi; hanya titik pembanding sampai konektivitas DAS dikonfirmasi.,27-08-2026,UKMO,Open-Meteo / UK Met Office,yes,1.0,1.0,1.0,24,24,200,657,,,,
gpm_grid_tamatue,GPM Grid TamaTue,2026-08-28,11.17.05.2002,Bale Redelong,external_comparison,yes,4.649902718619309,96.85017949357464,Asia/Jakarta,Forecast Redelong representative point. BMKG ADM4 reference: 11.17.05.2002 (Bale Redelong). Initial BMKG reference for catchment grid Spatial role: external_comparison. Grid terpisah dan terlalu jauh untuk langsung diasumsikan berkontribusi; hanya titik pembanding sampai konektivitas DAS dikonfirmasi.,28-08-2026,BMKG,BMKG,yes,1.35,0.9913,1.3383,24,24,200,23,,,,
gpm_grid_tamatue,GPM Grid TamaTue,2026-08-28,11.17.05.2002,Bale Redelong,external_comparison,yes,4.649902718619309,96.85017949357464,Asia/Jakarta,Forecast Redelong representative point. BMKG ADM4 reference: 11.17.05.2002 (Bale Redelong). Initial BMKG reference for catchment grid Spatial role: external_comparison. Grid terpisah dan terlalu jauh untuk langsung diasumsikan berkontribusi; hanya titik pembanding sampai konektivitas DAS dikonfirmasi.,28-08-2026,CMA,Open-Meteo / CMA GRAPES,yes,1.0,1.0,1.0,24,24,200,662,,,,
gpm_grid_tamatue,GPM Grid TamaTue,2026-08-28,11.17.05.2002,Bale Redelong,external_comparison,yes,4.649902718619309,96.85017949357464,Asia/Jakarta,Forecast Redelong representative point. BMKG ADM4 reference: 11.17.05.2002 (Bale Redelong). Initial BMKG reference for catchment grid Spatial role: external_comparison. Grid terpisah dan terlalu jauh untuk langsung diasumsikan berkontribusi; hanya titik pembanding sampai konektivitas DAS dikonfirmasi.,28-08-2026,ECMWF,Open-Meteo / ECMWF,yes,1.0,1.0,1.0,24,24,200,654,,,,
gpm_grid_tamatue,GPM Grid TamaTue,2026-08-28,11.17.05.2002,Bale Redelong,external_comparison,yes,4.649902718619309,96.85017949357464,Asia/Jakarta,Forecast Redelong representative point. BMKG ADM4 reference: 11.17.05.2002 (Bale Redelong). Initial BMKG reference for catchment grid Spatial role: external_comparison. Grid terpisah dan terlalu jauh untuk langsung diasumsikan berkontribusi; hanya titik pembanding sampai konektivitas DAS dikonfirmasi.,28-08-2026,GFS,Open-Meteo / NOAA GFS,yes,1.0,1.0,1.0,24,24,200,693,,,,
gpm_grid_tamatue,GPM Grid TamaTue,2026-08-28,11.17.05.2002,Bale Redelong,external_comparison,yes,4.649902718619309,96.85017949357464,Asia/Jakarta,Forecast Redelong representative point. BMKG ADM4 reference: 11.17.05.2002 (Bale Redelong). Initial BMKG reference for catchment grid Spatial role: external_comparison. Grid terpisah dan terlalu jauh untuk langsung diasumsikan berkontribusi; hanya titik pembanding sampai konektivitas DAS dikonfirmasi.,28-08-2026,ICON,Open-Meteo / DWD ICON,yes,1.0,1.0,1.0,24,24,200,691,,,,
gpm_grid_tamatue,GPM Grid TamaTue,2026-08-28,11.17.05.2002,Bale Redelong,external_comparison,yes,4.649902718619309,96.85017949357464,Asia/Jakarta,Forecast Redelong representative point. BMKG ADM4 reference: 11.17.05.2002 (Bale Redelong). Initial BMKG reference for catchment grid Spatial role: external_comparison. Grid terpisah dan terlalu jauh untuk langsung diasumsikan berkontribusi; hanya titik pembanding sampai konektivitas DAS dikonfirmasi.,28-08-2026,METEOFRANCE,Open-Meteo / Meteo-France,yes,1.0,1.0,1.0,24,24,200,651,,,,
gpm_grid_tamatue,GPM Grid TamaTue,2026-08-28,11.17.05.2002,Bale Redelong,external_comparison,yes,4.649902718619309,96.85017949357464,Asia/Jakarta,Forecast Redelong representative point. BMKG ADM4 reference: 11.17.05.2002 (Bale Redelong). Initial BMKG reference for catchment grid Spatial role: external_comparison. Grid terpisah dan terlalu jauh untuk langsung diasumsikan berkontribusi; hanya titik pembanding sampai konektivitas DAS dikonfirmasi.,28-08-2026,UKMO,Open-Meteo / UK Met Office,yes,1.0,1.0,1.0,24,24,200,663,,,,
gpm_grid_tamatue,GPM Grid TamaTue,2026-08-29,11.17.05.2002,Bale Redelong,external_comparison,yes,4.649902718619309,96.85017949357464,Asia/Jakarta,Forecast Redelong representative point. BMKG ADM4 reference: 11.17.05.2002 (Bale Redelong). Initial BMKG reference for catchment grid Spatial role: external_comparison. Grid terpisah dan terlalu jauh untuk langsung diasumsikan berkontribusi; hanya titik pembanding sampai konektivitas DAS dikonfirmasi.,29-08-2026,BMKG,BMKG,yes,1.35,0.9943,1.3423,24,24,200,20,,,,
gpm_grid_tamatue,GPM Grid TamaTue,2026-08-29,11.17.05.2002,Bale Redelong,external_comparison,yes,4.649902718619309,96.85017949357464,Asia/Jakarta,Forecast Redelong representative point. BMKG ADM4 reference: 11.17.05.2002 (Bale Redelong). Initial BMKG reference for catchment grid Spatial role: external_comparison. Grid terpisah dan terlalu jauh untuk langsung diasumsikan berkontribusi; hanya titik pembanding sampai konektivitas DAS dikonfirmasi.,29-08-2026,CMA,Open-Meteo / CMA GRAPES,yes,1.0,1.0,1.0,24,24,200,645,,,,
gpm_grid_tamatue,GPM Grid TamaTue,2026-08-29,11.17.05.2002,Bale Redelong,external_comparison,yes,4.649902718619309,96.85017949357464,Asia/Jakarta,Forecast Redelong representative point. BMKG ADM4 reference: 11.17.05.2002 (Bale Redelong). Initial BMKG reference for catchment grid Spatial role: external_comparison. Grid terpisah dan terlalu jauh untuk langsung diasumsikan berkontribusi; hanya titik pembanding sampai konektivitas DAS dikonfirmasi.,29-08-2026,ECMWF,Open-Meteo / ECMWF,yes,1.0,1.0,1.0,24,24,200,650,,,,
gpm_grid_tamatue,GPM Grid TamaTue,2026-08-29,11.17.05.2002,Bale Redelong,external_comparison,yes,4.649902718619309,96.85017949357464,Asia/Jakarta,Forecast Redelong representative point. BMKG ADM4 reference: 11.17.05.2002 (Bale Redelong). Initial BMKG reference for catchment grid Spatial role: external_comparison. Grid terpisah dan terlalu jauh untuk langsung diasumsikan berkontribusi; hanya titik pembanding sampai konektivitas DAS dikonfirmasi.,29-08-2026,GFS,Open-Meteo / NOAA GFS,yes,1.0,1.0,1.0,24,24,200,644,,,,
gpm_grid_tamatue,GPM Grid TamaTue,2026-08-29,11.17.05.2002,Bale Redelong,external_comparison,yes,4.649902718619309,96.85017949357464,Asia/Jakarta,Forecast Redelong representative point. BMKG ADM4 reference: 11.17.05.2002 (Bale Redelong). Initial BMKG reference for catchment grid Spatial role: external_comparison. Grid terpisah dan terlalu jauh untuk langsung diasumsikan berkontribusi; hanya titik pembanding sampai konektivitas DAS dikonfirmasi.,29-08-2026,ICON,Open-Meteo / DWD ICON,yes,1.0,1.0,1.0,24,24,200,656,,,,
gpm_grid_tamatue,GPM Grid TamaTue,2026-08-29,11.17.05.2002,Bale Redelong,external_comparison,yes,4.649902718619309,96.85017949357464,Asia/Jakarta,Forecast Redelong representative point. BMKG ADM4 reference: 11.17.05.2002 (Bale Redelong). Initial BMKG reference for catchment grid Spatial role: external_comparison. Grid terpisah dan terlalu jauh untuk langsung diasumsikan berkontribusi; hanya titik pembanding sampai konektivitas DAS dikonfirmasi.,29-08-2026,METEOFRANCE,Open-Meteo / Meteo-France,yes,1.0,1.0,1.0,24,24,200,649,,,,
gpm_grid_tamatue,GPM Grid TamaTue,2026-08-29,11.17.05.2002,Bale Redelong,external_comparison,yes,4.649902718619309,96.85017949357464,Asia/Jakarta,Forecast Redelong representative point. BMKG ADM4 reference: 11.17.05.2002 (Bale Redelong). Initial BMKG reference for catchment grid Spatial role: external_comparison. Grid terpisah dan terlalu jauh untuk langsung diasumsikan berkontribusi; hanya titik pembanding sampai konektivitas DAS dikonfirmasi.,29-08-2026,UKMO,Open-Meteo / UK Met Office,yes,1.0,1.0,1.0,24,24,200,659,,,,
gpm_grid_tamatue,GPM Grid TamaTue,2026-08-30,11.17.05.2002,Bale Redelong,external_comparison,yes,4.649902718619309,96.85017949357464,Asia/Jakarta,Forecast Redelong representative point. BMKG ADM4 reference: 11.17.05.2002 (Bale Redelong). Initial BMKG reference for catchment grid Spatial role: external_comparison. Grid terpisah dan terlalu jauh untuk langsung diasumsikan berkontribusi; hanya titik pembanding sampai konektivitas DAS dikonfirmasi.,30-08-2026,BMKG,BMKG,no,1.35,0.9963,1.345,0,24,,49,,,,BMKG tidak mengembalikan kandidat untuk target date
gpm_grid_tamatue,GPM Grid TamaTue,2026-08-30,11.17.05.2002,Bale Redelong,external_comparison,yes,4.649902718619309,96.85017949357464,Asia/Jakarta,Forecast Redelong representative point. BMKG ADM4 reference: 11.17.05.2002 (Bale Redelong). Initial BMKG reference for catchment grid Spatial role: external_comparison. Grid terpisah dan terlalu jauh untuk langsung diasumsikan berkontribusi; hanya titik pembanding sampai konektivitas DAS dikonfirmasi.,30-08-2026,CMA,Open-Meteo / CMA GRAPES,yes,1.0,1.0,1.0,24,24,200,664,,,,
gpm_grid_tamatue,GPM Grid TamaTue,2026-08-30,11.17.05.2002,Bale Redelong,external_comparison,yes,4.649902718619309,96.85017949357464,Asia/Jakarta,Forecast Redelong representative point. BMKG ADM4 reference: 11.17.05.2002 (Bale Redelong). Initial BMKG reference for catchment grid Spatial role: external_comparison. Grid terpisah dan terlalu jauh untuk langsung diasumsikan berkontribusi; hanya titik pembanding sampai konektivitas DAS dikonfirmasi.,30-08-2026,ECMWF,Open-Meteo / ECMWF,yes,1.0,1.0,1.0,24,24,200,664,,,,
gpm_grid_tamatue,GPM Grid TamaTue,2026-08-30,11.17.05.2002,Bale Redelong,external_comparison,yes,4.649902718619309,96.85017949357464,Asia/Jakarta,Forecast Redelong representative point. BMKG ADM4 reference: 11.17.05.2002 (Bale Redelong). Initial BMKG reference for catchment grid Spatial role: external_comparison. Grid terpisah dan terlalu jauh untuk langsung diasumsikan berkontribusi; hanya titik pembanding sampai konektivitas DAS dikonfirmasi.,30-08-2026,GFS,Open-Meteo / NOAA GFS,yes,1.0,1.0,1.0,24,24,200,627,,,,
gpm_grid_tamatue,GPM Grid TamaTue,2026-08-30,11.17.05.2002,Bale Redelong,external_comparison,yes,4.649902718619309,96.85017949357464,Asia/Jakarta,Forecast Redelong representative point. BMKG ADM4 reference: 11.17.05.2002 (Bale Redelong). Initial BMKG reference for catchment grid Spatial role: external_comparison. Grid terpisah dan terlalu jauh untuk langsung diasumsikan berkontribusi; hanya titik pembanding sampai konektivitas DAS dikonfirmasi.,30-08-2026,ICON,Open-Meteo / DWD ICON,yes,1.0,1.0,1.0,24,24,200,665,,,,
gpm_grid_tamatue,GPM Grid TamaTue,2026-08-30,11.17.05.2002,Bale Redelong,external_comparison,yes,4.649902718619309,96.85017949357464,Asia/Jakarta,Forecast Redelong representative point. BMKG ADM4 reference: 11.17.05.2002 (Bale Redelong). Initial BMKG reference for catchment grid Spatial role: external_comparison. Grid terpisah dan terlalu jauh untuk langsung diasumsikan berkontribusi; hanya titik pembanding sampai konektivitas DAS dikonfirmasi.,30-08-2026,METEOFRANCE,Open-Meteo / Meteo-France,yes,1.0,1.0,1.0,24,24,200,651,,,,
gpm_grid_tamatue,GPM Grid TamaTue,2026-08-30,11.17.05.2002,Bale Redelong,external_comparison,yes,4.649902718619309,96.85017949357464,Asia/Jakarta,Forecast Redelong representative point. BMKG ADM4 reference: 11.17.05.2002 (Bale Redelong). Initial BMKG reference for catchment grid Spatial role: external_comparison. Grid terpisah dan terlalu jauh untuk langsung diasumsikan berkontribusi; hanya titik pembanding sampai konektivitas DAS dikonfirmasi.,30-08-2026,UKMO,Open-Meteo / UK Met Office,yes,1.0,1.0,1.0,24,24,200,658,,,,
pltm_besai_kemu,PLTM Besai Kemu,2026-08-27,18.08.03.2017,Kemu,independent_site_reference,yes,-4.862591667,104.500497222,Asia/Jakarta,PLTM Besai Kemu forecast reference. BMKG ADM4 reference: 18.08.03.2017. Coordinate status: engineering_document_reference_operational_asset_confirmed.,27-08-2026,BMKG,BMKG,yes,1.35,1.0,1.35,20,24,200,668,,,,
pltm_besai_kemu,PLTM Besai Kemu,2026-08-27,18.08.03.2017,Kemu,independent_site_reference,yes,-4.862591667,104.500497222,Asia/Jakarta,PLTM Besai Kemu forecast reference. BMKG ADM4 reference: 18.08.03.2017. Coordinate status: engineering_document_reference_operational_asset_confirmed.,27-08-2026,CMA,Open-Meteo / CMA GRAPES,yes,1.0,1.0,1.0,24,24,200,646,,,,
pltm_besai_kemu,PLTM Besai Kemu,2026-08-27,18.08.03.2017,Kemu,independent_site_reference,yes,-4.862591667,104.500497222,Asia/Jakarta,PLTM Besai Kemu forecast reference. BMKG ADM4 reference: 18.08.03.2017. Coordinate status: engineering_document_reference_operational_asset_confirmed.,27-08-2026,ECMWF,Open-Meteo / ECMWF,yes,1.0,1.0,1.0,24,24,200,629,,,,
pltm_besai_kemu,PLTM Besai Kemu,2026-08-27,18.08.03.2017,Kemu,independent_site_reference,yes,-4.862591667,104.500497222,Asia/Jakarta,PLTM Besai Kemu forecast reference. BMKG ADM4 reference: 18.08.03.2017. Coordinate status: engineering_document_reference_operational_asset_confirmed.,27-08-2026,GFS,Open-Meteo / NOAA GFS,yes,1.0,1.0,1.0,24,24,200,636,,,,
pltm_besai_kemu,PLTM Besai Kemu,2026-08-27,18.08.03.2017,Kemu,independent_site_reference,yes,-4.862591667,104.500497222,Asia/Jakarta,PLTM Besai Kemu forecast reference. BMKG ADM4 reference: 18.08.03.2017. Coordinate status: engineering_document_reference_operational_asset_confirmed.,27-08-2026,ICON,Open-Meteo / DWD ICON,yes,1.0,1.0,1.0,24,24,200,682,,,,
pltm_besai_kemu,PLTM Besai Kemu,2026-08-27,18.08.03.2017,Kemu,independent_site_reference,yes,-4.862591667,104.500497222,Asia/Jakarta,PLTM Besai Kemu forecast reference. BMKG ADM4 reference: 18.08.03.2017. Coordinate status: engineering_document_reference_operational_asset_confirmed.,27-08-2026,METEOFRANCE,Open-Meteo / Meteo-France,yes,1.0,1.0,1.0,24,24,200,634,,,,
pltm_besai_kemu,PLTM Besai Kemu,2026-08-27,18.08.03.2017,Kemu,independent_site_reference,yes,-4.862591667,104.500497222,Asia/Jakarta,PLTM Besai Kemu forecast reference. BMKG ADM4 reference: 18.08.03.2017. Coordinate status: engineering_document_reference_operational_asset_confirmed.,27-08-2026,UKMO,Open-Meteo / UK Met Office,yes,1.0,1.0,1.0,24,24,200,653,,,,
pltm_besai_kemu,PLTM Besai Kemu,2026-08-28,18.08.03.2017,Kemu,independent_site_reference,yes,-4.862591667,104.500497222,Asia/Jakarta,PLTM Besai Kemu forecast reference. BMKG ADM4 reference: 18.08.03.2017. Coordinate status: engineering_document_reference_operational_asset_confirmed.,28-08-2026,BMKG,BMKG,yes,1.35,0.9913,1.3383,24,24,200,32,,,,
pltm_besai_kemu,PLTM Besai Kemu,2026-08-28,18.08.03.2017,Kemu,independent_site_reference,yes,-4.862591667,104.500497222,Asia/Jakarta,PLTM Besai Kemu forecast reference. BMKG ADM4 reference: 18.08.03.2017. Coordinate status: engineering_document_reference_operational_asset_confirmed.,28-08-2026,CMA,Open-Meteo / CMA GRAPES,yes,1.0,1.0,1.0,24,24,200,631,,,,
pltm_besai_kemu,PLTM Besai Kemu,2026-08-28,18.08.03.2017,Kemu,independent_site_reference,yes,-4.862591667,104.500497222,Asia/Jakarta,PLTM Besai Kemu forecast reference. BMKG ADM4 reference: 18.08.03.2017. Coordinate status: engineering_document_reference_operational_asset_confirmed.,28-08-2026,ECMWF,Open-Meteo / ECMWF,yes,1.0,1.0,1.0,24,24,200,658,,,,
pltm_besai_kemu,PLTM Besai Kemu,2026-08-28,18.08.03.2017,Kemu,independent_site_reference,yes,-4.862591667,104.500497222,Asia/Jakarta,PLTM Besai Kemu forecast reference. BMKG ADM4 reference: 18.08.03.2017. Coordinate status: engineering_document_reference_operational_asset_confirmed.,28-08-2026,GFS,Open-Meteo / NOAA GFS,yes,1.0,1.0,1.0,24,24,200,640,,,,
pltm_besai_kemu,PLTM Besai Kemu,2026-08-28,18.08.03.2017,Kemu,independent_site_reference,yes,-4.862591667,104.500497222,Asia/Jakarta,PLTM Besai Kemu forecast reference. BMKG ADM4 reference: 18.08.03.2017. Coordinate status: engineering_document_reference_operational_asset_confirmed.,28-08-2026,ICON,Open-Meteo / DWD ICON,yes,1.0,1.0,1.0,24,24,200,646,,,,
pltm_besai_kemu,PLTM Besai Kemu,2026-08-28,18.08.03.2017,Kemu,independent_site_reference,yes,-4.862591667,104.500497222,Asia/Jakarta,PLTM Besai Kemu forecast reference. BMKG ADM4 reference: 18.08.03.2017. Coordinate status: engineering_document_reference_operational_asset_confirmed.,28-08-2026,METEOFRANCE,Open-Meteo / Meteo-France,yes,1.0,1.0,1.0,24,24,200,652,,,,
pltm_besai_kemu,PLTM Besai Kemu,2026-08-28,18.08.03.2017,Kemu,independent_site_reference,yes,-4.862591667,104.500497222,Asia/Jakarta,PLTM Besai Kemu forecast reference. BMKG ADM4 reference: 18.08.03.2017. Coordinate status: engineering_document_reference_operational_asset_confirmed.,28-08-2026,UKMO,Open-Meteo / UK Met Office,yes,1.0,1.0,1.0,24,24,200,627,,,,
pltm_besai_kemu,PLTM Besai Kemu,2026-08-29,18.08.03.2017,Kemu,independent_site_reference,yes,-4.862591667,104.500497222,Asia/Jakarta,PLTM Besai Kemu forecast reference. BMKG ADM4 reference: 18.08.03.2017. Coordinate status: engineering_document_reference_operational_asset_confirmed.,29-08-2026,BMKG,BMKG,yes,1.35,0.9943,1.3423,24,24,200,34,,,,
pltm_besai_kemu,PLTM Besai Kemu,2026-08-29,18.08.03.2017,Kemu,independent_site_reference,yes,-4.862591667,104.500497222,Asia/Jakarta,PLTM Besai Kemu forecast reference. BMKG ADM4 reference: 18.08.03.2017. Coordinate status: engineering_document_reference_operational_asset_confirmed.,29-08-2026,CMA,Open-Meteo / CMA GRAPES,yes,1.0,1.0,1.0,24,24,200,626,,,,
pltm_besai_kemu,PLTM Besai Kemu,2026-08-29,18.08.03.2017,Kemu,independent_site_reference,yes,-4.862591667,104.500497222,Asia/Jakarta,PLTM Besai Kemu forecast reference. BMKG ADM4 reference: 18.08.03.2017. Coordinate status: engineering_document_reference_operational_asset_confirmed.,29-08-2026,ECMWF,Open-Meteo / ECMWF,yes,1.0,1.0,1.0,24,24,200,626,,,,
pltm_besai_kemu,PLTM Besai Kemu,2026-08-29,18.08.03.2017,Kemu,independent_site_reference,yes,-4.862591667,104.500497222,Asia/Jakarta,PLTM Besai Kemu forecast reference. BMKG ADM4 reference: 18.08.03.2017. Coordinate status: engineering_document_reference_operational_asset_confirmed.,29-08-2026,GFS,Open-Meteo / NOAA GFS,yes,1.0,1.0,1.0,24,24,200,647,,,,
pltm_besai_kemu,PLTM Besai Kemu,2026-08-29,18.08.03.2017,Kemu,independent_site_reference,yes,-4.862591667,104.500497222,Asia/Jakarta,PLTM Besai Kemu forecast reference. BMKG ADM4 reference: 18.08.03.2017. Coordinate status: engineering_document_reference_operational_asset_confirmed.,29-08-2026,ICON,Open-Meteo / DWD ICON,yes,1.0,1.0,1.0,24,24,200,713,,,,
pltm_besai_kemu,PLTM Besai Kemu,2026-08-29,18.08.03.2017,Kemu,independent_site_reference,yes,-4.862591667,104.500497222,Asia/Jakarta,PLTM Besai Kemu forecast reference. BMKG ADM4 reference: 18.08.03.2017. Coordinate status: engineering_document_reference_operational_asset_confirmed.,29-08-2026,METEOFRANCE,Open-Meteo / Meteo-France,yes,1.0,1.0,1.0,24,24,200,645,,,,
pltm_besai_kemu,PLTM Besai Kemu,2026-08-29,18.08.03.2017,Kemu,independent_site_reference,yes,-4.862591667,104.500497222,Asia/Jakarta,PLTM Besai Kemu forecast reference. BMKG ADM4 reference: 18.08.03.2017. Coordinate status: engineering_document_reference_operational_asset_confirmed.,29-08-2026,UKMO,Open-Meteo / UK Met Office,yes,1.0,1.0,1.0,24,24,200,734,,,,
pltm_besai_kemu,PLTM Besai Kemu,2026-08-30,18.08.03.2017,Kemu,independent_site_reference,yes,-4.862591667,104.500497222,Asia/Jakarta,PLTM Besai Kemu forecast reference. BMKG ADM4 reference: 18.08.03.2017. Coordinate status: engineering_document_reference_operational_asset_confirmed.,30-08-2026,BMKG,BMKG,no,1.35,0.9963,1.345,0,24,,51,,,,BMKG tidak mengembalikan kandidat untuk target date
pltm_besai_kemu,PLTM Besai Kemu,2026-08-30,18.08.03.2017,Kemu,independent_site_reference,yes,-4.862591667,104.500497222,Asia/Jakarta,PLTM Besai Kemu forecast reference. BMKG ADM4 reference: 18.08.03.2017. Coordinate status: engineering_document_reference_operational_asset_confirmed.,30-08-2026,CMA,Open-Meteo / CMA GRAPES,yes,1.0,1.0,1.0,24,24,200,630,,,,
pltm_besai_kemu,PLTM Besai Kemu,2026-08-30,18.08.03.2017,Kemu,independent_site_reference,yes,-4.862591667,104.500497222,Asia/Jakarta,PLTM Besai Kemu forecast reference. BMKG ADM4 reference: 18.08.03.2017. Coordinate status: engineering_document_reference_operational_asset_confirmed.,30-08-2026,ECMWF,Open-Meteo / ECMWF,yes,1.0,1.0,1.0,24,24,200,639,,,,
pltm_besai_kemu,PLTM Besai Kemu,2026-08-30,18.08.03.2017,Kemu,independent_site_reference,yes,-4.862591667,104.500497222,Asia/Jakarta,PLTM Besai Kemu forecast reference. BMKG ADM4 reference: 18.08.03.2017. Coordinate status: engineering_document_reference_operational_asset_confirmed.,30-08-2026,GFS,Open-Meteo / NOAA GFS,yes,1.0,1.0,1.0,24,24,200,636,,,,
pltm_besai_kemu,PLTM Besai Kemu,2026-08-30,18.08.03.2017,Kemu,independent_site_reference,yes,-4.862591667,104.500497222,Asia/Jakarta,PLTM Besai Kemu forecast reference. BMKG ADM4 reference: 18.08.03.2017. Coordinate status: engineering_document_reference_operational_asset_confirmed.,30-08-2026,ICON,Open-Meteo / DWD ICON,yes,1.0,1.0,1.0,24,24,200,626,,,,
pltm_besai_kemu,PLTM Besai Kemu,2026-08-30,18.08.03.2017,Kemu,independent_site_reference,yes,-4.862591667,104.500497222,Asia/Jakarta,PLTM Besai Kemu forecast reference. BMKG ADM4 reference: 18.08.03.2017. Coordinate status: engineering_document_reference_operational_asset_confirmed.,30-08-2026,METEOFRANCE,Open-Meteo / Meteo-France,yes,1.0,1.0,1.0,24,24,200,630,,,,
pltm_besai_kemu,PLTM Besai Kemu,2026-08-30,18.08.03.2017,Kemu,independent_site_reference,yes,-4.862591667,104.500497222,Asia/Jakarta,PLTM Besai Kemu forecast reference. BMKG ADM4 reference: 18.08.03.2017. Coordinate status: engineering_document_reference_operational_asset_confirmed.,30-08-2026,UKMO,Open-Meteo / UK Met Office,yes,1.0,1.0,1.0,24,24,200,636,,,,
pltm_besai_kemu_headpond,Headpond Besai Kemu,2026-08-27,18.08.03.2017,Kemu,independent_site_engineering_point,yes,-4.839133333,104.509577778,Asia/Jakarta,Headpond Besai Kemu engineering forecast reference for PLTM Besai Kemu. The catchment polygon remains pending.,27-08-2026,BMKG,BMKG,yes,1.35,1.0,1.35,20,24,200,23,,,,
pltm_besai_kemu_headpond,Headpond Besai Kemu,2026-08-27,18.08.03.2017,Kemu,independent_site_engineering_point,yes,-4.839133333,104.509577778,Asia/Jakarta,Headpond Besai Kemu engineering forecast reference for PLTM Besai Kemu. The catchment polygon remains pending.,27-08-2026,CMA,Open-Meteo / CMA GRAPES,yes,1.0,1.0,1.0,24,24,200,650,,,,
pltm_besai_kemu_headpond,Headpond Besai Kemu,2026-08-27,18.08.03.2017,Kemu,independent_site_engineering_point,yes,-4.839133333,104.509577778,Asia/Jakarta,Headpond Besai Kemu engineering forecast reference for PLTM Besai Kemu. The catchment polygon remains pending.,27-08-2026,ECMWF,Open-Meteo / ECMWF,yes,1.0,1.0,1.0,24,24,200,644,,,,
pltm_besai_kemu_headpond,Headpond Besai Kemu,2026-08-27,18.08.03.2017,Kemu,independent_site_engineering_point,yes,-4.839133333,104.509577778,Asia/Jakarta,Headpond Besai Kemu engineering forecast reference for PLTM Besai Kemu. The catchment polygon remains pending.,27-08-2026,GFS,Open-Meteo / NOAA GFS,yes,1.0,1.0,1.0,24,24,200,626,,,,
pltm_besai_kemu_headpond,Headpond Besai Kemu,2026-08-27,18.08.03.2017,Kemu,independent_site_engineering_point,yes,-4.839133333,104.509577778,Asia/Jakarta,Headpond Besai Kemu engineering forecast reference for PLTM Besai Kemu. The catchment polygon remains pending.,27-08-2026,ICON,Open-Meteo / DWD ICON,yes,1.0,1.0,1.0,24,24,200,646,,,,
pltm_besai_kemu_headpond,Headpond Besai Kemu,2026-08-27,18.08.03.2017,Kemu,independent_site_engineering_point,yes,-4.839133333,104.509577778,Asia/Jakarta,Headpond Besai Kemu engineering forecast reference for PLTM Besai Kemu. The catchment polygon remains pending.,27-08-2026,METEOFRANCE,Open-Meteo / Meteo-France,yes,1.0,1.0,1.0,24,24,200,630,,,,
pltm_besai_kemu_headpond,Headpond Besai Kemu,2026-08-27,18.08.03.2017,Kemu,independent_site_engineering_point,yes,-4.839133333,104.509577778,Asia/Jakarta,Headpond Besai Kemu engineering forecast reference for PLTM Besai Kemu. The catchment polygon remains pending.,27-08-2026,UKMO,Open-Meteo / UK Met Office,yes,1.0,1.0,1.0,24,24,200,872,,,,
pltm_besai_kemu_headpond,Headpond Besai Kemu,2026-08-28,18.08.03.2017,Kemu,independent_site_engineering_point,yes,-4.839133333,104.509577778,Asia/Jakarta,Headpond Besai Kemu engineering forecast reference for PLTM Besai Kemu. The catchment polygon remains pending.,28-08-2026,BMKG,BMKG,yes,1.35,0.9913,1.3383,24,24,200,36,,,,
pltm_besai_kemu_headpond,Headpond Besai Kemu,2026-08-28,18.08.03.2017,Kemu,independent_site_engineering_point,yes,-4.839133333,104.509577778,Asia/Jakarta,Headpond Besai Kemu engineering forecast reference for PLTM Besai Kemu. The catchment polygon remains pending.,28-08-2026,CMA,Open-Meteo / CMA GRAPES,yes,1.0,1.0,1.0,24,24,200,627,,,,
pltm_besai_kemu_headpond,Headpond Besai Kemu,2026-08-28,18.08.03.2017,Kemu,independent_site_engineering_point,yes,-4.839133333,104.509577778,Asia/Jakarta,Headpond Besai Kemu engineering forecast reference for PLTM Besai Kemu. The catchment polygon remains pending.,28-08-2026,ECMWF,Open-Meteo / ECMWF,yes,1.0,1.0,1.0,24,24,200,630,,,,
pltm_besai_kemu_headpond,Headpond Besai Kemu,2026-08-28,18.08.03.2017,Kemu,independent_site_engineering_point,yes,-4.839133333,104.509577778,Asia/Jakarta,Headpond Besai Kemu engineering forecast reference for PLTM Besai Kemu. The catchment polygon remains pending.,28-08-2026,GFS,Open-Meteo / NOAA GFS,yes,1.0,1.0,1.0,24,24,200,638,,,,
pltm_besai_kemu_headpond,Headpond Besai Kemu,2026-08-28,18.08.03.2017,Kemu,independent_site_engineering_point,yes,-4.839133333,104.509577778,Asia/Jakarta,Headpond Besai Kemu engineering forecast reference for PLTM Besai Kemu. The catchment polygon remains pending.,28-08-2026,ICON,Open-Meteo / DWD ICON,yes,1.0,1.0,1.0,24,24,200,636,,,,
pltm_besai_kemu_headpond,Headpond Besai Kemu,2026-08-28,18.08.03.2017,Kemu,independent_site_engineering_point,yes,-4.839133333,104.509577778,Asia/Jakarta,Headpond Besai Kemu engineering forecast reference for PLTM Besai Kemu. The catchment polygon remains pending.,28-08-2026,METEOFRANCE,Open-Meteo / Meteo-France,yes,1.0,1.0,1.0,24,24,200,645,,,,
pltm_besai_kemu_headpond,Headpond Besai Kemu,2026-08-28,18.08.03.2017,Kemu,independent_site_engineering_point,yes,-4.839133333,104.509577778,Asia/Jakarta,Headpond Besai Kemu engineering forecast reference for PLTM Besai Kemu. The catchment polygon remains pending.,28-08-2026,UKMO,Open-Meteo / UK Met Office,yes,1.0,1.0,1.0,24,24,200,646,,,,
pltm_besai_kemu_headpond,Headpond Besai Kemu,2026-08-29,18.08.03.2017,Kemu,independent_site_engineering_point,yes,-4.839133333,104.509577778,Asia/Jakarta,Headpond Besai Kemu engineering forecast reference for PLTM Besai Kemu. The catchment polygon remains pending.,29-08-2026,BMKG,BMKG,yes,1.35,0.9943,1.3423,24,24,200,19,,,,
pltm_besai_kemu_headpond,Headpond Besai Kemu,2026-08-29,18.08.03.2017,Kemu,independent_site_engineering_point,yes,-4.839133333,104.509577778,Asia/Jakarta,Headpond Besai Kemu engineering forecast reference for PLTM Besai Kemu. The catchment polygon remains pending.,29-08-2026,CMA,Open-Meteo / CMA GRAPES,yes,1.0,1.0,1.0,24,24,200,631,,,,
pltm_besai_kemu_headpond,Headpond Besai Kemu,2026-08-29,18.08.03.2017,Kemu,independent_site_engineering_point,yes,-4.839133333,104.509577778,Asia/Jakarta,Headpond Besai Kemu engineering forecast reference for PLTM Besai Kemu. The catchment polygon remains pending.,29-08-2026,ECMWF,Open-Meteo / ECMWF,yes,1.0,1.0,1.0,24,24,200,642,,,,
pltm_besai_kemu_headpond,Headpond Besai Kemu,2026-08-29,18.08.03.2017,Kemu,independent_site_engineering_point,yes,-4.839133333,104.509577778,Asia/Jakarta,Headpond Besai Kemu engineering forecast reference for PLTM Besai Kemu. The catchment polygon remains pending.,29-08-2026,GFS,Open-Meteo / NOAA GFS,yes,1.0,1.0,1.0,24,24,200,630,,,,
pltm_besai_kemu_headpond,Headpond Besai Kemu,2026-08-29,18.08.03.2017,Kemu,independent_site_engineering_point,yes,-4.839133333,104.509577778,Asia/Jakarta,Headpond Besai Kemu engineering forecast reference for PLTM Besai Kemu. The catchment polygon remains pending.,29-08-2026,ICON,Open-Meteo / DWD ICON,yes,1.0,1.0,1.0,24,24,200,647,,,,
pltm_besai_kemu_headpond,Headpond Besai Kemu,2026-08-29,18.08.03.2017,Kemu,independent_site_engineering_point,yes,-4.839133333,104.509577778,Asia/Jakarta,Headpond Besai Kemu engineering forecast reference for PLTM Besai Kemu. The catchment polygon remains pending.,29-08-2026,METEOFRANCE,Open-Meteo / Meteo-France,yes,1.0,1.0,1.0,24,24,200,643,,,,
pltm_besai_kemu_headpond,Headpond Besai Kemu,2026-08-29,18.08.03.2017,Kemu,independent_site_engineering_point,yes,-4.839133333,104.509577778,Asia/Jakarta,Headpond Besai Kemu engineering forecast reference for PLTM Besai Kemu. The catchment polygon remains pending.,29-08-2026,UKMO,Open-Meteo / UK Met Office,yes,1.0,1.0,1.0,24,24,200,642,,,,
pltm_besai_kemu_headpond,Headpond Besai Kemu,2026-08-30,18.08.03.2017,Kemu,independent_site_engineering_point,yes,-4.839133333,104.509577778,Asia/Jakarta,Headpond Besai Kemu engineering forecast reference for PLTM Besai Kemu. The catchment polygon remains pending.,30-08-2026,BMKG,BMKG,no,1.35,0.9963,1.345,0,24,,48,,,,BMKG tidak mengembalikan kandidat untuk target date
pltm_besai_kemu_headpond,Headpond Besai Kemu,2026-08-30,18.08.03.2017,Kemu,independent_site_engineering_point,yes,-4.839133333,104.509577778,Asia/Jakarta,Headpond Besai Kemu engineering forecast reference for PLTM Besai Kemu. The catchment polygon remains pending.,30-08-2026,CMA,Open-Meteo / CMA GRAPES,yes,1.0,1.0,1.0,24,24,200,627,,,,
pltm_besai_kemu_headpond,Headpond Besai Kemu,2026-08-30,18.08.03.2017,Kemu,independent_site_engineering_point,yes,-4.839133333,104.509577778,Asia/Jakarta,Headpond Besai Kemu engineering forecast reference for PLTM Besai Kemu. The catchment polygon remains pending.,30-08-2026,ECMWF,Open-Meteo / ECMWF,yes,1.0,1.0,1.0,24,24,200,630,,,,
pltm_besai_kemu_headpond,Headpond Besai Kemu,2026-08-30,18.08.03.2017,Kemu,independent_site_engineering_point,yes,-4.839133333,104.509577778,Asia/Jakarta,Headpond Besai Kemu engineering forecast reference for PLTM Besai Kemu. The catchment polygon remains pending.,30-08-2026,GFS,Open-Meteo / NOAA GFS,yes,1.0,1.0,1.0,24,24,200,647,,,,
pltm_besai_kemu_headpond,Headpond Besai Kemu,2026-08-30,18.08.03.2017,Kemu,independent_site_engineering_point,yes,-4.839133333,104.509577778,Asia/Jakarta,Headpond Besai Kemu engineering forecast reference for PLTM Besai Kemu. The catchment polygon remains pending.,30-08-2026,ICON,Open-Meteo / DWD ICON,yes,1.0,1.0,1.0,24,24,200,663,,,,
pltm_besai_kemu_headpond,Headpond Besai Kemu,2026-08-30,18.08.03.2017,Kemu,independent_site_engineering_point,yes,-4.839133333,104.509577778,Asia/Jakarta,Headpond Besai Kemu engineering forecast reference for PLTM Besai Kemu. The catchment polygon remains pending.,30-08-2026,METEOFRANCE,Open-Meteo / Meteo-France,yes,1.0,1.0,1.0,24,24,200,644,,,,
pltm_besai_kemu_headpond,Headpond Besai Kemu,2026-08-30,18.08.03.2017,Kemu,independent_site_engineering_point,yes,-4.839133333,104.509577778,Asia/Jakarta,Headpond Besai Kemu engineering forecast reference for PLTM Besai Kemu. The catchment polygon remains pending.,30-08-2026,UKMO,Open-Meteo / UK Met Office,yes,1.0,1.0,1.0,24,24,200,647,,,,
pltm_besai_kemu_powerhouse,Powerhouse Besai Kemu,2026-08-27,18.08.03.2017,Kemu,independent_site_engineering_point,yes,-4.837533333,104.510075,Asia/Jakarta,Powerhouse Besai Kemu engineering forecast reference for PLTM Besai Kemu. The catchment polygon remains pending.,27-08-2026,BMKG,BMKG,yes,1.35,1.0,1.35,20,24,200,19,,,,
pltm_besai_kemu_powerhouse,Powerhouse Besai Kemu,2026-08-27,18.08.03.2017,Kemu,independent_site_engineering_point,yes,-4.837533333,104.510075,Asia/Jakarta,Powerhouse Besai Kemu engineering forecast reference for PLTM Besai Kemu. The catchment polygon remains pending.,27-08-2026,CMA,Open-Meteo / CMA GRAPES,yes,1.0,1.0,1.0,24,24,200,650,,,,
pltm_besai_kemu_powerhouse,Powerhouse Besai Kemu,2026-08-27,18.08.03.2017,Kemu,independent_site_engineering_point,yes,-4.837533333,104.510075,Asia/Jakarta,Powerhouse Besai Kemu engineering forecast reference for PLTM Besai Kemu. The catchment polygon remains pending.,27-08-2026,ECMWF,Open-Meteo / ECMWF,yes,1.0,1.0,1.0,24,24,200,632,,,,
pltm_besai_kemu_powerhouse,Powerhouse Besai Kemu,2026-08-27,18.08.03.2017,Kemu,independent_site_engineering_point,yes,-4.837533333,104.510075,Asia/Jakarta,Powerhouse Besai Kemu engineering forecast reference for PLTM Besai Kemu. The catchment polygon remains pending.,27-08-2026,GFS,Open-Meteo / NOAA GFS,yes,1.0,1.0,1.0,24,24,200,639,,,,
pltm_besai_kemu_powerhouse,Powerhouse Besai Kemu,2026-08-27,18.08.03.2017,Kemu,independent_site_engineering_point,yes,-4.837533333,104.510075,Asia/Jakarta,Powerhouse Besai Kemu engineering forecast reference for PLTM Besai Kemu. The catchment polygon remains pending.,27-08-2026,ICON,Open-Meteo / DWD ICON,yes,1.0,1.0,1.0,24,24,200,643,,,,
pltm_besai_kemu_powerhouse,Powerhouse Besai Kemu,2026-08-27,18.08.03.2017,Kemu,independent_site_engineering_point,yes,-4.837533333,104.510075,Asia/Jakarta,Powerhouse Besai Kemu engineering forecast reference for PLTM Besai Kemu. The catchment polygon remains pending.,27-08-2026,METEOFRANCE,Open-Meteo / Meteo-France,yes,1.0,1.0,1.0,24,24,200,643,,,,
pltm_besai_kemu_powerhouse,Powerhouse Besai Kemu,2026-08-27,18.08.03.2017,Kemu,independent_site_engineering_point,yes,-4.837533333,104.510075,Asia/Jakarta,Powerhouse Besai Kemu engineering forecast reference for PLTM Besai Kemu. The catchment polygon remains pending.,27-08-2026,UKMO,Open-Meteo / UK Met Office,yes,1.0,1.0,1.0,24,24,200,637,,,,
pltm_besai_kemu_powerhouse,Powerhouse Besai Kemu,2026-08-28,18.08.03.2017,Kemu,independent_site_engineering_point,yes,-4.837533333,104.510075,Asia/Jakarta,Powerhouse Besai Kemu engineering forecast reference for PLTM Besai Kemu. The catchment polygon remains pending.,28-08-2026,BMKG,BMKG,yes,1.35,0.9913,1.3383,24,24,200,22,,,,
pltm_besai_kemu_powerhouse,Powerhouse Besai Kemu,2026-08-28,18.08.03.2017,Kemu,independent_site_engineering_point,yes,-4.837533333,104.510075,Asia/Jakarta,Powerhouse Besai Kemu engineering forecast reference for PLTM Besai Kemu. The catchment polygon remains pending.,28-08-2026,CMA,Open-Meteo / CMA GRAPES,yes,1.0,1.0,1.0,24,24,200,645,,,,
pltm_besai_kemu_powerhouse,Powerhouse Besai Kemu,2026-08-28,18.08.03.2017,Kemu,independent_site_engineering_point,yes,-4.837533333,104.510075,Asia/Jakarta,Powerhouse Besai Kemu engineering forecast reference for PLTM Besai Kemu. The catchment polygon remains pending.,28-08-2026,ECMWF,Open-Meteo / ECMWF,yes,1.0,1.0,1.0,24,24,200,619,,,,
pltm_besai_kemu_powerhouse,Powerhouse Besai Kemu,2026-08-28,18.08.03.2017,Kemu,independent_site_engineering_point,yes,-4.837533333,104.510075,Asia/Jakarta,Powerhouse Besai Kemu engineering forecast reference for PLTM Besai Kemu. The catchment polygon remains pending.,28-08-2026,GFS,Open-Meteo / NOAA GFS,yes,1.0,1.0,1.0,24,24,200,631,,,,
pltm_besai_kemu_powerhouse,Powerhouse Besai Kemu,2026-08-28,18.08.03.2017,Kemu,independent_site_engineering_point,yes,-4.837533333,104.510075,Asia/Jakarta,Powerhouse Besai Kemu engineering forecast reference for PLTM Besai Kemu. The catchment polygon remains pending.,28-08-2026,ICON,Open-Meteo / DWD ICON,yes,1.0,1.0,1.0,24,24,200,627,,,,
pltm_besai_kemu_powerhouse,Powerhouse Besai Kemu,2026-08-28,18.08.03.2017,Kemu,independent_site_engineering_point,yes,-4.837533333,104.510075,Asia/Jakarta,Powerhouse Besai Kemu engineering forecast reference for PLTM Besai Kemu. The catchment polygon remains pending.,28-08-2026,METEOFRANCE,Open-Meteo / Meteo-France,yes,1.0,1.0,1.0,24,24,200,648,,,,
pltm_besai_kemu_powerhouse,Powerhouse Besai Kemu,2026-08-28,18.08.03.2017,Kemu,independent_site_engineering_point,yes,-4.837533333,104.510075,Asia/Jakarta,Powerhouse Besai Kemu engineering forecast reference for PLTM Besai Kemu. The catchment polygon remains pending.,28-08-2026,UKMO,Open-Meteo / UK Met Office,yes,1.0,1.0,1.0,24,24,200,647,,,,
pltm_besai_kemu_powerhouse,Powerhouse Besai Kemu,2026-08-29,18.08.03.2017,Kemu,independent_site_engineering_point,yes,-4.837533333,104.510075,Asia/Jakarta,Powerhouse Besai Kemu engineering forecast reference for PLTM Besai Kemu. The catchment polygon remains pending.,29-08-2026,BMKG,BMKG,yes,1.35,0.9943,1.3423,24,24,200,25,,,,
pltm_besai_kemu_powerhouse,Powerhouse Besai Kemu,2026-08-29,18.08.03.2017,Kemu,independent_site_engineering_point,yes,-4.837533333,104.510075,Asia/Jakarta,Powerhouse Besai Kemu engineering forecast reference for PLTM Besai Kemu. The catchment polygon remains pending.,29-08-2026,CMA,Open-Meteo / CMA GRAPES,yes,1.0,1.0,1.0,24,24,200,606,,,,
pltm_besai_kemu_powerhouse,Powerhouse Besai Kemu,2026-08-29,18.08.03.2017,Kemu,independent_site_engineering_point,yes,-4.837533333,104.510075,Asia/Jakarta,Powerhouse Besai Kemu engineering forecast reference for PLTM Besai Kemu. The catchment polygon remains pending.,29-08-2026,ECMWF,Open-Meteo / ECMWF,yes,1.0,1.0,1.0,24,24,200,642,,,,
pltm_besai_kemu_powerhouse,Powerhouse Besai Kemu,2026-08-29,18.08.03.2017,Kemu,independent_site_engineering_point,yes,-4.837533333,104.510075,Asia/Jakarta,Powerhouse Besai Kemu engineering forecast reference for PLTM Besai Kemu. The catchment polygon remains pending.,29-08-2026,GFS,Open-Meteo / NOAA GFS,yes,1.0,1.0,1.0,24,24,200,662,,,,
pltm_besai_kemu_powerhouse,Powerhouse Besai Kemu,2026-08-29,18.08.03.2017,Kemu,independent_site_engineering_point,yes,-4.837533333,104.510075,Asia/Jakarta,Powerhouse Besai Kemu engineering forecast reference for PLTM Besai Kemu. The catchment polygon remains pending.,29-08-2026,ICON,Open-Meteo / DWD ICON,yes,1.0,1.0,1.0,24,24,200,611,,,,
pltm_besai_kemu_powerhouse,Powerhouse Besai Kemu,2026-08-29,18.08.03.2017,Kemu,independent_site_engineering_point,yes,-4.837533333,104.510075,Asia/Jakarta,Powerhouse Besai Kemu engineering forecast reference for PLTM Besai Kemu. The catchment polygon remains pending.,29-08-2026,METEOFRANCE,Open-Meteo / Meteo-France,yes,1.0,1.0,1.0,24,24,200,647,,,,
pltm_besai_kemu_powerhouse,Powerhouse Besai Kemu,2026-08-29,18.08.03.2017,Kemu,independent_site_engineering_point,yes,-4.837533333,104.510075,Asia/Jakarta,Powerhouse Besai Kemu engineering forecast reference for PLTM Besai Kemu. The catchment polygon remains pending.,29-08-2026,UKMO,Open-Meteo / UK Met Office,yes,1.0,1.0,1.0,24,24,200,664,,,,
pltm_besai_kemu_powerhouse,Powerhouse Besai Kemu,2026-08-30,18.08.03.2017,Kemu,independent_site_engineering_point,yes,-4.837533333,104.510075,Asia/Jakarta,Powerhouse Besai Kemu engineering forecast reference for PLTM Besai Kemu. The catchment polygon remains pending.,30-08-2026,BMKG,BMKG,no,1.35,0.9963,1.345,0,24,,51,,,,BMKG tidak mengembalikan kandidat untuk target date
pltm_besai_kemu_powerhouse,Powerhouse Besai Kemu,2026-08-30,18.08.03.2017,Kemu,independent_site_engineering_point,yes,-4.837533333,104.510075,Asia/Jakarta,Powerhouse Besai Kemu engineering forecast reference for PLTM Besai Kemu. The catchment polygon remains pending.,30-08-2026,CMA,Open-Meteo / CMA GRAPES,yes,1.0,1.0,1.0,24,24,200,642,,,,
pltm_besai_kemu_powerhouse,Powerhouse Besai Kemu,2026-08-30,18.08.03.2017,Kemu,independent_site_engineering_point,yes,-4.837533333,104.510075,Asia/Jakarta,Powerhouse Besai Kemu engineering forecast reference for PLTM Besai Kemu. The catchment polygon remains pending.,30-08-2026,ECMWF,Open-Meteo / ECMWF,yes,1.0,1.0,1.0,24,24,200,655,,,,
pltm_besai_kemu_powerhouse,Powerhouse Besai Kemu,2026-08-30,18.08.03.2017,Kemu,independent_site_engineering_point,yes,-4.837533333,104.510075,Asia/Jakarta,Powerhouse Besai Kemu engineering forecast reference for PLTM Besai Kemu. The catchment polygon remains pending.,30-08-2026,GFS,Open-Meteo / NOAA GFS,yes,1.0,1.0,1.0,24,24,200,669,,,,
pltm_besai_kemu_powerhouse,Powerhouse Besai Kemu,2026-08-30,18.08.03.2017,Kemu,independent_site_engineering_point,yes,-4.837533333,104.510075,Asia/Jakarta,Powerhouse Besai Kemu engineering forecast reference for PLTM Besai Kemu. The catchment polygon remains pending.,30-08-2026,ICON,Open-Meteo / DWD ICON,yes,1.0,1.0,1.0,24,24,200,648,,,,
pltm_besai_kemu_powerhouse,Powerhouse Besai Kemu,2026-08-30,18.08.03.2017,Kemu,independent_site_engineering_point,yes,-4.837533333,104.510075,Asia/Jakarta,Powerhouse Besai Kemu engineering forecast reference for PLTM Besai Kemu. The catchment polygon remains pending.,30-08-2026,METEOFRANCE,Open-Meteo / Meteo-France,yes,1.0,1.0,1.0,24,24,200,674,,,,
pltm_besai_kemu_powerhouse,Powerhouse Besai Kemu,2026-08-30,18.08.03.2017,Kemu,independent_site_engineering_point,yes,-4.837533333,104.510075,Asia/Jakarta,Powerhouse Besai Kemu engineering forecast reference for PLTM Besai Kemu. The catchment polygon remains pending.,30-08-2026,UKMO,Open-Meteo / UK Met Office,yes,1.0,1.0,1.0,24,24,200,695,,,,
pltm_besai_kemu_sumberjaya,Stasiun Hujan Sumberjaya,2026-08-27,18.08.03.2017,Kemu,independent_site_engineering_point,yes,-5.009188889,104.483483333,Asia/Jakarta,Stasiun Hujan Sumberjaya engineering forecast reference for PLTM Besai Kemu. The catchment polygon remains pending.,27-08-2026,BMKG,BMKG,yes,1.35,1.0,1.35,20,24,200,26,,,,
pltm_besai_kemu_sumberjaya,Stasiun Hujan Sumberjaya,2026-08-27,18.08.03.2017,Kemu,independent_site_engineering_point,yes,-5.009188889,104.483483333,Asia/Jakarta,Stasiun Hujan Sumberjaya engineering forecast reference for PLTM Besai Kemu. The catchment polygon remains pending.,27-08-2026,CMA,Open-Meteo / CMA GRAPES,yes,1.0,1.0,1.0,24,24,200,643,,,,
pltm_besai_kemu_sumberjaya,Stasiun Hujan Sumberjaya,2026-08-27,18.08.03.2017,Kemu,independent_site_engineering_point,yes,-5.009188889,104.483483333,Asia/Jakarta,Stasiun Hujan Sumberjaya engineering forecast reference for PLTM Besai Kemu. The catchment polygon remains pending.,27-08-2026,ECMWF,Open-Meteo / ECMWF,yes,1.0,1.0,1.0,24,24,200,668,,,,
pltm_besai_kemu_sumberjaya,Stasiun Hujan Sumberjaya,2026-08-27,18.08.03.2017,Kemu,independent_site_engineering_point,yes,-5.009188889,104.483483333,Asia/Jakarta,Stasiun Hujan Sumberjaya engineering forecast reference for PLTM Besai Kemu. The catchment polygon remains pending.,27-08-2026,GFS,Open-Meteo / NOAA GFS,yes,1.0,1.0,1.0,24,24,200,643,,,,
pltm_besai_kemu_sumberjaya,Stasiun Hujan Sumberjaya,2026-08-27,18.08.03.2017,Kemu,independent_site_engineering_point,yes,-5.009188889,104.483483333,Asia/Jakarta,Stasiun Hujan Sumberjaya engineering forecast reference for PLTM Besai Kemu. The catchment polygon remains pending.,27-08-2026,ICON,Open-Meteo / DWD ICON,yes,1.0,1.0,1.0,24,24,200,685,,,,
pltm_besai_kemu_sumberjaya,Stasiun Hujan Sumberjaya,2026-08-27,18.08.03.2017,Kemu,independent_site_engineering_point,yes,-5.009188889,104.483483333,Asia/Jakarta,Stasiun Hujan Sumberjaya engineering forecast reference for PLTM Besai Kemu. The catchment polygon remains pending.,27-08-2026,METEOFRANCE,Open-Meteo / Meteo-France,yes,1.0,1.0,1.0,24,24,200,676,,,,
pltm_besai_kemu_sumberjaya,Stasiun Hujan Sumberjaya,2026-08-27,18.08.03.2017,Kemu,independent_site_engineering_point,yes,-5.009188889,104.483483333,Asia/Jakarta,Stasiun Hujan Sumberjaya engineering forecast reference for PLTM Besai Kemu. The catchment polygon remains pending.,27-08-2026,UKMO,Open-Meteo / UK Met Office,yes,1.0,1.0,1.0,24,24,200,653,,,,
pltm_besai_kemu_sumberjaya,Stasiun Hujan Sumberjaya,2026-08-28,18.08.03.2017,Kemu,independent_site_engineering_point,yes,-5.009188889,104.483483333,Asia/Jakarta,Stasiun Hujan Sumberjaya engineering forecast reference for PLTM Besai Kemu. The catchment polygon remains pending.,28-08-2026,BMKG,BMKG,yes,1.35,0.9913,1.3383,24,24,200,20,,,,
pltm_besai_kemu_sumberjaya,Stasiun Hujan Sumberjaya,2026-08-28,18.08.03.2017,Kemu,independent_site_engineering_point,yes,-5.009188889,104.483483333,Asia/Jakarta,Stasiun Hujan Sumberjaya engineering forecast reference for PLTM Besai Kemu. The catchment polygon remains pending.,28-08-2026,CMA,Open-Meteo / CMA GRAPES,yes,1.0,1.0,1.0,24,24,200,670,,,,
pltm_besai_kemu_sumberjaya,Stasiun Hujan Sumberjaya,2026-08-28,18.08.03.2017,Kemu,independent_site_engineering_point,yes,-5.009188889,104.483483333,Asia/Jakarta,Stasiun Hujan Sumberjaya engineering forecast reference for PLTM Besai Kemu. The catchment polygon remains pending.,28-08-2026,ECMWF,Open-Meteo / ECMWF,yes,1.0,1.0,1.0,24,24,200,644,,,,
pltm_besai_kemu_sumberjaya,Stasiun Hujan Sumberjaya,2026-08-28,18.08.03.2017,Kemu,independent_site_engineering_point,yes,-5.009188889,104.483483333,Asia/Jakarta,Stasiun Hujan Sumberjaya engineering forecast reference for PLTM Besai Kemu. The catchment polygon remains pending.,28-08-2026,GFS,Open-Meteo / NOAA GFS,yes,1.0,1.0,1.0,24,24,200,649,,,,
pltm_besai_kemu_sumberjaya,Stasiun Hujan Sumberjaya,2026-08-28,18.08.03.2017,Kemu,independent_site_engineering_point,yes,-5.009188889,104.483483333,Asia/Jakarta,Stasiun Hujan Sumberjaya engineering forecast reference for PLTM Besai Kemu. The catchment polygon remains pending.,28-08-2026,ICON,Open-Meteo / DWD ICON,yes,1.0,1.0,1.0,24,24,200,640,,,,
pltm_besai_kemu_sumberjaya,Stasiun Hujan Sumberjaya,2026-08-28,18.08.03.2017,Kemu,independent_site_engineering_point,yes,-5.009188889,104.483483333,Asia/Jakarta,Stasiun Hujan Sumberjaya engineering forecast reference for PLTM Besai Kemu. The catchment polygon remains pending.,28-08-2026,METEOFRANCE,Open-Meteo / Meteo-France,yes,1.0,1.0,1.0,24,24,200,663,,,,
pltm_besai_kemu_sumberjaya,Stasiun Hujan Sumberjaya,2026-08-28,18.08.03.2017,Kemu,independent_site_engineering_point,yes,-5.009188889,104.483483333,Asia/Jakarta,Stasiun Hujan Sumberjaya engineering forecast reference for PLTM Besai Kemu. The catchment polygon remains pending.,28-08-2026,UKMO,Open-Meteo / UK Met Office,yes,1.0,1.0,1.0,24,24,200,676,,,,
pltm_besai_kemu_sumberjaya,Stasiun Hujan Sumberjaya,2026-08-29,18.08.03.2017,Kemu,independent_site_engineering_point,yes,-5.009188889,104.483483333,Asia/Jakarta,Stasiun Hujan Sumberjaya engineering forecast reference for PLTM Besai Kemu. The catchment polygon remains pending.,29-08-2026,BMKG,BMKG,yes,1.35,0.9943,1.3423,24,24,200,27,,,,
pltm_besai_kemu_sumberjaya,Stasiun Hujan Sumberjaya,2026-08-29,18.08.03.2017,Kemu,independent_site_engineering_point,yes,-5.009188889,104.483483333,Asia/Jakarta,Stasiun Hujan Sumberjaya engineering forecast reference for PLTM Besai Kemu. The catchment polygon remains pending.,29-08-2026,CMA,Open-Meteo / CMA GRAPES,yes,1.0,1.0,1.0,24,24,200,771,,,,
pltm_besai_kemu_sumberjaya,Stasiun Hujan Sumberjaya,2026-08-29,18.08.03.2017,Kemu,independent_site_engineering_point,yes,-5.009188889,104.483483333,Asia/Jakarta,Stasiun Hujan Sumberjaya engineering forecast reference for PLTM Besai Kemu. The catchment polygon remains pending.,29-08-2026,ECMWF,Open-Meteo / ECMWF,yes,1.0,1.0,1.0,24,24,200,658,,,,
pltm_besai_kemu_sumberjaya,Stasiun Hujan Sumberjaya,2026-08-29,18.08.03.2017,Kemu,independent_site_engineering_point,yes,-5.009188889,104.483483333,Asia/Jakarta,Stasiun Hujan Sumberjaya engineering forecast reference for PLTM Besai Kemu. The catchment polygon remains pending.,29-08-2026,GFS,Open-Meteo / NOAA GFS,yes,1.0,1.0,1.0,24,24,200,643,,,,
pltm_besai_kemu_sumberjaya,Stasiun Hujan Sumberjaya,2026-08-29,18.08.03.2017,Kemu,independent_site_engineering_point,yes,-5.009188889,104.483483333,Asia/Jakarta,Stasiun Hujan Sumberjaya engineering forecast reference for PLTM Besai Kemu. The catchment polygon remains pending.,29-08-2026,ICON,Open-Meteo / DWD ICON,yes,1.0,1.0,1.0,24,24,200,653,,,,
pltm_besai_kemu_sumberjaya,Stasiun Hujan Sumberjaya,2026-08-29,18.08.03.2017,Kemu,independent_site_engineering_point,yes,-5.009188889,104.483483333,Asia/Jakarta,Stasiun Hujan Sumberjaya engineering forecast reference for PLTM Besai Kemu. The catchment polygon remains pending.,29-08-2026,METEOFRANCE,Open-Meteo / Meteo-France,yes,1.0,1.0,1.0,24,24,200,640,,,,
pltm_besai_kemu_sumberjaya,Stasiun Hujan Sumberjaya,2026-08-29,18.08.03.2017,Kemu,independent_site_engineering_point,yes,-5.009188889,104.483483333,Asia/Jakarta,Stasiun Hujan Sumberjaya engineering forecast reference for PLTM Besai Kemu. The catchment polygon remains pending.,29-08-2026,UKMO,Open-Meteo / UK Met Office,yes,1.0,1.0,1.0,24,24,200,654,,,,
pltm_besai_kemu_sumberjaya,Stasiun Hujan Sumberjaya,2026-08-30,18.08.03.2017,Kemu,independent_site_engineering_point,yes,-5.009188889,104.483483333,Asia/Jakarta,Stasiun Hujan Sumberjaya engineering forecast reference for PLTM Besai Kemu. The catchment polygon remains pending.,30-08-2026,BMKG,BMKG,no,1.35,0.9963,1.345,0,24,,50,,,,BMKG tidak mengembalikan kandidat untuk target date
pltm_besai_kemu_sumberjaya,Stasiun Hujan Sumberjaya,2026-08-30,18.08.03.2017,Kemu,independent_site_engineering_point,yes,-5.009188889,104.483483333,Asia/Jakarta,Stasiun Hujan Sumberjaya engineering forecast reference for PLTM Besai Kemu. The catchment polygon remains pending.,30-08-2026,CMA,Open-Meteo / CMA GRAPES,yes,1.0,1.0,1.0,24,24,200,662,,,,
pltm_besai_kemu_sumberjaya,Stasiun Hujan Sumberjaya,2026-08-30,18.08.03.2017,Kemu,independent_site_engineering_point,yes,-5.009188889,104.483483333,Asia/Jakarta,Stasiun Hujan Sumberjaya engineering forecast reference for PLTM Besai Kemu. The catchment polygon remains pending.,30-08-2026,ECMWF,Open-Meteo / ECMWF,yes,1.0,1.0,1.0,24,24,200,663,,,,
pltm_besai_kemu_sumberjaya,Stasiun Hujan Sumberjaya,2026-08-30,18.08.03.2017,Kemu,independent_site_engineering_point,yes,-5.009188889,104.483483333,Asia/Jakarta,Stasiun Hujan Sumberjaya engineering forecast reference for PLTM Besai Kemu. The catchment polygon remains pending.,30-08-2026,GFS,Open-Meteo / NOAA GFS,yes,1.0,1.0,1.0,24,24,200,711,,,,
pltm_besai_kemu_sumberjaya,Stasiun Hujan Sumberjaya,2026-08-30,18.08.03.2017,Kemu,independent_site_engineering_point,yes,-5.009188889,104.483483333,Asia/Jakarta,Stasiun Hujan Sumberjaya engineering forecast reference for PLTM Besai Kemu. The catchment polygon remains pending.,30-08-2026,ICON,Open-Meteo / DWD ICON,yes,1.0,1.0,1.0,24,24,200,664,,,,
pltm_besai_kemu_sumberjaya,Stasiun Hujan Sumberjaya,2026-08-30,18.08.03.2017,Kemu,independent_site_engineering_point,yes,-5.009188889,104.483483333,Asia/Jakarta,Stasiun Hujan Sumberjaya engineering forecast reference for PLTM Besai Kemu. The catchment polygon remains pending.,30-08-2026,METEOFRANCE,Open-Meteo / Meteo-France,yes,1.0,1.0,1.0,24,24,200,752,,,,
pltm_besai_kemu_sumberjaya,Stasiun Hujan Sumberjaya,2026-08-30,18.08.03.2017,Kemu,independent_site_engineering_point,yes,-5.009188889,104.483483333,Asia/Jakarta,Stasiun Hujan Sumberjaya engineering forecast reference for PLTM Besai Kemu. The catchment polygon remains pending.,30-08-2026,UKMO,Open-Meteo / UK Met Office,yes,1.0,1.0,1.0,24,24,200,659,,,,
