lead_day,n_samples,mae_m3s,rmse_m3s,bias_m3s,nse,kge,correlation
1,2,2.485643274785863,2.497113766701467,2.485643274785863,-202.6106829012245,-1.1828675653696217,-0.9999999999999999
2,1,4.101583746793735,4.101583746793735,4.101583746793735,,,
