lead_day,n_samples,mae_m3s,rmse_m3s,bias_m3s,nse,kge,correlation
1,2538,3.359759370298187,6.164342029759036,-0.10797338806388015,0.9179703147511686,0.9383480780395459,0.9581261885910374
2,2537,5.499627576909898,9.772723653502172,-0.21062664406990095,0.793909350219038,0.8605498292839946,0.8913314028599502
3,2536,6.8477001532072155,11.716135438083638,-0.30641050869190406,0.7039081846203459,0.7957595968268967,0.8398009021685843
