lead_day,n_samples,mae_m3s,rmse_m3s,bias_m3s,nse,kge,correlation
1,5,2.1137793398244797,2.253569730977137,2.1137793398244797,-4.030804017426882,0.2556800556597665,0.6404851245709009
2,4,3.4800584765102953,3.794539303150023,3.4800584765102953,-11.222664981478662,-0.7997230886885835,-0.5927256000610226
3,3,5.648737920924852,5.80534758387199,5.648737920924852,-28.86535762648582,-0.6034235582733121,-0.1391597525933993
