lead_day,n_samples,mae_m3s,rmse_m3s,bias_m3s,nse,kge,correlation
1,7,2.800852095456438,3.077552399599428,1.564098018329482,0.1567739152016866,0.5734589883857665,0.6562593079941337
2,6,3.074066025251358,3.4700972190426485,1.5660119434290356,-0.015819701395633823,0.07192369522269526,0.5363598298411605
3,5,4.128389154743546,4.74474098482351,2.650096350366276,-0.9410665089156414,-0.8673617347552876,-0.6622033577544907
