lead_day,n_samples,mae_m3s,rmse_m3s,bias_m3s,nse,kge,correlation
1,2538,3.3597593702981885,6.164342029759036,-0.10797338806387882,0.9179703147511686,0.938348078039546,0.9581261885910374
2,2537,5.499627576909898,9.772723653502172,-0.2106266440698981,0.793909350219038,0.860549829283995,0.8913314028599502
3,2536,6.8477001532072155,11.716135438083638,-0.3064105086918998,0.7039081846203459,0.7957595968268969,0.8398009021685842
