lead_day,n_samples,mae_m3s,rmse_m3s,bias_m3s,nse,kge,correlation
1,2557,4.07099445338585,6.663402174310322,0.11965036486920094,0.9414515271415993,0.9605667591937774,0.9703022448435158
2,2556,6.747234503313975,10.901861367471971,0.23202768314177263,0.8433376914548105,0.9042716233362798,0.918887573581109
3,2555,8.677074526452818,13.581617523844354,0.33606328408035196,0.7569490933702958,0.8514454653764929,0.8717803822453525
