lead_day,n_samples,mae_m3s,rmse_m3s,bias_m3s,nse,kge,correlation
1,4,2.310301622219333,2.4305411623495106,2.310301622219333,-17.209232771442746,-0.8462952447725083,-0.6740444156150375
2,3,4.232174429363794,4.324220408201459,4.232174429363794,-42.551042712166556,-0.4877063500288936,-0.11991761038406008
3,2,6.595185970375567,6.595446683760125,6.595185970375567,-89.0572785224832,-0.42235126469065887,0.9999999999999999
