lead_day,n_samples,mae_m3s,rmse_m3s,bias_m3s,nse,kge,correlation
1,1,2.2465728367099738,2.2465728367099738,2.2465728367099738,,,
