lead_day,n_samples,mae_m3s,rmse_m3s,bias_m3s,nse,kge,correlation
1,6,2.482922661511124,2.712010342629804,1.0400429048630084,0.268049340884724,0.22132462971358047,0.8769289716708482
2,5,3.533828509920757,3.7854571747776897,2.0342650524957153,-0.27778881710329606,-0.0946770737992284,0.3402988431581368
3,4,5.078792698130277,5.30226492116774,3.3943141832570003,-1.3614207906603175,-0.9225991254057249,-0.7017447413357158
