lead_day,n_samples,mae_m3s,rmse_m3s,bias_m3s,nse,kge,correlation
1,3,2.7056348158159635,2.7304496752451377,2.7056348158159635,-272.8701994343536,-0.8559664701121965,-0.6805762356170665
2,2,4.740031652879803,4.782835539623762,4.740031652879803,,,
3,1,6.65382874046458,6.65382874046458,6.65382874046458,,,
